epoch	method	glm	Hem	roi	weight	noise	weight_sum	BF	component	participant_id	cluster
plan	raw	12	L	SMA	0.0006351893666530599	1.517073759880988	0.006418012650482326	-0.998689272090385	expectation	102	premotor-parietal
plan	raw	12	L	SMA	0.009347137563888915	1.1485673079628638	0.02597245088824659	0.25734922221724676	expectation	103	premotor-parietal
plan	raw	12	L	SMA	0.002237369341994762	1.0995499733927432	0.027649731208964863	-0.9132657429016202	expectation	104	premotor-parietal
plan	raw	12	L	SMA	0.0034135260724718177	0.6748791869659759	0.004806747629170595	-0.5210997501741729	expectation	105	premotor-parietal
plan	raw	12	L	SMA	8.841229257386785e-05	1.0019473607773521	8.841229257386785e-05	-0.9998440462551181	expectation	106	premotor-parietal
plan	raw	12	L	SMA	0.02128465028438816	1.3858096669374684	0.02128465028438826	3.7553877529423487	expectation	107	premotor-parietal
plan	raw	12	L	SMA	0.010137791247941962	1.1253046044221213	0.015896493485016858	0.4784844255693203	expectation	108	premotor-parietal
plan	raw	12	L	SMA	0.018281436280008844	1.4173684904738524	0.028854133002314354	0.5336274564993	expectation	109	premotor-parietal
plan	raw	12	L	SMA	0.003006114157448066	1.5449997314793371	0.014023458615879187	-0.9270344799378308	expectation	110	premotor-parietal
plan	raw	12	L	SMA	3.665121314471604e-26	0.9423964672303028	0.009758213823690527	-0.9999999999860918	expectation	111	premotor-parietal
plan	raw	12	L	SMA	0.036069451734092914	1.32127019506082	0.06917067249522713	10.792778868333166	expectation	112	premotor-parietal
plan	raw	12	L	SMA	0.017042172968302006	2.011298259748053	0.017042172968302006	-0.4829339070922535	expectation	113	premotor-parietal
plan	raw	12	L	SMA	0.010380579953660166	1.2821577822445942	0.052905971763025715	0.3408190323249165	expectation	114	premotor-parietal
plan	raw	12	L	SMA	0.010212195361403486	0.7686330792367655	0.013205577623226224	2.540469203248607	expectation	115	premotor-parietal
plan	raw	12	L	SMA	0.005782823283829266	1.517073759880988	0.006418012650482326	-0.836566600763738	uncertainty	102	premotor-parietal
plan	raw	12	L	SMA	0.016625313324357672	1.1485673079628638	0.02597245088824659	2.790997369178031	uncertainty	103	premotor-parietal
plan	raw	12	L	SMA	0.0254123618669701	1.0995499733927432	0.027649731208964863	8.784370907918554	uncertainty	104	premotor-parietal
plan	raw	12	L	SMA	0.0013932215566987776	0.6748791869659759	0.004806747629170595	-0.9237382451054293	uncertainty	105	premotor-parietal
plan	raw	12	L	SMA	1.741310394596182e-141	1.0019473607773521	8.841229257386785e-05	-0.9999994572902466	uncertainty	106	premotor-parietal
plan	raw	12	L	SMA	9.936855877701499e-17	1.3858096669374684	0.02128465028438826	-1.000000000017857	uncertainty	107	premotor-parietal
plan	raw	12	L	SMA	0.005758702237074896	1.1253046044221213	0.015896493485016858	-0.5205656546176675	uncertainty	108	premotor-parietal
plan	raw	12	L	SMA	0.010572696722305512	1.4173684904738524	0.028854133002314354	-0.48471962774708977	uncertainty	109	premotor-parietal
plan	raw	12	L	SMA	0.011017344458431121	1.5449997314793371	0.014023458615879187	0.02921366824497129	uncertainty	110	premotor-parietal
plan	raw	12	L	SMA	0.009758213823690527	0.9423964672303028	0.009758213823690527	1.178108009591032	uncertainty	111	premotor-parietal
plan	raw	12	L	SMA	0.03310122076113422	1.32127019506082	0.06917067249522713	9.058679100862292	uncertainty	112	premotor-parietal
plan	raw	12	L	SMA	0.0	2.011298259748053	0.017042172968302006	-1.0001125269185842	uncertainty	113	premotor-parietal
plan	raw	12	L	SMA	0.04252539180936555	1.2821577822445942	0.052905971763025715	18.293407524455336	uncertainty	114	premotor-parietal
plan	raw	12	L	SMA	0.0029933822618227373	0.7686330792367655	0.013205577623226224	-0.6776173628912037	uncertainty	115	premotor-parietal
plan	raw	12	L	PMd	1.3405431248130915e-07	1.490782923684119	0.009346298660493484	-1.000015394333565	expectation	102	premotor-parietal
plan	raw	12	L	PMd	0.02037881552195611	1.3324877585366075	0.039369342517431405	5.884316441943878	expectation	103	premotor-parietal
plan	raw	12	L	PMd	0.02727669876892688	1.145530454465941	0.08269967082045586	16.719690965284826	expectation	104	premotor-parietal
plan	raw	12	L	PMd	0.011058206563247993	0.6384470328575272	0.029947441996732688	7.222141143650568	expectation	105	premotor-parietal
plan	raw	12	L	PMd	0.012769355574291394	1.155715002264049	0.024644106024491436	2.9466579354128544	expectation	106	premotor-parietal
plan	raw	12	L	PMd	0.0419546308545653	1.302663051268497	0.0703498257998561	31.740056391787956	expectation	107	premotor-parietal
plan	raw	12	L	PMd	0.016550928759941123	1.2851006200068897	0.03385881873707902	3.672979363032479	expectation	108	premotor-parietal
plan	raw	12	L	PMd	0.03209567774616354	1.772945540991953	0.06774660702116306	4.289630521048592	expectation	109	premotor-parietal
plan	raw	12	L	PMd	0.030364087608175064	1.9753129825846987	0.04103926557472773	6.992538532257559	expectation	110	premotor-parietal
plan	raw	12	L	PMd	0.0033638670933776207	0.9494863985076744	0.027075828708828922	-0.5399654942160421	expectation	111	premotor-parietal
plan	raw	12	L	PMd	0.027736884978747937	1.6879643769214772	0.10086360447233454	7.754040177234856	expectation	112	premotor-parietal
plan	raw	12	L	PMd	0.1066742653796053	2.426819568108877	0.14688477116257742	19.998018092057276	expectation	113	premotor-parietal
plan	raw	12	L	PMd	0.03917970009447221	1.3037468340064648	0.14908843613416076	26.543774992351246	expectation	114	premotor-parietal
plan	raw	12	L	PMd	0.012626485477229348	0.8553843662065921	0.0179691780609839	6.094165993457389	expectation	115	premotor-parietal
plan	raw	12	L	PMd	0.009346164606181004	1.490782923684119	0.009346298660493484	-0.29324741313794145	uncertainty	102	premotor-parietal
plan	raw	12	L	PMd	0.0189905269954753	1.3324877585366075	0.039369342517431405	5.017705339679	uncertainty	103	premotor-parietal
plan	raw	12	L	PMd	0.05542297205152898	1.145530454465941	0.08269967082045586	63.193375553764305	uncertainty	104	premotor-parietal
plan	raw	12	L	PMd	0.018889235433484693	0.6384470328575272	0.029947441996732688	21.354484106288997	uncertainty	105	premotor-parietal
plan	raw	12	L	PMd	0.01187475045020004	1.155715002264049	0.024644106024491436	2.434046587850647	uncertainty	106	premotor-parietal
plan	raw	12	L	PMd	0.028395194945290803	1.302663051268497	0.0703498257998561	14.901054143418104	uncertainty	107	premotor-parietal
plan	raw	12	L	PMd	0.0173078899771379	1.2851006200068897	0.03385881873707902	4.090972393125151	uncertainty	108	premotor-parietal
plan	raw	12	L	PMd	0.035650929274999514	1.772945540991953	0.06774660702116306	5.464695240765836	uncertainty	109	premotor-parietal
plan	raw	12	L	PMd	0.010675177966552662	1.9753129825846987	0.04103926557472773	0.062052354934011844	uncertainty	110	premotor-parietal
plan	raw	12	L	PMd	0.0237119616154513	0.9494863985076744	0.027075828708828922	18.938778234803536	uncertainty	111	premotor-parietal
plan	raw	12	L	PMd	0.07312671949358661	1.6879643769214772	0.10086360447233454	51.436229335291145	uncertainty	112	premotor-parietal
plan	raw	12	L	PMd	0.04021050578297213	2.426819568108877	0.14688477116257742	2.3125041276616467	uncertainty	113	premotor-parietal
plan	raw	12	L	PMd	0.10990873603968855	1.3037468340064648	0.14908843613416076	166.5315315902166	uncertainty	114	premotor-parietal
plan	raw	12	L	PMd	0.005342692583754552	0.8553843662065921	0.0179691780609839	0.3532314447635456	uncertainty	115	premotor-parietal
plan	raw	12	L	PMv	2.7322193760100778e-08	1.5828467406865756	0.01867469120336152	-1.0000017497886171	expectation	102	premotor-parietal
plan	raw	12	L	PMv	0.0017997783677563299	1.153054847528073	0.032538085295866805	-0.970318625381352	expectation	103	premotor-parietal
plan	raw	12	L	PMv	0.008025448331106334	1.1048791212912044	0.03745762356491894	-0.3756184184385737	expectation	104	premotor-parietal
plan	raw	12	L	PMv	0.01733221440864574	0.6966186793549044	0.037672128421358454	5.727906819042363	expectation	105	premotor-parietal
plan	raw	12	L	PMv	0.02239699915353578	0.9775839089844783	0.02239699915353578	5.982049043744086	expectation	106	premotor-parietal
plan	raw	12	L	PMv	0.005935609949591208	1.2287067299378434	0.019270339238525423	-0.6987807587097543	expectation	107	premotor-parietal
plan	raw	12	L	PMv	0.00225471068567376	1.0218521705917933	0.009273647094223507	-0.953686950182625	expectation	108	premotor-parietal
plan	raw	12	L	PMv	0.0011018080391494278	1.2628426112994664	0.014922456118597185	-0.9968313766468095	expectation	109	premotor-parietal
plan	raw	12	L	PMv	1.2330687420170953e-14	1.4880503792052566	0.003833609049122232	-0.9999999999932485	expectation	110	premotor-parietal
plan	raw	12	L	PMv	0.005736764894976332	0.9321678664216522	0.010928661267595598	-0.5373126186127293	expectation	111	premotor-parietal
plan	raw	12	L	PMv	0.01835139953672747	1.3769525472750663	0.07398507407848734	1.1824492002950233	expectation	112	premotor-parietal
plan	raw	12	L	PMv	0.0500611170206733	1.3177141340760397	0.05759542766349242	4.534346359225388	expectation	113	premotor-parietal
plan	raw	12	L	PMv	0.013995773661195582	1.1909770258576693	0.05965878971836191	0.7290586243488113	expectation	114	premotor-parietal
plan	raw	12	L	PMv	0.017521871646852927	0.6989761813640254	0.0214283469298107	6.195469796799599	expectation	115	premotor-parietal
plan	raw	12	L	PMv	0.018674663881167758	1.5828467406865756	0.01867469120336152	0.08026585535050001	uncertainty	102	premotor-parietal
plan	raw	12	L	PMv	0.030738306928110474	1.153054847528073	0.032538085295866805	6.4261345995585515	uncertainty	103	premotor-parietal
plan	raw	12	L	PMv	0.029432175233812606	1.1048791212912044	0.03745762356491894	6.404283904687808	uncertainty	104	premotor-parietal
plan	raw	12	L	PMv	0.020339914012712713	0.6966186793549044	0.037672128421358454	8.041822441055603	uncertainty	105	premotor-parietal
plan	raw	12	L	PMv	7.877953490759019e-44	0.9775839089844783	0.02239699915353578	-1.0000000000036289	uncertainty	106	premotor-parietal
plan	raw	12	L	PMv	0.013334729288934215	1.2287067299378434	0.019270339238525423	0.5043085696566691	uncertainty	107	premotor-parietal
plan	raw	12	L	PMv	0.007018936408549748	1.0218521705917933	0.009273647094223507	-0.5175176058868627	uncertainty	108	premotor-parietal
plan	raw	12	L	PMv	0.013820648079447757	1.2628426112994664	0.014922456118597185	-0.21626728047165034	uncertainty	109	premotor-parietal
plan	raw	12	L	PMv	0.003833609049109901	1.4880503792052566	0.003833609049122232	-0.9184402008002259	uncertainty	110	premotor-parietal
plan	raw	12	L	PMv	0.005191896372619265	0.9321678664216522	0.010928661267595598	-0.6217349004129145	uncertainty	111	premotor-parietal
plan	raw	12	L	PMv	0.05563367454175987	1.3769525472750663	0.07398507407848734	16.12305861212559	uncertainty	112	premotor-parietal
plan	raw	12	L	PMv	0.007534310642819117	1.3177141340760397	0.05759542766349242	-0.857827491858884	uncertainty	113	premotor-parietal
plan	raw	12	L	PMv	0.04566301605716633	1.1909770258576693	0.05965878971836191	14.70782545810287	uncertainty	114	premotor-parietal
plan	raw	12	L	PMv	0.003906475282957774	0.6989761813640254	0.0214283469298107	-0.5941267185055132	uncertainty	115	premotor-parietal
plan	raw	12	L	M1	1.8632533197887294e-08	1.421410262978247	0.017396340185461406	-1.0000018991721136	expectation	102	M1-S1
plan	raw	12	L	M1	0.03357301524935265	1.060486431295574	0.050111239531324805	8.38614377264973	expectation	103	M1-S1
plan	raw	12	L	M1	0.06244245425190314	0.9857775118015113	0.07644610949504246	37.54974260083466	expectation	104	M1-S1
plan	raw	12	L	M1	0.006736830161193443	0.6043423361394247	0.011938818702896727	0.4391981372580135	expectation	105	M1-S1
plan	raw	12	L	M1	0.01221502540203892	0.9026311740222853	0.01221502540203892	1.093534115007687	expectation	106	M1-S1
plan	raw	12	L	M1	0.07035940130197677	1.1211790759833586	0.07035940130197821	37.510883571086545	expectation	107	M1-S1
plan	raw	12	L	M1	5.4313293556794845e-25	0.9707157692910067	0.011219272271297414	-1.0000000000001712	expectation	108	M1-S1
plan	raw	12	L	M1	0.05632953734243559	1.1522334040601365	0.07378949728292715	11.547382874863386	expectation	109	M1-S1
plan	raw	12	L	M1	0.11881029562233723	1.4541746691700854	0.11881029583859438	57.8231267210761	expectation	110	M1-S1
plan	raw	12	L	M1	0.03599862134031528	0.8883893478664758	0.04570309077517448	18.137527913057333	expectation	111	M1-S1
plan	raw	12	L	M1	0.02087676951069773	1.2828332462638847	0.049236962930529996	2.071148487789741	expectation	112	M1-S1
plan	raw	12	L	M1	0.04898487187253182	1.3042617925054214	0.04898487187253182	4.088709856991534	expectation	113	M1-S1
plan	raw	12	L	M1	0.1346705404160887	1.06057475192121	0.18042107404736324	118.28848785068168	expectation	114	M1-S1
plan	raw	12	L	M1	0.02003034837505314	0.6728802167149586	0.03437225702019583	7.874877707786834	expectation	115	M1-S1
plan	raw	12	L	M1	0.01739632155292821	1.421410262978247	0.017396340185461406	0.07063117989957834	uncertainty	102	M1-S1
plan	raw	12	L	M1	0.016538224281972158	1.060486431295574	0.050111239531324805	1.5129354780774102	uncertainty	103	M1-S1
plan	raw	12	L	M1	0.014003655243139325	0.9857775118015113	0.07644610949504246	1.51997342147115	uncertainty	104	M1-S1
plan	raw	12	L	M1	0.005201988541703284	0.6043423361394247	0.011938818702896727	-0.13209469565275822	uncertainty	105	M1-S1
plan	raw	12	L	M1	1.8584328082419663e-58	0.9026311740222853	0.01221502540203892	-1.0000000000004636	uncertainty	106	M1-S1
plan	raw	12	L	M1	1.4386604689497066e-15	1.1211790759833586	0.07035940130197821	-0.9999999999890861	uncertainty	107	M1-S1
plan	raw	12	L	M1	0.011219272271297414	0.9707157692910067	0.011219272271297414	0.18868154644126145	uncertainty	108	M1-S1
plan	raw	12	L	M1	0.017459959940491557	1.1522334040601365	0.07378949728292715	0.4011464587627277	uncertainty	109	M1-S1
plan	raw	12	L	M1	2.1625715412120435e-10	1.4541746691700854	0.11881029583859438	-0.9999999999927239	uncertainty	110	M1-S1
plan	raw	12	L	M1	0.009704469434859206	0.8883893478664758	0.04570309077517448	0.6560331559481285	uncertainty	111	M1-S1
plan	raw	12	L	M1	0.02836019341983226	1.2828332462638847	0.049236962930529996	4.451832936723688	uncertainty	112	M1-S1
plan	raw	12	L	M1	0.0	1.3042617925054214	0.04898487187253182	-0.9999999999982112	uncertainty	113	M1-S1
plan	raw	12	L	M1	0.04575053363127455	1.06057475192121	0.18042107404736324	18.528008721466904	uncertainty	114	M1-S1
plan	raw	12	L	M1	0.014341908645142688	0.6728802167149586	0.03437225702019583	3.778786220206662	uncertainty	115	M1-S1
plan	raw	12	L	S1	1.6123633254720203e-11	1.4690498450009764	0.020327743306867922	-1.0000000000022076	expectation	102	M1-S1
plan	raw	12	L	S1	0.0775078529684553	1.4089453952452187	0.09631497427979746	61.07607258883414	expectation	103	M1-S1
plan	raw	12	L	S1	0.1507388037219704	1.06664296490365	0.16557242101103584	253.931925811133	expectation	104	M1-S1
plan	raw	12	L	S1	0.022625463364745666	0.6289383584831478	0.027552863151470312	24.585731950492274	expectation	105	M1-S1
plan	raw	12	L	S1	0.05182342550540561	1.0603876357280324	0.05182342550540561	43.667805759001	expectation	106	M1-S1
plan	raw	12	L	S1	0.1524078157028966	1.2209327270564663	0.1524078157028966	212.91901221548127	expectation	107	M1-S1
plan	raw	12	L	S1	0.019712340945703403	1.0860159138230436	0.024832205851243006	6.123051535104961	expectation	108	M1-S1
plan	raw	12	L	S1	0.07725195872968404	1.5180366448286007	0.11205138287067395	25.354196811586334	expectation	109	M1-S1
plan	raw	12	L	S1	0.1386767755213627	1.8833092434953824	0.16006112441462117	93.09774060916659	expectation	110	M1-S1
plan	raw	12	L	S1	0.05172092332309014	0.8339634678466765	0.06658080053479645	76.19925615537063	expectation	111	M1-S1
plan	raw	12	L	S1	0.026195358934396985	1.4925888328149037	0.06829029878281623	7.302726798111297	expectation	112	M1-S1
plan	raw	12	L	S1	0.08447839785512518	1.622238076036143	0.08447839785512518	17.99938161425962	expectation	113	M1-S1
plan	raw	12	L	S1	0.1127651124709701	1.2331668465878913	0.13217770173629986	145.0306909633298	expectation	114	M1-S1
plan	raw	12	L	S1	0.03717280858179948	0.7931207386322401	0.037172808581799485	41.918789911503225	expectation	115	M1-S1
plan	raw	12	L	S1	0.02032774329074429	1.4690498450009764	0.020327743306867922	1.8916385826021478	uncertainty	102	M1-S1
plan	raw	12	L	S1	0.018807121311342163	1.4089453952452187	0.09631497427979746	3.5809639665603754	uncertainty	103	M1-S1
plan	raw	12	L	S1	0.014833617289065421	1.06664296490365	0.16557242101103584	3.3309738749812823	uncertainty	104	M1-S1
plan	raw	12	L	S1	0.004927399786724647	0.6289383584831478	0.027552863151470312	0.4379197737072325	uncertainty	105	M1-S1
plan	raw	12	L	S1	8.22552478757456e-54	1.0603876357280324	0.05182342550540561	-0.999999999978172	uncertainty	106	M1-S1
plan	raw	12	L	S1	0.0	1.2209327270564663	0.1524078157028966	-1.000000000007276	uncertainty	107	M1-S1
plan	raw	12	L	S1	0.005119864905539604	1.0860159138230436	0.024832205851243006	-0.4763732578319523	uncertainty	108	M1-S1
plan	raw	12	L	S1	0.03479942414098991	1.5180366448286007	0.11205138287067395	4.986919953445243	uncertainty	109	M1-S1
plan	raw	12	L	S1	0.021384348893258468	1.8833092434953824	0.16006112441462117	2.09365173651895	uncertainty	110	M1-S1
plan	raw	12	L	S1	0.014859877211706311	0.8339634678466765	0.06658080053479645	7.02696109266617	uncertainty	111	M1-S1
plan	raw	12	L	S1	0.04209493984841925	1.4925888328149037	0.06829029878281623	19.159851685771443	uncertainty	112	M1-S1
plan	raw	12	L	S1	8.854098207871316e-37	1.622238076036143	0.08447839785512518	-0.9999999999927239	uncertainty	113	M1-S1
plan	raw	12	L	S1	0.019412589265329766	1.2331668465878913	0.13217770173629986	5.262247323509655	uncertainty	114	M1-S1
plan	raw	12	L	S1	6.384948409831704e-18	0.7931207386322401	0.037172808581799485	-1.0	uncertainty	115	M1-S1
plan	raw	12	L	SPLa	6.670641732252491e-23	1.369554476068229	0.012941449121375393	-0.9999999999982634	expectation	102	premotor-parietal
plan	raw	12	L	SPLa	0.01561683364417689	1.282344530098365	0.04771835635811769	2.0766688369390347	expectation	103	premotor-parietal
plan	raw	12	L	SPLa	0.02535266241764948	1.0349102619661248	0.06783504638322763	12.889123287175604	expectation	104	premotor-parietal
plan	raw	12	L	SPLa	0.001170132019262082	0.6129601397398069	0.009409552033131503	-0.9190425040969524	expectation	105	premotor-parietal
plan	raw	12	L	SPLa	0.022658172132946665	1.0483744364272576	0.025272540225519235	7.8294153385730265	expectation	106	premotor-parietal
plan	raw	12	L	SPLa	0.030715879116144405	1.2793956697594022	0.06446050182979303	12.812233349900103	expectation	107	premotor-parietal
plan	raw	12	L	SPLa	0.009917531031005618	1.0401899985534837	0.019303568547152213	0.752896919977772	expectation	108	premotor-parietal
plan	raw	12	L	SPLa	0.023563054839091515	1.3291527351637715	0.07260419638722057	1.787613826286059	expectation	109	premotor-parietal
plan	raw	12	L	SPLa	0.021329272107598017	1.7853152409557596	0.02908226532631604	2.309885657296636	expectation	110	premotor-parietal
plan	raw	12	L	SPLa	0.004347643378389532	0.8957170549496285	0.01231325640903349	-0.39525327841388613	expectation	111	premotor-parietal
plan	raw	12	L	SPLa	0.0096464891897407	1.3683100199258038	0.059882312490897885	0.0893919503217474	expectation	112	premotor-parietal
plan	raw	12	L	SPLa	0.0681577118787056	1.5867973163118767	0.0681577118787056	11.467811251365744	expectation	113	premotor-parietal
plan	raw	12	L	SPLa	0.040531693649590396	1.2419682487803305	0.1559806345184277	23.13233340773877	expectation	114	premotor-parietal
plan	raw	12	L	SPLa	0.016696010126845805	0.8372601942091141	0.021129692547818754	9.115956618301883	expectation	115	premotor-parietal
plan	raw	12	L	SPLa	0.012941449121375393	1.369554476068229	0.012941449121375393	-0.030159987371710217	uncertainty	102	premotor-parietal
plan	raw	12	L	SPLa	0.0321015227139408	1.282344530098365	0.04771835635811769	10.999256185706859	uncertainty	103	premotor-parietal
plan	raw	12	L	SPLa	0.04248238396557815	1.0349102619661248	0.06783504638322763	34.65012634021903	uncertainty	104	premotor-parietal
plan	raw	12	L	SPLa	0.00823942001386942	0.6129601397398069	0.009409552033131503	2.7801380815042087	uncertainty	105	premotor-parietal
plan	raw	12	L	SPLa	0.0026143680925725713	1.0483744364272576	0.025272540225519235	-0.8670144688418615	uncertainty	106	premotor-parietal
plan	raw	12	L	SPLa	0.03374462271364863	1.2793956697594022	0.06446050182979303	15.447508676690122	uncertainty	107	premotor-parietal
plan	raw	12	L	SPLa	0.009386037516146596	1.0401899985534837	0.019303568547152213	0.5751038854379078	uncertainty	108	premotor-parietal
plan	raw	12	L	SPLa	0.04904114154812906	1.3291527351637715	0.07260419638722057	10.06481566302811	uncertainty	109	premotor-parietal
plan	raw	12	L	SPLa	0.007752993218718022	1.7853152409557596	0.02908226532631604	-0.5408882286182496	uncertainty	110	premotor-parietal
plan	raw	12	L	SPLa	0.007965613030643956	0.8957170549496285	0.01231325640903349	0.9941569235057391	uncertainty	111	premotor-parietal
plan	raw	12	L	SPLa	0.05023582330115718	1.3683100199258038	0.059882312490897885	23.704534583300415	uncertainty	112	premotor-parietal
plan	raw	12	L	SPLa	3.380773468502321e-57	1.5867973163118767	0.0681577118787056	-0.9999999999999998	uncertainty	113	premotor-parietal
plan	raw	12	L	SPLa	0.11544894086883731	1.2419682487803305	0.1559806345184277	147.1939353455559	uncertainty	114	premotor-parietal
plan	raw	12	L	SPLa	0.004433682420972949	0.8372601942091141	0.021129692547818754	-0.21217256880422874	uncertainty	115	premotor-parietal
plan	raw	12	L	SPLp	0.00428447155032202	1.3380079691844962	0.004284471550322047	-0.8179787469165504	expectation	102	premotor-parietal
plan	raw	12	L	SPLp	0.0175257690598247	1.3146959821375017	0.05326094768037078	3.216000700202731	expectation	103	premotor-parietal
plan	raw	12	L	SPLp	0.032564552774967115	1.0374509647623305	0.08128940659336616	24.132631984852196	expectation	104	premotor-parietal
plan	raw	12	L	SPLp	0.01177315488689159	0.6106202583810153	0.018508832167602816	8.557356588276773	expectation	105	premotor-parietal
plan	raw	12	L	SPLp	0.03002932736319404	1.0497996317515899	0.04439351461787205	18.64258856342165	expectation	106	premotor-parietal
plan	raw	12	L	SPLp	0.029462048362899156	1.3622444199313166	0.07731843247340017	9.837192127052388	expectation	107	premotor-parietal
plan	raw	12	L	SPLp	0.008839292732303156	1.0560081898491613	0.01766129040743865	0.5337899234076131	expectation	108	premotor-parietal
plan	raw	12	L	SPLp	0.007696037345380052	1.677498849147944	0.07738133081604918	-0.6764507320774702	expectation	109	premotor-parietal
plan	raw	12	L	SPLp	0.009001241371197375	2.0228737307317455	0.019923803344658344	-0.4203576118572604	expectation	110	premotor-parietal
plan	raw	12	L	SPLp	0.008529748039472422	0.8147342961963419	0.028589719387528863	2.2205096210506854	expectation	111	premotor-parietal
plan	raw	12	L	SPLp	0.018479978783452315	1.5711050713276333	0.07621853927296064	2.6203505228767234	expectation	112	premotor-parietal
plan	raw	12	L	SPLp	0.05880582187783165	2.2110970443387994	0.05880582190850093	5.4805062840261165	expectation	113	premotor-parietal
plan	raw	12	L	SPLp	0.02308843060968079	1.2535585430260905	0.0945150395445834	6.87725970151223	expectation	114	premotor-parietal
plan	raw	12	L	SPLp	0.024500909867682778	0.8584902430827558	0.02907963679803415	19.7645125160194	expectation	115	premotor-parietal
plan	raw	12	L	SPLp	2.6820895849267728e-17	1.3380079691844962	0.004284471550322047	-1.0000000034790784	uncertainty	102	premotor-parietal
plan	raw	12	L	SPLp	0.03573517862054608	1.3146959821375017	0.05326094768037078	15.134300410270196	uncertainty	103	premotor-parietal
plan	raw	12	L	SPLp	0.04872485381839904	1.0374509647623305	0.08128940659336616	50.87594791774159	uncertainty	104	premotor-parietal
plan	raw	12	L	SPLp	0.006735677280711227	0.6106202583810153	0.018508832167602816	2.300609857694975	uncertainty	105	premotor-parietal
plan	raw	12	L	SPLp	0.01436418725467801	1.0497996317515899	0.04439351461787205	3.9077979141968044	uncertainty	106	premotor-parietal
plan	raw	12	L	SPLp	0.04785638411050102	1.3622444199313166	0.07731843247340017	25.520429014048258	uncertainty	107	premotor-parietal
plan	raw	12	L	SPLp	0.008821997675135492	1.0560081898491613	0.01766129040743865	0.5279384098923872	uncertainty	108	premotor-parietal
plan	raw	12	L	SPLp	0.06968529347066914	1.677498849147944	0.07738133081604918	21.506411247349046	uncertainty	109	premotor-parietal
plan	raw	12	L	SPLp	0.010922561973460969	2.0228737307317455	0.019923803344658344	-0.14510822557141256	uncertainty	110	premotor-parietal
plan	raw	12	L	SPLp	0.02005997134805644	0.8147342961963419	0.028589719387528863	15.316473209360028	uncertainty	111	premotor-parietal
plan	raw	12	L	SPLp	0.05773856048950833	1.5711050713276333	0.07621853927296064	29.568232598214557	uncertainty	112	premotor-parietal
plan	raw	12	L	SPLp	3.0669282745382274e-11	2.2110970443387994	0.05880582190850093	-0.9999999999927545	uncertainty	113	premotor-parietal
plan	raw	12	L	SPLp	0.07142660893490262	1.2535585430260905	0.0945150395445834	60.49042414789618	uncertainty	114	premotor-parietal
plan	raw	12	L	SPLp	0.004578726930351376	0.8584902430827558	0.02907963679803415	-0.16089279465714412	uncertainty	115	premotor-parietal
plan	raw	12	R	SMA	7.07410142869841e-09	1.5681194321639138	0.010261487895820069	-1.000000500011129	expectation	102	premotor-parietal
plan	raw	12	R	SMA	0.0031394263699858955	1.1375372743578849	0.003729031566326634	-0.8694014248921584	expectation	103	premotor-parietal
plan	raw	12	R	SMA	0.008889002105134275	1.0619370192922146	0.015654418858160837	0.13386811969956158	expectation	104	premotor-parietal
plan	raw	12	R	SMA	0.0009707228154633242	0.6761119356155003	0.003394890664391591	-0.9691306664857952	expectation	105	premotor-parietal
plan	raw	12	R	SMA	0.0027684484264276807	0.9508914277176667	0.013920157050183532	-0.8556176886961955	expectation	106	premotor-parietal
plan	raw	12	R	SMA	0.012863698557158028	1.2066853825205053	0.012863698557158028	1.211172776912256	expectation	107	premotor-parietal
plan	raw	12	R	SMA	3.478791672177271e-12	1.009777849200792	3.478791672177271e-12	-0.9999999999917457	expectation	108	premotor-parietal
plan	raw	12	R	SMA	0.00035025614807020016	1.179730900666673	0.004995679428868994	-0.9996183807858747	expectation	109	premotor-parietal
plan	raw	12	R	SMA	0.009438230323943926	1.486530768543407	0.019024608808110934	-0.33196900730878887	expectation	110	premotor-parietal
plan	raw	12	R	SMA	0.004646876798248892	0.9430218835266357	0.013258330637931014	-0.5402253480395692	expectation	111	premotor-parietal
plan	raw	12	R	SMA	0.017768287058855615	1.3514753884313842	0.030474460713524165	1.8444322226611982	expectation	112	premotor-parietal
plan	raw	12	R	SMA	0.026540475753748828	1.3455237972207243	0.02654047575390364	1.2833556425420505	expectation	113	premotor-parietal
plan	raw	12	R	SMA	0.006766201381094033	1.1361394249693977	0.03773603461829042	-0.3922520163847443	expectation	114	premotor-parietal
plan	raw	12	R	SMA	0.012123679698777897	0.6545498551764344	0.012123679698777897	5.302474153048713	expectation	115	premotor-parietal
plan	raw	12	R	SMA	0.010261480821718641	1.5681194321639138	0.010261487895820069	-0.5258472113727392	uncertainty	102	premotor-parietal
plan	raw	12	R	SMA	0.0005896051963407386	1.1375372743578849	0.003729031566326634	-0.9961407035805037	uncertainty	103	premotor-parietal
plan	raw	12	R	SMA	0.006765416753026564	1.0619370192922146	0.015654418858160837	-0.3403456355354618	uncertainty	104	premotor-parietal
plan	raw	12	R	SMA	0.0024241678489282667	0.6761119356155003	0.003394890664391591	-0.7955331325581136	uncertainty	105	premotor-parietal
plan	raw	12	R	SMA	0.01115170862375585	0.9508914277176667	0.013920157050183532	1.290848823054843	uncertainty	106	premotor-parietal
plan	raw	12	R	SMA	1.606552301316812e-27	1.2066853825205053	0.012863698557158028	-1.0000000000011335	uncertainty	107	premotor-parietal
plan	raw	12	R	SMA	2.150756935198332e-157	1.009777849200792	3.478791672177271e-12	-1.0000000000026597	uncertainty	108	premotor-parietal
plan	raw	12	R	SMA	0.004645423280798794	1.179730900666673	0.004995679428868994	-0.8590634879801825	uncertainty	109	premotor-parietal
plan	raw	12	R	SMA	0.009586378484167008	1.486530768543407	0.019024608808110934	-0.3108215355047561	uncertainty	110	premotor-parietal
plan	raw	12	R	SMA	0.008611453839682122	0.9430218835266357	0.013258330637931014	0.5625995697247648	uncertainty	111	premotor-parietal
plan	raw	12	R	SMA	0.012706173654668548	1.3514753884313842	0.030474460713524165	0.49637159671837044	uncertainty	112	premotor-parietal
plan	raw	12	R	SMA	1.5481181065319234e-13	1.3455237972207243	0.02654047575390364	-0.9999999999992104	uncertainty	113	premotor-parietal
plan	raw	12	R	SMA	0.030969833237196386	1.1361394249693977	0.03773603461829042	10.110133469053679	uncertainty	114	premotor-parietal
plan	raw	12	R	SMA	8.673654367521054e-35	0.6545498551764344	0.012123679698777897	-0.9999999999856279	uncertainty	115	premotor-parietal
plan	raw	12	R	PMd	3.2772048552638626e-12	1.4279705293721072	0.02157837798494424	-0.9999999999999998	expectation	102	premotor-parietal
plan	raw	12	R	PMd	0.01406293375077551	1.3350198899635197	0.039409960310970854	2.556633906869451	expectation	103	premotor-parietal
plan	raw	12	R	PMd	0.011469416148003841	1.0918157775773911	0.029916592205557768	2.6706269499902526	expectation	104	premotor-parietal
plan	raw	12	R	PMd	0.008821448078518325	0.6182015302812439	0.022987874933460637	4.029079939819731	expectation	105	premotor-parietal
plan	raw	12	R	PMd	0.006078828590309179	1.0158787071064235	0.01840259435035125	0.2020691760375828	expectation	106	premotor-parietal
plan	raw	12	R	PMd	0.02182598313333938	1.0677888955457502	0.027198232723388636	11.994219911719847	expectation	107	premotor-parietal
plan	raw	12	R	PMd	0.010692841681391932	1.1367388158474026	0.018978765341006548	1.1606680249174215	expectation	108	premotor-parietal
plan	raw	12	R	PMd	0.01634635787831135	1.6691161362198548	0.06914164107892634	0.48661633975422236	expectation	109	premotor-parietal
plan	raw	12	R	PMd	0.0021525537094426173	1.6126460994976453	0.007096677109238328	-0.9493101529596588	expectation	110	premotor-parietal
plan	raw	12	R	PMd	0.007681626864360717	0.960415640642495	0.014049516358033302	1.3707228370487359	expectation	111	premotor-parietal
plan	raw	12	R	PMd	0.022895269359018654	1.620016101756612	0.06330224570182212	5.415784455424845	expectation	112	premotor-parietal
plan	raw	12	R	PMd	0.024635187516364006	2.44716457720518	0.033955305901466844	0.17719059396855485	expectation	113	premotor-parietal
plan	raw	12	R	PMd	0.013378283071143917	1.2716666723362007	0.05205438128500471	2.5326814671277718	expectation	114	premotor-parietal
plan	raw	12	R	PMd	0.011059979530557975	0.7662054073435923	0.011059979530559457	6.06008529368495	expectation	115	premotor-parietal
plan	raw	12	R	PMd	0.021578377981667035	1.4279705293721072	0.02157837798494424	2.825423876172863	uncertainty	102	premotor-parietal
plan	raw	12	R	PMd	0.025347026560195343	1.3350198899635197	0.039409960310970854	9.944022153101116	uncertainty	103	premotor-parietal
plan	raw	12	R	PMd	0.018447176057553926	1.0918157775773911	0.029916592205557768	8.105900551423007	uncertainty	104	premotor-parietal
plan	raw	12	R	PMd	0.014166426854942312	0.6182015302812439	0.022987874933460637	11.310046377858725	uncertainty	105	premotor-parietal
plan	raw	12	R	PMd	0.012323765760042071	1.0158787071064235	0.01840259435035125	3.704431987195666	uncertainty	106	premotor-parietal
plan	raw	12	R	PMd	0.005372249590049256	1.0677888955457502	0.027198232723388636	-0.12723154011389104	uncertainty	107	premotor-parietal
plan	raw	12	R	PMd	0.008285923659614615	1.1367388158474026	0.018978765341006548	0.315556501159593	uncertainty	108	premotor-parietal
plan	raw	12	R	PMd	0.052795283200614995	1.6691161362198548	0.06914164107892634	12.95971812384929	uncertainty	109	premotor-parietal
plan	raw	12	R	PMd	0.00494412339979571	1.6126460994976453	0.007096677109238328	-0.7182348881442788	uncertainty	110	premotor-parietal
plan	raw	12	R	PMd	0.006367889493672584	0.960415640642495	0.014049516358033302	0.6475899500202038	uncertainty	111	premotor-parietal
plan	raw	12	R	PMd	0.04040697634280347	1.620016101756612	0.06330224570182212	17.742988435109027	uncertainty	112	premotor-parietal
plan	raw	12	R	PMd	0.009320118385102839	2.44716457720518	0.033955305901466844	-0.8407205561305178	uncertainty	113	premotor-parietal
plan	raw	12	R	PMd	0.038676098213860796	1.2716666723362007	0.05205438128500471	25.215359256394347	uncertainty	114	premotor-parietal
plan	raw	12	R	PMd	1.4812878011841523e-15	0.7662054073435923	0.011059979530559457	-1.0000000000435372	uncertainty	115	premotor-parietal
plan	raw	12	R	PMv	6.609452663229484e-09	1.4508342678264743	0.009128107176419193	-1.000000502458757	expectation	102	premotor-parietal
plan	raw	12	R	PMv	3.462792216255183e-142	1.1594926151478828	1.2663010122363917e-12	-1.0000000000097977	expectation	103	premotor-parietal
plan	raw	12	R	PMv	0.01628954444071128	1.0973843146956541	0.040261959390871585	1.4249806510035865	expectation	104	premotor-parietal
plan	raw	12	R	PMv	0.0038037732752980785	0.6577337200237114	0.010581334773586575	-0.5910900220163635	expectation	105	premotor-parietal
plan	raw	12	R	PMv	0.010250181472526885	0.8709244291695337	0.01143378659845475	0.6771841509461665	expectation	106	premotor-parietal
plan	raw	12	R	PMv	0.016247972254642244	1.1325548174038422	0.01624797225505087	1.4508511796741943	expectation	107	premotor-parietal
plan	raw	12	R	PMv	0.011316598582404665	0.9738999679045481	0.011316598582435887	0.34252331451710394	expectation	108	premotor-parietal
plan	raw	12	R	PMv	0.031359299903450065	1.2625482910802253	0.033568504928744095	2.481255972673506	expectation	109	premotor-parietal
plan	raw	12	R	PMv	1.1882391846455392e-12	1.422256420336885	0.0039450807599078685	-0.999999996723411	expectation	110	premotor-parietal
plan	raw	12	R	PMv	4.647621378436491e-49	0.9122753111155361	0.006771848672485436	-0.9999999999985694	expectation	111	premotor-parietal
plan	raw	12	R	PMv	0.018086011519557587	1.2404195044270538	0.06573189333763337	1.3752890946631513	expectation	112	premotor-parietal
plan	raw	12	R	PMv	0.05261583346664742	1.531880408159909	0.05261583346664742	4.142618860900884	expectation	113	premotor-parietal
plan	raw	12	R	PMv	0.00298035000423641	1.1490051231679919	0.021967700286525	-0.9151204499271348	expectation	114	premotor-parietal
plan	raw	12	R	PMv	0.023135746364737322	0.7080913723045954	0.0318896987421758	9.236634687840484	expectation	115	premotor-parietal
plan	raw	12	R	PMv	0.00912810056696653	1.4508342678264743	0.009128107176419193	-0.7010781095427714	uncertainty	102	premotor-parietal
plan	raw	12	R	PMv	1.2663010122363917e-12	1.1594926151478828	1.2663010122363917e-12	-1.000000000000703	uncertainty	103	premotor-parietal
plan	raw	12	R	PMv	0.02397241495016031	1.0973843146956541	0.040261959390871585	4.004325074956543	uncertainty	104	premotor-parietal
plan	raw	12	R	PMv	0.006777561498288497	0.6577337200237114	0.010581334773586575	0.2873905809850278	uncertainty	105	premotor-parietal
plan	raw	12	R	PMv	0.0011836051259278666	0.8709244291695337	0.01143378659845475	-0.9791809826755279	uncertainty	106	premotor-parietal
plan	raw	12	R	PMv	4.0862360471631076e-13	1.1325548174038422	0.01624797225505087	-0.999999999991849	uncertainty	107	premotor-parietal
plan	raw	12	R	PMv	3.1222392611996205e-14	0.9738999679045481	0.011316598582435887	-1.0000000000177751	uncertainty	108	premotor-parietal
plan	raw	12	R	PMv	0.0022092050252940274	1.2625482910802253	0.033568504928744095	-0.9819168574265293	uncertainty	109	premotor-parietal
plan	raw	12	R	PMv	0.003945080758719629	1.422256420336885	0.0039450807599078685	-0.9018986657179542	uncertainty	110	premotor-parietal
plan	raw	12	R	PMv	0.006771848672485436	0.9122753111155361	0.006771848672485436	-0.31981020891103884	uncertainty	111	premotor-parietal
plan	raw	12	R	PMv	0.04764588181807578	1.2404195044270538	0.06573189333763337	13.330615787162856	uncertainty	112	premotor-parietal
plan	raw	12	R	PMv	1.8000314167326208e-18	1.531880408159909	0.05261583346664742	-0.9999999999946851	uncertainty	113	premotor-parietal
plan	raw	12	R	PMv	0.018987350282288592	1.1490051231679919	0.021967700286525	2.229569863766164	uncertainty	114	premotor-parietal
plan	raw	12	R	PMv	0.00875395237743848	0.7080913723045954	0.0318896987421758	0.6624354499095909	uncertainty	115	premotor-parietal
plan	raw	12	R	M1	0.0018955232948853428	1.3915126278327896	0.03600648023393908	-0.9891588505891409	expectation	102	M1-S1
plan	raw	12	R	M1	0.060090290316120294	1.0796736984906528	0.06615284087436421	29.27769534438251	expectation	103	M1-S1
plan	raw	12	R	M1	0.008911239440360662	0.9200300040235515	0.008911269543454796	0.06008686760645099	expectation	104	M1-S1
plan	raw	12	R	M1	2.4308432335820213e-23	0.5976682262162055	6.945867249850355e-17	-0.9999999999996176	expectation	105	M1-S1
plan	raw	12	R	M1	1.726889194450627e-22	0.8696751268867859	1.726889194450627e-22	-0.9999999999928617	expectation	106	M1-S1
plan	raw	12	R	M1	0.053944292629271626	0.9182010775784778	0.053944292629271626	31.203768994702628	expectation	107	M1-S1
plan	raw	12	R	M1	0.0012434909471824046	0.8832821844346307	0.0012434909471824046	-0.9844160547442171	expectation	108	M1-S1
plan	raw	12	R	M1	0.02249993510083636	1.0983335865877843	0.023428400713676592	1.2414900717079647	expectation	109	M1-S1
plan	raw	12	R	M1	1.098029425159276e-09	1.3010326486935064	0.027733887889657888	-1.0000059583260534	expectation	110	M1-S1
plan	raw	12	R	M1	2.0356519869936757e-258	0.8218606585721436	0.015133865648708791	-1.0000000000172764	expectation	111	M1-S1
plan	raw	12	R	M1	0.011669126891543185	1.2564851849841403	0.038426100659321415	-0.012565058562135634	expectation	112	M1-S1
plan	raw	12	R	M1	0.04737071652105292	1.473264900550178	0.047370716521052965	2.558342929929984	expectation	113	M1-S1
plan	raw	12	R	M1	0.009636944833369252	1.0368563166992497	0.02467802385033009	-0.08007792574908801	expectation	114	M1-S1
plan	raw	12	R	M1	0.023727106010953396	0.5885246794061587	0.030858541856026874	11.183196137520877	expectation	115	M1-S1
plan	raw	12	R	M1	0.034110956939053735	1.3915126278327896	0.03600648023393908	2.3585459231028425	uncertainty	102	M1-S1
plan	raw	12	R	M1	0.006062550558243914	1.0796736984906528	0.06615284087436421	-0.5916621835422469	uncertainty	103	M1-S1
plan	raw	12	R	M1	3.010309413326937e-08	0.9200300040235515	0.008911269543454796	-1.000000153609479	uncertainty	104	M1-S1
plan	raw	12	R	M1	6.945864819007121e-17	0.5976682262162055	6.945867249850355e-17	-0.9999999999996176	uncertainty	105	M1-S1
plan	raw	12	R	M1	7.992525123988287e-45	0.8696751268867859	1.726889194450627e-22	-0.9999999999946809	uncertainty	106	M1-S1
plan	raw	12	R	M1	1.2268686986500066e-176	0.9182010775784778	0.053944292629271626	-0.9999999999854481	uncertainty	107	M1-S1
plan	raw	12	R	M1	3.390698908421465e-23	0.8832821844346307	0.0012434909471824046	-0.9999999997816353	uncertainty	108	M1-S1
plan	raw	12	R	M1	0.0009284656128402334	1.0983335865877843	0.023428400713676592	-0.9967502992359896	uncertainty	109	M1-S1
plan	raw	12	R	M1	0.027733886791628463	1.3010326486935064	0.027733887889657888	3.92061963738403	uncertainty	110	M1-S1
plan	raw	12	R	M1	0.015133865648708791	0.8218606585721436	0.015133865648708791	3.130954614234311	uncertainty	111	M1-S1
plan	raw	12	R	M1	0.02675697376777823	1.2564851849841403	0.038426100659321415	3.7771734830845136	uncertainty	112	M1-S1
plan	raw	12	R	M1	4.482929889192114e-17	1.473264900550178	0.047370716521052965	-1.0000000000001308	uncertainty	113	M1-S1
plan	raw	12	R	M1	0.01504107901696084	1.0368563166992497	0.02467802385033009	1.1717052778084716	uncertainty	114	M1-S1
plan	raw	12	R	M1	0.007131435845073478	0.5885246794061587	0.030858541856026874	0.3021425214357818	uncertainty	115	M1-S1
plan	raw	12	R	S1	1.2328618844438384e-15	1.4644091020002574	0.009641881427050386	-1.000000000196975	expectation	102	M1-S1
plan	raw	12	R	S1	0.04738007752732167	1.3359042005903585	0.05561350755099036	25.85908874350296	expectation	103	M1-S1
plan	raw	12	R	S1	0.015542895995572447	1.0429962394160124	0.015542896018481502	4.039871689868947	expectation	104	M1-S1
plan	raw	12	R	S1	0.0007894314284540349	0.6317441039846105	0.0007894314287830874	-0.9611278572112744	expectation	105	M1-S1
plan	raw	12	R	S1	0.0101576661869492	1.006085762614296	0.0162388943368666	1.2580992039203807	expectation	106	M1-S1
plan	raw	12	R	S1	0.018430710435656264	1.0457000765316518	0.018430710435656264	6.564257850940039	expectation	107	M1-S1
plan	raw	12	R	S1	0.0012605378002216935	1.0867749409404002	0.0012605378002216935	-0.9712295138171998	expectation	108	M1-S1
plan	raw	12	R	S1	0.02246793440421058	1.5153085257837364	0.022467934404210587	1.6400017196836167	expectation	109	M1-S1
plan	raw	12	R	S1	7.95633243799453e-13	1.5725393523129634	0.00445964326692923	-0.9999999999858784	expectation	110	M1-S1
plan	raw	12	R	S1	0.006747270370579309	0.8330129750166897	0.01304141708040409	0.588350599950048	expectation	111	M1-S1
plan	raw	12	R	S1	0.010281443162747544	1.4451317080347144	0.0456840560232593	0.23129193607303444	expectation	112	M1-S1
plan	raw	12	R	S1	0.035899595622453574	1.8432821014940348	0.0358995956224536	1.509707635628729	expectation	113	M1-S1
plan	raw	12	R	S1	0.03756944697634869	1.1778090953223812	0.06226637065290888	19.65632561914196	expectation	114	M1-S1
plan	raw	12	R	S1	0.011387476520474943	0.6745890782095892	0.013896940438547023	5.21130999092854	expectation	115	M1-S1
plan	raw	12	R	S1	0.009641881427049153	1.4644091020002574	0.009641881427050386	-0.4636985601857425	uncertainty	102	M1-S1
plan	raw	12	R	S1	0.008233430023668688	1.3359042005903585	0.05561350755099036	-0.031192284653797087	uncertainty	103	M1-S1
plan	raw	12	R	S1	2.2909054266385892e-11	1.0429962394160124	0.015542896018481502	-0.9999999999535243	uncertainty	104	M1-S1
plan	raw	12	R	S1	3.290525125799784e-13	0.6317441039846105	0.0007894314287830874	-1.0000000000066578	uncertainty	105	M1-S1
plan	raw	12	R	S1	0.006081228149917399	1.006085762614296	0.0162388943368666	-0.1707325946713414	uncertainty	106	M1-S1
plan	raw	12	R	S1	1.267687320500417e-266	1.0457000765316518	0.018430710435656264	-1.00000000000724	uncertainty	107	M1-S1
plan	raw	12	R	S1	0.0	1.0867749409404002	0.0012605378002216935	-1.0000000000045608	uncertainty	108	M1-S1
plan	raw	12	R	S1	5.8161514613438994e-18	1.5153085257837364	0.022467934404210587	-1.000000000012779	uncertainty	109	M1-S1
plan	raw	12	R	S1	0.004459643266133596	1.5725393523129634	0.00445964326692923	-0.7832568249664704	uncertainty	110	M1-S1
plan	raw	12	R	S1	0.00629414670982478	0.8330129750166897	0.01304141708040409	0.3867710663092476	uncertainty	111	M1-S1
plan	raw	12	R	S1	0.03540261286051175	1.4451317080347144	0.0456840560232593	12.035621365103324	uncertainty	112	M1-S1
plan	raw	12	R	S1	2.5720474370673557e-17	1.8432821014940348	0.0358995956224536	-0.9999999999927239	uncertainty	113	M1-S1
plan	raw	12	R	S1	0.024696923676560196	1.1778090953223812	0.06226637065290888	8.494267995852475	uncertainty	114	M1-S1
plan	raw	12	R	S1	0.00250946391807208	0.6745890782095892	0.013896940438547023	-0.6700056225057635	uncertainty	115	M1-S1
plan	raw	12	R	SPLa	4.972371847584967e-26	1.3299766832890605	0.017088599105185523	-1.000015387376969	expectation	102	premotor-parietal
plan	raw	12	R	SPLa	0.02732137015883424	1.2518000198050503	0.0360700231843043	7.404802944126531	expectation	103	premotor-parietal
plan	raw	12	R	SPLa	0.004800864603366672	0.9885397311867606	0.02151015104452466	-0.503748880000656	expectation	104	premotor-parietal
plan	raw	12	R	SPLa	0.009043882260177645	0.5943273044708958	0.011240844288733207	2.9582669215398023	expectation	105	premotor-parietal
plan	raw	12	R	SPLa	0.014795604680118804	0.9899286905403315	0.014795604691726302	3.356265088611439	expectation	106	premotor-parietal
plan	raw	12	R	SPLa	0.01699222148036798	0.9948163797340566	0.019910117321304346	5.134155687648023	expectation	107	premotor-parietal
plan	raw	12	R	SPLa	0.014380783102791833	1.0944432645044013	0.030357442112283	2.3654792366019577	expectation	108	premotor-parietal
plan	raw	12	R	SPLa	0.0077870228728858975	1.390691171799104	0.032185387784604974	-0.6696267576974502	expectation	109	premotor-parietal
plan	raw	12	R	SPLa	7.090760501331799e-12	1.4882123446817668	0.005232130944014376	-0.9999999999672962	expectation	110	premotor-parietal
plan	raw	12	R	SPLa	0.003296163278253165	0.7977444783484324	0.010942151730195167	-0.620772335732692	expectation	111	premotor-parietal
plan	raw	12	R	SPLa	0.027084971586471173	1.4706435575867647	0.0710526088254774	6.611769489144728	expectation	112	premotor-parietal
plan	raw	12	R	SPLa	0.039723971504730636	1.8980752680674016	0.039723971504730636	2.201954136093966	expectation	113	premotor-parietal
plan	raw	12	R	SPLa	0.023216804036202125	1.1717795985361816	0.05854444400754184	7.180433143349595	expectation	114	premotor-parietal
plan	raw	12	R	SPLa	0.01889657865894849	0.61694647850112	0.02379323471014283	12.558504950599579	expectation	115	premotor-parietal
plan	raw	12	R	SPLa	0.017088599105185523	1.3299766832890605	0.017088599105185523	1.027528139777647	uncertainty	102	premotor-parietal
plan	raw	12	R	SPLa	0.008748653025470059	1.2518000198050503	0.0360700231843043	-0.047195362778301164	uncertainty	103	premotor-parietal
plan	raw	12	R	SPLa	0.01670928644115799	0.9885397311867606	0.02151015104452466	4.5282287907629515	uncertainty	104	premotor-parietal
plan	raw	12	R	SPLa	0.002196962028555563	0.5943273044708958	0.011240844288733207	-0.7489783723592773	uncertainty	105	premotor-parietal
plan	raw	12	R	SPLa	1.1607497893357627e-11	0.9899286905403315	0.014795604691726302	-1.0000000000107914	uncertainty	106	premotor-parietal
plan	raw	12	R	SPLa	0.002917895840936365	0.9948163797340566	0.019910117321304346	-0.8012441612493724	uncertainty	107	premotor-parietal
plan	raw	12	R	SPLa	0.01597665900949117	1.0944432645044013	0.030357442112283	3.1117356505692273	uncertainty	108	premotor-parietal
plan	raw	12	R	SPLa	0.024398364911719077	1.390691171799104	0.032185387784604974	2.09731504949595	uncertainty	109	premotor-parietal
plan	raw	12	R	SPLa	0.005232130936923616	1.4882123446817668	0.005232130944014376	-0.7643226122020979	uncertainty	110	premotor-parietal
plan	raw	12	R	SPLa	0.007645988451942002	0.7977444783484324	0.010942151730195167	1.0035337990823308	uncertainty	111	premotor-parietal
plan	raw	12	R	SPLa	0.04396763723900623	1.4706435575867647	0.0710526088254774	17.78030075699056	uncertainty	112	premotor-parietal
plan	raw	12	R	SPLa	4.401675679635979e-61	1.8980752680674016	0.039723971504730636	-0.9999999999989133	uncertainty	113	premotor-parietal
plan	raw	12	R	SPLa	0.03532763997133972	1.1717795985361816	0.05854444400754184	16.85704158292954	uncertainty	114	premotor-parietal
plan	raw	12	R	SPLa	0.004896656051194338	0.61694647850112	0.02379323471014283	0.04968585487420274	uncertainty	115	premotor-parietal
plan	raw	12	R	SPLp	1.3221647019067347e-116	1.3837338208095737	0.013917075064885803	-0.9999999999977065	expectation	102	premotor-parietal
plan	raw	12	R	SPLp	0.027388333090443383	1.2738493697674935	0.05772832188826663	9.147765369712266	expectation	103	premotor-parietal
plan	raw	12	R	SPLp	0.017490740699271052	1.0451449479317627	0.049743644416225835	5.961393617033321	expectation	104	premotor-parietal
plan	raw	12	R	SPLp	0.009547474958016286	0.6055642423588159	0.01710170428882063	5.2329524510902505	expectation	105	premotor-parietal
plan	raw	12	R	SPLp	0.012609409847525295	0.9836154207597385	0.026376053917269746	3.1414524497087766	expectation	106	premotor-parietal
plan	raw	12	R	SPLp	0.043935302586448746	1.1074707460390263	0.05883415461353325	32.26278432878344	expectation	107	premotor-parietal
plan	raw	12	R	SPLp	0.0030242454117829663	1.0693315517976818	0.0036594432096861288	-0.8244027438185662	expectation	108	premotor-parietal
plan	raw	12	R	SPLp	0.027806586073881836	1.4533903088778166	0.0705482941055829	3.2944485507818047	expectation	109	premotor-parietal
plan	raw	12	R	SPLp	0.014308582327882147	1.7649485088742858	0.02783799385587891	0.7353463153645552	expectation	110	premotor-parietal
plan	raw	12	R	SPLp	0.004539151719651405	0.8056752186528586	0.022333182059557248	-0.1191249010609009	expectation	111	premotor-parietal
plan	raw	12	R	SPLp	0.0311094200378612	1.6099757854553545	0.08442461367281232	8.355655093976281	expectation	112	premotor-parietal
plan	raw	12	R	SPLp	0.03148383095045015	1.9635943815145542	0.03148383098266268	1.3348749463783394	expectation	113	premotor-parietal
plan	raw	12	R	SPLp	0.02460587848200245	1.2972594637626664	0.07685851877647254	8.290062484156806	expectation	114	premotor-parietal
plan	raw	12	R	SPLp	0.01238535258817129	0.7355225743410821	0.014189382722869359	5.537346064063223	expectation	115	premotor-parietal
plan	raw	12	R	SPLp	0.013917075064885803	1.3837338208095737	0.013917075064885803	0.4266613600434125	uncertainty	102	premotor-parietal
plan	raw	12	R	SPLp	0.03033998879782325	1.2738493697674935	0.05772832188826663	11.287037586811602	uncertainty	103	premotor-parietal
plan	raw	12	R	SPLp	0.03225290371695479	1.0451449479317627	0.049743644416225835	20.823923514084694	uncertainty	104	premotor-parietal
plan	raw	12	R	SPLp	0.007554229330804342	0.6055642423588159	0.01710170428882063	2.9895382955310974	uncertainty	105	premotor-parietal
plan	raw	12	R	SPLp	0.013766644069744451	0.9836154207597385	0.026376053917269746	3.8958992419561924	uncertainty	106	premotor-parietal
plan	raw	12	R	SPLp	0.014898852027084505	1.1074707460390263	0.05883415461353325	3.4400058660903503	uncertainty	107	premotor-parietal
plan	raw	12	R	SPLp	0.0006351977979031623	1.0693315517976818	0.0036594432096861288	-0.9935167696949766	uncertainty	108	premotor-parietal
plan	raw	12	R	SPLp	0.04274170803170107	1.4533903088778166	0.0705482941055829	8.688689492782249	uncertainty	109	premotor-parietal
plan	raw	12	R	SPLp	0.013529411527996764	1.7649485088742858	0.02783799385587891	0.5561985824326194	uncertainty	110	premotor-parietal
plan	raw	12	R	SPLp	0.017794030339905842	0.8056752186528586	0.022333182059557248	11.137601094887327	uncertainty	111	premotor-parietal
plan	raw	12	R	SPLp	0.05331519363495112	1.6099757854553545	0.08442461367281232	24.417049520303124	uncertainty	112	premotor-parietal
plan	raw	12	R	SPLp	3.2212523000470156e-11	1.9635943815145542	0.03148383098266268	-0.9999999999948461	uncertainty	113	premotor-parietal
plan	raw	12	R	SPLp	0.0522526402944701	1.2972594637626664	0.07685851877647254	36.23206270567334	uncertainty	114	premotor-parietal
plan	raw	12	R	SPLp	0.0018040301346980685	0.7355225743410821	0.014189382722869359	-0.8474186284570383	uncertainty	115	premotor-parietal
exec	raw	12	L	SMA	0.028927290010707186	4.123173577103555	0.13327423036830857	-0.44537457223681937	sensory input	102	premotor-parietal
exec	raw	12	L	SMA	0.059336917439264635	2.788562110632331	0.10757239763420418	5.3849993315236535	sensory input	103	premotor-parietal
exec	raw	12	L	SMA	3.346152283317371e-08	2.71059666113593	0.09288328348304206	-1.0000267258278008	sensory input	104	premotor-parietal
exec	raw	12	L	SMA	5.060951512051992e-15	1.8965919823931991	0.06287319082676589	-1.0000013486148944	sensory input	105	premotor-parietal
exec	raw	12	L	SMA	7.194450412754541e-09	2.606712134874478	0.058101039255230226	-0.9999984284890567	sensory input	106	premotor-parietal
exec	raw	12	L	SMA	2.628756292694678e-34	3.2313451916392326	0.0939071830965668	-0.9999999999946221	sensory input	107	premotor-parietal
exec	raw	12	L	SMA	1.6993022568002013e-08	3.266420258888096	0.20284253694554272	-0.9999774549998373	sensory input	108	premotor-parietal
exec	raw	12	L	SMA	0.08509404085488974	3.689535554280481	0.13093832640322028	1.2729749171754061	sensory input	109	premotor-parietal
exec	raw	12	L	SMA	7.010181069737551e-09	3.7072051671643447	0.09638174064118488	-0.9999979666674991	sensory input	110	premotor-parietal
exec	raw	12	L	SMA	6.934053287587962e-08	2.830760790417584	0.06001881311599244	-0.9999765582714608	sensory input	111	premotor-parietal
exec	raw	12	L	SMA	7.44575409125681e-23	3.353747961130716	0.13778139089540786	-1.0000015213586226	sensory input	112	premotor-parietal
exec	raw	12	L	SMA	0.0792106792680338	4.88561043676005	0.22871769987724233	0.852330420253383	sensory input	113	premotor-parietal
exec	raw	12	L	SMA	0.0042942264452592435	3.429227297992554	0.09405281457622694	-1.0000016180604905	sensory input	114	premotor-parietal
exec	raw	12	L	SMA	0.0024621090652642524	1.849004326669234	0.057577192846785516	-0.9675615835706255	sensory input	115	premotor-parietal
exec	raw	12	L	SMA	3.683008493884704e-07	4.123173577103555	0.13327423036830857	-1.0000027203081139	expectation	102	premotor-parietal
exec	raw	12	L	SMA	1.353555121708747e-08	2.788562110632331	0.10757239763420418	-1.000002732067334	expectation	103	premotor-parietal
exec	raw	12	L	SMA	1.9822948537911616e-08	2.71059666113593	0.09288328348304206	-0.9999941944159086	expectation	104	premotor-parietal
exec	raw	12	L	SMA	3.4267338945785253e-264	1.8965919823931991	0.06287319082676589	-0.9999995038577068	expectation	105	premotor-parietal
exec	raw	12	L	SMA	2.8447544969422493e-08	2.606712134874478	0.058101039255230226	-1.0000034568380938	expectation	106	premotor-parietal
exec	raw	12	L	SMA	2.197009929364898e-11	3.2313451916392326	0.0939071830965668	-1.0000000000237255	expectation	107	premotor-parietal
exec	raw	12	L	SMA	5.305982295474009e-09	3.266420258888096	0.20284253694554272	-0.9999748151474006	expectation	108	premotor-parietal
exec	raw	12	L	SMA	4.921323019568978e-07	3.689535554280481	0.13093832640322028	-1.0000002691082575	expectation	109	premotor-parietal
exec	raw	12	L	SMA	9.513073143558855e-09	3.7072051671643447	0.09638174064118488	-1.0000022136696451	expectation	110	premotor-parietal
exec	raw	12	L	SMA	2.107526107248845e-09	2.830760790417584	0.06001881311599244	-0.9999746669954575	expectation	111	premotor-parietal
exec	raw	12	L	SMA	8.1823819447011e-12	3.353747961130716	0.13778139089540786	-0.9999982234012184	expectation	112	premotor-parietal
exec	raw	12	L	SMA	4.0382436368983206e-08	4.88561043676005	0.22871769987724233	-1.0000006413715288	expectation	113	premotor-parietal
exec	raw	12	L	SMA	0.0	3.429227297992554	0.09405281457622694	-1.000001442266607	expectation	114	premotor-parietal
exec	raw	12	L	SMA	5.381459230963286e-09	1.849004326669234	0.057577192846785516	-1.0000037192141087	expectation	115	premotor-parietal
exec	raw	12	L	SMA	0.10434657205675199	4.123173577103555	0.13327423036830857	5.543428386169549	surprise	102	premotor-parietal
exec	raw	12	L	SMA	0.04823546665938832	2.788562110632331	0.10757239763420418	3.380872468198752	surprise	103	premotor-parietal
exec	raw	12	L	SMA	0.09288323019857068	2.71059666113593	0.09288328348304206	13.55075141895022	surprise	104	premotor-parietal
exec	raw	12	L	SMA	0.06287319082676082	1.8965919823931991	0.06287319082676589	13.332796123105128	surprise	105	premotor-parietal
exec	raw	12	L	SMA	0.05810100361323484	2.606712134874478	0.058101039255230226	6.741624487965102	surprise	106	premotor-parietal
exec	raw	12	L	SMA	0.09390718307459671	3.2313451916392326	0.0939071830965668	13.114157715908846	surprise	107	premotor-parietal
exec	raw	12	L	SMA	0.20284251464653785	3.266420258888096	0.20284253694554272	55.06829000541711	surprise	108	premotor-parietal
exec	raw	12	L	SMA	0.04584379341602859	3.689535554280481	0.13093832640322028	-0.6114329288039289	surprise	109	premotor-parietal
exec	raw	12	L	SMA	0.09638172411793067	3.7072051671643447	0.09638174064118488	10.611766791762122	surprise	110	premotor-parietal
exec	raw	12	L	SMA	0.06001874166793346	2.830760790417584	0.06001881311599244	7.6576190461052605	surprise	111	premotor-parietal
exec	raw	12	L	SMA	0.1377813908872255	3.353747961130716	0.13778139089540786	21.195307935194194	surprise	112	premotor-parietal
exec	raw	12	L	SMA	0.14950698022677217	4.88561043676005	0.22871769987724233	5.204794767455979	surprise	113	premotor-parietal
exec	raw	12	L	SMA	0.0897585881309677	3.429227297992554	0.09405281457622694	7.044097831162887	surprise	114	premotor-parietal
exec	raw	12	L	SMA	0.05511507840006203	1.849004326669234	0.057577192846785516	12.81882537151639	surprise	115	premotor-parietal
exec	raw	12	L	PMd	1.489709858206101e-14	4.0076197421121424	0.14451761148777112	-0.9999999999183072	sensory input	102	premotor-parietal
exec	raw	12	L	PMd	0.09389235741837157	3.2467819656746144	0.16991860693901828	18.519962365098298	sensory input	103	premotor-parietal
exec	raw	12	L	PMd	0.17396865834515823	2.898637342185696	0.28801736177877324	71.584637962083	sensory input	104	premotor-parietal
exec	raw	12	L	PMd	0.0069087048638426	1.853680031276719	0.08851010208671514	-0.926982794009581	sensory input	105	premotor-parietal
exec	raw	12	L	PMd	0.07556268539560874	2.997894979347022	0.14947440388073938	12.691998024065047	sensory input	106	premotor-parietal
exec	raw	12	L	PMd	0.02673172548342918	3.0887466803304653	0.11293002828389768	0.18544087192557035	sensory input	107	premotor-parietal
exec	raw	12	L	PMd	0.03312958270742153	3.610394539531511	0.26815522002686537	1.4584778645972238	sensory input	108	premotor-parietal
exec	raw	12	L	PMd	0.16741505338975088	4.666641484510269	0.34207228899728437	18.21267660163874	sensory input	109	premotor-parietal
exec	raw	12	L	PMd	0.11929327054124476	4.7790229931523625	0.22210045343994006	16.074268026795735	sensory input	110	premotor-parietal
exec	raw	12	L	PMd	0.024758056993193743	2.7791284009743995	0.1270682281298444	1.8429150902518454	sensory input	111	premotor-parietal
exec	raw	12	L	PMd	0.1019659200267258	4.297012091254634	0.2670708243378762	12.397659964314743	sensory input	112	premotor-parietal
exec	raw	12	L	PMd	0.33194965182797553	6.217071091282656	0.6716905757820085	18.84550587133433	sensory input	113	premotor-parietal
exec	raw	12	L	PMd	0.11307284736371613	3.6228919718005796	0.22837046951330603	18.189165371551784	sensory input	114	premotor-parietal
exec	raw	12	L	PMd	0.034808496850925026	2.1400999760124746	0.1106735522909279	5.803224229153311	sensory input	115	premotor-parietal
exec	raw	12	L	PMd	0.0	4.0076197421121424	0.14451761148777112	-1.0000000000783915	expectation	102	premotor-parietal
exec	raw	12	L	PMd	3.88866318678171e-08	3.2467819656746144	0.16991860693901828	-1.0000035483092249	expectation	103	premotor-parietal
exec	raw	12	L	PMd	0.00951713996102057	2.898637342185696	0.28801736177877324	-0.7364470087487069	expectation	104	premotor-parietal
exec	raw	12	L	PMd	3.335276629723529e-13	1.853680031276719	0.08851010208671514	-1.000000000024756	expectation	105	premotor-parietal
exec	raw	12	L	PMd	0.02089741802179251	2.997894979347022	0.14947440388073938	0.18518311803884535	expectation	106	premotor-parietal
exec	raw	12	L	PMd	3.165448030272458e-07	3.0887466803304653	0.11293002828389768	-1.0000036756536346	expectation	107	premotor-parietal
exec	raw	12	L	PMd	1.463764457293731e-08	3.610394539531511	0.26815522002686537	-1.0000052500838699	expectation	108	premotor-parietal
exec	raw	12	L	PMd	4.587935961284697e-08	4.666641484510269	0.34207228899728437	-1.0000036681740299	expectation	109	premotor-parietal
exec	raw	12	L	PMd	4.223038415682457e-08	4.7790229931523625	0.22210045343994006	-0.9999964101824879	expectation	110	premotor-parietal
exec	raw	12	L	PMd	2.1917753429481285e-23	2.7791284009743995	0.1270682281298444	-0.9999970276704022	expectation	111	premotor-parietal
exec	raw	12	L	PMd	6.930389238998505e-28	4.297012091254634	0.2670708243378762	-1.0000010413657736	expectation	112	premotor-parietal
exec	raw	12	L	PMd	0.0629130187207474	6.217071091282656	0.6716905757820085	-0.6842111381594895	expectation	113	premotor-parietal
exec	raw	12	L	PMd	0.03688093542094889	3.6228919718005796	0.22837046951330603	1.0605096714396598	expectation	114	premotor-parietal
exec	raw	12	L	PMd	2.826283265787458e-07	2.1400999760124746	0.1106735522909279	-1.0000036730382806	expectation	115	premotor-parietal
exec	raw	12	L	PMd	0.14451761148775621	4.0076197421121424	0.14451761148777112	18.899125762779477	surprise	102	premotor-parietal
exec	raw	12	L	PMd	0.07602621063401482	3.2467819656746144	0.16991860693901828	12.339423279776241	surprise	103	premotor-parietal
exec	raw	12	L	PMd	0.10453156347259443	2.898637342185696	0.28801736177877324	29.206877846568652	surprise	104	premotor-parietal
exec	raw	12	L	PMd	0.08160139722253902	1.853680031276719	0.08851010208671514	33.17826825903722	surprise	105	premotor-parietal
exec	raw	12	L	PMd	0.053014300463338125	2.997894979347022	0.14947440388073938	6.233676958606945	surprise	106	premotor-parietal
exec	raw	12	L	PMd	0.08619798625566548	3.0887466803304653	0.11293002828389768	15.497602718785217	surprise	107	premotor-parietal
exec	raw	12	L	PMd	0.23502562268179927	3.610394539531511	0.26815522002686537	83.24511144118283	surprise	108	premotor-parietal
exec	raw	12	L	PMd	0.17465718972817385	4.666641484510269	0.34207228899728437	19.708050211013667	surprise	109	premotor-parietal
exec	raw	12	L	PMd	0.10280714066831112	4.7790229931523625	0.22210045343994006	12.002157044105033	surprise	110	premotor-parietal
exec	raw	12	L	PMd	0.10231017113665065	2.7791284009743995	0.1270682281298444	38.87328628513746	surprise	111	premotor-parietal
exec	raw	12	L	PMd	0.16510490431115038	4.297012091254634	0.2670708243378762	31.986310005458876	surprise	112	premotor-parietal
exec	raw	12	L	PMd	0.2768279052332856	6.217071091282656	0.6716905757820085	13.164674191024838	surprise	113	premotor-parietal
exec	raw	12	L	PMd	0.078416686728641	3.6228919718005796	0.22837046951330603	9.238833951181526	surprise	114	premotor-parietal
exec	raw	12	L	PMd	0.0758647728116763	2.1400999760124746	0.1106735522909279	28.27344293623755	surprise	115	premotor-parietal
exec	raw	12	L	PMv	4.6713122402592103e-07	4.280614815984066	0.09698781793511294	-1.000000816547022	sensory input	102	premotor-parietal
exec	raw	12	L	PMv	0.08837719546382558	2.819201237660373	0.1476264362920867	7.301665012153995	sensory input	103	premotor-parietal
exec	raw	12	L	PMv	0.030984384480697093	2.797619378183597	0.14512281317775394	0.434629698997125	sensory input	104	premotor-parietal
exec	raw	12	L	PMv	4.390170931105309e-08	1.9883466766284237	0.06973843611880005	-1.0000017269786412	sensory input	105	premotor-parietal
exec	raw	12	L	PMv	0.05285922890601305	2.5434001490419598	0.14191152869475213	3.7118366762796744	sensory input	106	premotor-parietal
exec	raw	12	L	PMv	4.958365942175696e-07	3.0120511051874588	0.036511159789775	-1.0000008956263293	sensory input	107	premotor-parietal
exec	raw	12	L	PMv	0.010825283474933924	2.9665936690796535	0.3172815721849262	-0.9561375064085399	sensory input	108	premotor-parietal
exec	raw	12	L	PMv	0.06971583314192338	3.237714292532357	0.2232246420514964	1.772769518672107	sensory input	109	premotor-parietal
exec	raw	12	L	PMv	0.012968629734729533	3.477785983938039	0.1291419352426961	-0.9737198483248317	sensory input	110	premotor-parietal
exec	raw	12	L	PMv	0.002658812423337135	2.870561278302673	0.1188908762019613	-0.9886783508543455	sensory input	111	premotor-parietal
exec	raw	12	L	PMv	3.4830354565464096e-08	3.4938209893972205	0.07806432650121094	-1.0000023626796717	sensory input	112	premotor-parietal
exec	raw	12	L	PMv	0.3900177644166586	3.4509731300815036	0.5090700384031104	37.55322927116477	sensory input	113	premotor-parietal
exec	raw	12	L	PMv	0.015390056378527044	3.349950845095453	0.12514383544671367	-0.7301497763035208	sensory input	114	premotor-parietal
exec	raw	12	L	PMv	0.04897942161510914	1.6804159300703725	0.11764660829431603	8.603270136533258	sensory input	115	premotor-parietal
exec	raw	12	L	PMv	4.0277766939498726e-08	4.280614815984066	0.09698781793511294	-1.0000010124078282	expectation	102	premotor-parietal
exec	raw	12	L	PMv	3.5506950735724914e-07	2.819201237660373	0.1476264362920867	-1.0000035175041682	expectation	103	premotor-parietal
exec	raw	12	L	PMv	0.0	2.797619378183597	0.14512281317775394	-1.000002433995271	expectation	104	premotor-parietal
exec	raw	12	L	PMv	1.9773570529147316e-08	1.9883466766284237	0.06973843611880005	-1.0000021960642003	expectation	105	premotor-parietal
exec	raw	12	L	PMv	3.824570353313123e-06	2.5434001490419598	0.14191152869475213	-1.0000012284925714	expectation	106	premotor-parietal
exec	raw	12	L	PMv	2.1903093401969012e-08	3.0120511051874588	0.036511159789775	-1.0000014304694087	expectation	107	premotor-parietal
exec	raw	12	L	PMv	3.726728657876381e-220	2.9665936690796535	0.3172815721849262	-1.0000000000149625	expectation	108	premotor-parietal
exec	raw	12	L	PMv	8.079107502317591e-08	3.237714292532357	0.2232246420514964	-1.0000030308460037	expectation	109	premotor-parietal
exec	raw	12	L	PMv	5.67215896713644e-23	3.477785983938039	0.1291419352426961	-1.0000026625240448	expectation	110	premotor-parietal
exec	raw	12	L	PMv	1.6421138611588036e-08	2.870561278302673	0.1188908762019613	-1.000003561594262	expectation	111	premotor-parietal
exec	raw	12	L	PMv	4.353559442946173e-08	3.4938209893972205	0.07806432650121094	-1.000001977489287	expectation	112	premotor-parietal
exec	raw	12	L	PMv	5.39557309745191e-08	3.4509731300815036	0.5090700384031104	-1.00000000003151	expectation	113	premotor-parietal
exec	raw	12	L	PMv	0.0	3.349950845095453	0.12514383544671367	-0.9999997978654953	expectation	114	premotor-parietal
exec	raw	12	L	PMv	5.0451590721634145e-85	1.6804159300703725	0.11764660829431603	-0.9999994780410925	expectation	115	premotor-parietal
exec	raw	12	L	PMv	0.09698731052612197	4.280614815984066	0.09698781793511294	1.6732117151120116	surprise	102	premotor-parietal
exec	raw	12	L	PMv	0.059248885758753755	2.819201237660373	0.1476264362920867	3.119778411135949	surprise	103	premotor-parietal
exec	raw	12	L	PMv	0.11413842869705684	2.797619378183597	0.14512281317775394	14.129353147710024	surprise	104	premotor-parietal
exec	raw	12	L	PMv	0.06973837244352021	1.9883466766284237	0.06973843611880005	9.597703419867832	surprise	105	premotor-parietal
exec	raw	12	L	PMv	0.08904847521838576	2.5434001490419598	0.14191152869475213	11.152841790262338	surprise	106	premotor-parietal
exec	raw	12	L	PMv	0.036510642050087375	3.0120511051874588	0.036511159789775	0.9043816150645193	surprise	107	premotor-parietal
exec	raw	12	L	PMv	0.30645628870999225	2.9665936690796535	0.3172815721849262	55.13341201770098	surprise	108	premotor-parietal
exec	raw	12	L	PMv	0.15350872811849797	3.237714292532357	0.2232246420514964	9.911042214015556	surprise	109	premotor-parietal
exec	raw	12	L	PMv	0.11617330550796658	3.477785983938039	0.1291419352426961	7.20176806430188	surprise	110	premotor-parietal
exec	raw	12	L	PMv	0.11623204735748556	2.870561278302673	0.1188908762019613	16.131225432012254	surprise	111	premotor-parietal
exec	raw	12	L	PMv	0.07806424813526194	3.4938209893972205	0.07806432650121094	4.889593486782025	surprise	112	premotor-parietal
exec	raw	12	L	PMv	0.11905222003072075	3.4509731300815036	0.5090700384031104	3.7682577323356443	surprise	113	premotor-parietal
exec	raw	12	L	PMv	0.10975377906818663	3.349950845095453	0.12514383544671367	8.997269961860992	surprise	114	premotor-parietal
exec	raw	12	L	PMv	0.06866718667920689	1.6804159300703725	0.11764660829431603	16.200578795513746	surprise	115	premotor-parietal
exec	raw	12	L	M1	0.12266797273244465	3.6563540949101188	0.3009656618676252	3.876395566598625	sensory input	102	M1-S1
exec	raw	12	L	M1	0.6161633865474342	2.6214084601407395	0.7114767934755748	181.45154423382922	sensory input	103	M1-S1
exec	raw	12	L	M1	0.5084350334450903	2.4717986009155544	0.6658333788283041	156.40462765258985	sensory input	104	M1-S1
exec	raw	12	L	M1	0.14367344846940178	1.6943051483289782	0.19076578152786028	41.15318877471368	sensory input	105	M1-S1
exec	raw	12	L	M1	0.41062148438503054	2.3174249562595852	0.47390319042882434	145.31627223234227	sensory input	106	M1-S1
exec	raw	12	L	M1	0.17838331234848423	2.6243380129375353	0.22936101437924694	34.59715028475901	sensory input	107	M1-S1
exec	raw	12	L	M1	0.16236157161973172	2.641648097875427	0.42689006053826706	22.884976415648946	sensory input	108	M1-S1
exec	raw	12	L	M1	0.3783995722333928	3.035345894388389	0.4173544243122365	56.1865121423126	sensory input	109	M1-S1
exec	raw	12	L	M1	1.5111205432012	3.6567311322418026	1.6774268994353834	417.45275873132874	sensory input	110	M1-S1
exec	raw	12	L	M1	0.13820226203464947	2.6369611596744753	0.17191598166571453	29.079589193743423	sensory input	111	M1-S1
exec	raw	12	L	M1	0.37379535143132453	3.239146889409401	0.45948269380461243	70.63952764192985	sensory input	112	M1-S1
exec	raw	12	L	M1	0.9033805555868266	3.2354877787661636	0.9163131488546031	133.03545084975565	sensory input	113	M1-S1
exec	raw	12	L	M1	0.6788051457912363	2.8906242083045215	0.8467614230204433	197.56574606166112	sensory input	114	M1-S1
exec	raw	12	L	M1	0.15375503895218356	1.6728423616743646	0.22583631916787883	45.98700246153073	sensory input	115	M1-S1
exec	raw	12	L	M1	9.501871050473907e-28	3.6563540949101188	0.3009656618676252	-0.9999999999857694	expectation	102	M1-S1
exec	raw	12	L	M1	0.03692953744243388	2.6214084601407395	0.7114767934755748	0.6120640296895834	expectation	103	M1-S1
exec	raw	12	L	M1	0.02888422899108509	2.4717986009155544	0.6658333788283041	-0.7945998895770083	expectation	104	M1-S1
exec	raw	12	L	M1	0.011560195037351024	1.6943051483289782	0.19076578152786028	-0.717111891874664	expectation	105	M1-S1
exec	raw	12	L	M1	0.019928324000897293	2.3174249562595852	0.47390319042882434	-0.3028951141081704	expectation	106	M1-S1
exec	raw	12	L	M1	8.951444595359307e-08	2.6243380129375353	0.22936101437924694	-1.000002477661844	expectation	107	M1-S1
exec	raw	12	L	M1	4.013041961583868e-99	2.641648097875427	0.42689006053826706	-0.999999999992724	expectation	108	M1-S1
exec	raw	12	L	M1	2.2129107038692058e-08	3.035345894388389	0.4173544243122365	-1.0000026771512407	expectation	109	M1-S1
exec	raw	12	L	M1	0.040139611427449144	3.6567311322418026	1.6774268994353834	0.1488547214278173	expectation	110	M1-S1
exec	raw	12	L	M1	3.8444841287409115e-08	2.6369611596744753	0.17191598166571453	-1.000002226940184	expectation	111	M1-S1
exec	raw	12	L	M1	0.021343397304421145	3.239146889409401	0.45948269380461243	-0.6686469560221079	expectation	112	M1-S1
exec	raw	12	L	M1	2.1649861165125055e-07	3.2354877787661636	0.9163131488546031	-0.9999988412244759	expectation	113	M1-S1
exec	raw	12	L	M1	0.06477289112281065	2.8906242083045215	0.8467614230204433	3.2271646182923255	expectation	114	M1-S1
exec	raw	12	L	M1	0.022878689313279514	1.6728423616743646	0.22583631916787883	0.7091768398528904	expectation	115	M1-S1
exec	raw	12	L	M1	0.17829768913518051	3.6563540949101188	0.3009656618676252	9.015809068516788	surprise	102	M1-S1
exec	raw	12	L	M1	0.058383869485706744	2.6214084601407395	0.7114767934755748	3.848376423724334	surprise	103	M1-S1
exec	raw	12	L	M1	0.12851411639212862	2.4717986009155544	0.6658333788283041	15.880326105095536	surprise	104	M1-S1
exec	raw	12	L	M1	0.03553213802110746	1.6943051483289782	0.19076578152786028	2.4687670228656424	surprise	105	M1-S1
exec	raw	12	L	M1	0.043353382042896536	2.3174249562595852	0.47390319042882434	2.890478224184476	surprise	106	M1-S1
exec	raw	12	L	M1	0.050977612516316745	2.6243380129375353	0.22936101437924694	3.1195243268810366	surprise	107	M1-S1
exec	raw	12	L	M1	0.2645284889185353	2.641648097875427	0.42689006053826706	50.62015813924719	surprise	108	M1-S1
exec	raw	12	L	M1	0.03895482994973665	3.035345894388389	0.4173544243122365	0.03363805599134029	surprise	109	M1-S1
exec	raw	12	L	M1	0.12616674480673426	3.6567311322418026	1.6774268994353834	10.157678458738877	surprise	110	M1-S1
exec	raw	12	L	M1	0.03371368118622379	2.6369611596744753	0.17191598166571453	1.2700871247929215	surprise	111	M1-S1
exec	raw	12	L	M1	0.06434394506886677	3.239146889409401	0.45948269380461243	2.3762083855579337	surprise	112	M1-S1
exec	raw	12	L	M1	0.012932376769164854	3.2354877787661636	0.9163131488546031	-0.9333422835057605	surprise	113	M1-S1
exec	raw	12	L	M1	0.10318338610639634	2.8906242083045215	0.8467614230204433	10.771080592417752	surprise	114	M1-S1
exec	raw	12	L	M1	0.04920259090241576	1.6728423616743646	0.22583631916787883	6.304774252069741	surprise	115	M1-S1
exec	raw	12	L	S1	0.06579438832415896	3.8870048850574657	0.18948937409058664	1.499484534676968	sensory input	102	M1-S1
exec	raw	12	L	S1	0.7835542404795691	3.462021179880586	0.9378074681790196	394.5424784988078	sensory input	103	M1-S1
exec	raw	12	L	S1	1.2720777194004256	2.7407669702064092	1.434208467221338	470.4284406686507	sensory input	104	M1-S1
exec	raw	12	L	S1	0.14578442965669658	1.8109268256476334	0.22756675779225144	81.54655960704218	sensory input	105	M1-S1
exec	raw	12	L	S1	0.44022339237794517	2.7668924020146752	0.5370704815361881	222.24501700515148	sensory input	106	M1-S1
exec	raw	12	L	S1	0.37972273022766667	2.849879358334774	0.4734982572360365	165.45566185660795	sensory input	107	M1-S1
exec	raw	12	L	S1	0.23161723100167106	3.1280662061858915	0.488069908499672	78.6904430182596	sensory input	108	M1-S1
exec	raw	12	L	S1	0.7947334324383886	3.9778944792456294	0.899974895166024	219.4060374415107	sensory input	109	M1-S1
exec	raw	12	L	S1	2.6883734779403468	4.603622776207623	2.8807274083465386	470.4284406686507	sensory input	110	M1-S1
exec	raw	12	L	S1	0.5629759101429589	2.505533687288335	0.6552508822808996	470.4284406686507	sensory input	111	M1-S1
exec	raw	12	L	S1	0.4950407840966948	3.8307528536242925	0.6500798303863241	231.28981528673	sensory input	112	M1-S1
exec	raw	12	L	S1	1.8453950721031065	4.136361707974909	2.103726008601491	434.73561048386637	sensory input	113	M1-S1
exec	raw	12	L	S1	0.7213640088681813	3.3305577734932306	0.8956676858435358	400.2993680803274	sensory input	114	M1-S1
exec	raw	12	L	S1	0.11725642779435952	1.9639168308606636	0.17302081271777223	59.48792997841255	sensory input	115	M1-S1
exec	raw	12	L	S1	3.718176231305067e-07	3.8870048850574657	0.18948937409058664	-1.000003658575887	expectation	102	M1-S1
exec	raw	12	L	S1	0.055893705254996734	3.462021179880586	0.9378074681790196	3.1716760042925656	expectation	103	M1-S1
exec	raw	12	L	S1	0.10944241940372816	2.7407669702064092	1.434208467221338	19.854852108579124	expectation	104	M1-S1
exec	raw	12	L	S1	0.03289896806868806	1.8109268256476334	0.22756675779225144	5.264459462375867	expectation	105	M1-S1
exec	raw	12	L	S1	0.05537315126475315	2.7668924020146752	0.5370704815361881	5.808539669628504	expectation	106	M1-S1
exec	raw	12	L	S1	0.04122811716662957	2.849879358334774	0.4734982572360365	2.5014463616621065	expectation	107	M1-S1
exec	raw	12	L	S1	7.782580772766531e-16	3.1280662061858915	0.488069908499672	-1.0000044094485927	expectation	108	M1-S1
exec	raw	12	L	S1	0.017597551543295897	3.9778944792456294	0.899974895166024	-0.8021427907397805	expectation	109	M1-S1
exec	raw	12	L	S1	0.0711490798575383	4.603622776207623	2.8807274083465386	2.2004512170776898	expectation	110	M1-S1
exec	raw	12	L	S1	2.550065959294949e-08	2.505533687288335	0.6552508822808996	-0.99997064404306	expectation	111	M1-S1
exec	raw	12	L	S1	0.07827073275444231	3.8307528536242925	0.6500798303863241	8.276403769112212	expectation	112	M1-S1
exec	raw	12	L	S1	0.11980747085386191	4.136361707974909	2.103726008601491	3.589482943863406	expectation	113	M1-S1
exec	raw	12	L	S1	0.05611648738199141	3.3305577734932306	0.8956676858435358	4.689947654178554	expectation	114	M1-S1
exec	raw	12	L	S1	2.730989202421491e-07	1.9639168308606636	0.17302081271777223	-0.9999652720172434	expectation	115	M1-S1
exec	raw	12	L	S1	0.12369461394880456	3.8870048850574657	0.18948937409058664	8.194828895783598	surprise	102	M1-S1
exec	raw	12	L	S1	0.09835952244445374	3.462021179880586	0.9378074681790196	13.829051282379217	surprise	103	M1-S1
exec	raw	12	L	S1	0.05268832841718421	2.7407669702064092	1.434208467221338	7.001484746332067	surprise	104	M1-S1
exec	raw	12	L	S1	0.048883360066866804	1.8109268256476334	0.22756675779225144	13.737483974942814	surprise	105	M1-S1
exec	raw	12	L	S1	0.041473937893489736	2.7668924020146752	0.5370704815361881	4.06401347517803	surprise	106	M1-S1
exec	raw	12	L	S1	0.052547409841740264	2.849879358334774	0.4734982572360365	5.567811439141424	surprise	107	M1-S1
exec	raw	12	L	S1	0.2564526774980002	3.1280662061858915	0.488069908499672	92.75473970042816	surprise	108	M1-S1
exec	raw	12	L	S1	0.08764391118433962	3.9778944792456294	0.899974895166024	4.617668088501662	surprise	109	M1-S1
exec	raw	12	L	S1	0.12120485054865318	4.603622776207623	2.8807274083465386	10.446778868872672	surprise	110	M1-S1
exec	raw	12	L	S1	0.09227494663728111	2.505533687288335	0.6552508822808996	30.240779419158113	surprise	111	M1-S1
exec	raw	12	L	S1	0.07676831353518698	3.8307528536242925	0.6500798303863241	9.80146223304908	surprise	112	M1-S1
exec	raw	12	L	S1	0.13852346564452264	4.136361707974909	2.103726008601491	6.496054409606058	surprise	113	M1-S1
exec	raw	12	L	S1	0.11818718959336313	3.3305577734932306	0.8956676858435358	26.542943067169016	surprise	114	M1-S1
exec	raw	12	L	S1	0.055764111824492466	1.9639168308606636	0.17302081271777223	16.310538580154724	surprise	115	M1-S1
exec	raw	12	L	SPLa	2.2245536334892092e-08	3.5194993003112773	0.04767662353608225	-1.0000009087181418	sensory input	102	premotor-parietal
exec	raw	12	L	SPLa	0.13884773079773907	3.0941643648392385	0.24905443089860702	22.714435579933152	sensory input	103	premotor-parietal
exec	raw	12	L	SPLa	2.464175998514271e-208	2.5923462913455437	0.09219938411552728	-0.9999999999971891	sensory input	104	premotor-parietal
exec	raw	12	L	SPLa	1.450243983075445e-20	1.7084316069011494	0.0988086579922982	-0.9999999997645771	sensory input	105	premotor-parietal
exec	raw	12	L	SPLa	0.0007799946269216471	2.757202669010073	0.07090762717141032	-0.9994996798350604	sensory input	106	premotor-parietal
exec	raw	12	L	SPLa	0.03166129037435263	3.0326564980573787	0.0932965000785449	1.8681899239050488	sensory input	107	premotor-parietal
exec	raw	12	L	SPLa	4.144110042831866e-49	2.960762751429827	0.2642369900695809	-0.9999999999680852	sensory input	108	premotor-parietal
exec	raw	12	L	SPLa	0.1081115976551194	3.5941841652607165	0.23186943739832294	6.758274372771025	sensory input	109	premotor-parietal
exec	raw	12	L	SPLa	0.10505873144193914	4.306959913567214	0.2306033610262063	9.256538113482287	sensory input	110	premotor-parietal
exec	raw	12	L	SPLa	1.669225556390304e-07	2.7178386102582226	0.09516637461118013	-0.9999776731545491	sensory input	111	premotor-parietal
exec	raw	12	L	SPLa	0.07516808436409353	3.4952102200763964	0.22300020172394588	7.326993560851353	sensory input	112	premotor-parietal
exec	raw	12	L	SPLa	0.24654411991898698	3.9640185504059375	0.5529113685294152	21.319192835874325	sensory input	113	premotor-parietal
exec	raw	12	L	SPLa	0.009031532915566605	3.273162916707971	0.11268339057603059	-0.972969466656623	sensory input	114	premotor-parietal
exec	raw	12	L	SPLa	0.02634729869244338	2.083117771855614	0.12518959110412028	2.440240951556531	sensory input	115	premotor-parietal
exec	raw	12	L	SPLa	2.0340589418789588e-08	3.5194993003112773	0.04767662353608225	-1.00000251601664	expectation	102	premotor-parietal
exec	raw	12	L	SPLa	0.007863627670861453	3.0941643648392385	0.24905443089860702	-1.000001049363622	expectation	103	premotor-parietal
exec	raw	12	L	SPLa	1.314239708962183e-24	2.5923462913455437	0.09219938411552728	-0.9999999999971891	expectation	104	premotor-parietal
exec	raw	12	L	SPLa	1.1498233383728778e-16	1.7084316069011494	0.0988086579922982	-1.0000000007177277	expectation	105	premotor-parietal
exec	raw	12	L	SPLa	0.008354095961878482	2.757202669010073	0.07090762717141032	-0.8157401523052676	expectation	106	premotor-parietal
exec	raw	12	L	SPLa	2.8968594226963207e-07	3.0326564980573787	0.0932965000785449	-1.0000003977616914	expectation	107	premotor-parietal
exec	raw	12	L	SPLa	1.1750536152849423e-21	2.960762751429827	0.2642369900695809	-0.9999999999389814	expectation	108	premotor-parietal
exec	raw	12	L	SPLa	4.7734438669805137e-08	3.5941841652607165	0.23186943739832294	-1.0000001845502502	expectation	109	premotor-parietal
exec	raw	12	L	SPLa	3.9702041790729996e-08	4.306959913567214	0.2306033610262063	-1.0000036681972637	expectation	110	premotor-parietal
exec	raw	12	L	SPLa	2.112783109934251e-09	2.7178386102582226	0.09516637461118013	-0.9999763289856669	expectation	111	premotor-parietal
exec	raw	12	L	SPLa	0.002621416866069955	3.4952102200763964	0.22300020172394588	-0.9881947185872315	expectation	112	premotor-parietal
exec	raw	12	L	SPLa	0.12079372303040328	3.9640185504059375	0.5529113685294152	5.110504199635339	expectation	113	premotor-parietal
exec	raw	12	L	SPLa	1.0800351181931752e-14	3.273162916707971	0.11268339057603059	-1.000000000035423	expectation	114	premotor-parietal
exec	raw	12	L	SPLa	1.882818079797165e-217	2.083117771855614	0.12518959110412028	-0.9999999997526738	expectation	115	premotor-parietal
exec	raw	12	L	SPLa	0.0476765809499565	3.5194993003112773	0.04767662353608225	0.9803244503727484	surprise	102	premotor-parietal
exec	raw	12	L	SPLa	0.1023430724300065	3.0941643648392385	0.24905443089860702	12.45299999849261	surprise	103	premotor-parietal
exec	raw	12	L	SPLa	0.09219938411552728	2.5923462913455437	0.09219938411552728	26.34846798055493	surprise	104	premotor-parietal
exec	raw	12	L	SPLa	0.09880865799229809	1.7084316069011494	0.0988086579922982	40.49374004400046	surprise	105	premotor-parietal
exec	raw	12	L	SPLa	0.06177353658261019	2.757202669010073	0.07090762717141032	7.015144985244942	surprise	106	premotor-parietal
exec	raw	12	L	SPLa	0.06163492001825	3.0326564980573787	0.0932965000785449	8.982451143407806	surprise	107	premotor-parietal
exec	raw	12	L	SPLa	0.2642369900695809	2.960762751429827	0.2642369900695809	97.85470572595001	surprise	108	premotor-parietal
exec	raw	12	L	SPLa	0.12375779200876487	3.5941841652607165	0.23186943739832294	8.987848048707505	surprise	109	premotor-parietal
exec	raw	12	L	SPLa	0.12554458988222536	4.306959913567214	0.2306033610262063	13.312963384127169	surprise	110	premotor-parietal
exec	raw	12	L	SPLa	0.09516620557584138	2.7178386102582226	0.09516637461118013	25.192954852875804	surprise	111	premotor-parietal
exec	raw	12	L	SPLa	0.1452107004937824	3.4952102200763964	0.22300020172394588	25.768302385539755	surprise	112	premotor-parietal
exec	raw	12	L	SPLa	0.18557352558002502	3.9640185504059375	0.5529113685294152	13.356117085090647	surprise	113	premotor-parietal
exec	raw	12	L	SPLa	0.10365185766045319	3.273162916707971	0.11268339057603059	16.03184721700515	surprise	114	premotor-parietal
exec	raw	12	L	SPLa	0.0988422924116769	2.083117771855614	0.12518959110412028	38.239637310499994	surprise	115	premotor-parietal
exec	raw	12	L	SPLp	1.315714383728175e-07	3.6784379663423104	0.06451365661727414	-1.000003651512257	sensory input	102	premotor-parietal
exec	raw	12	L	SPLp	0.010746803004203075	3.2628446285374415	0.06756629601154208	-0.8056765950176057	sensory input	103	premotor-parietal
exec	raw	12	L	SPLp	3.979534299890228e-09	2.6150375429607924	0.0819999162935025	-0.999975730539975	sensory input	104	premotor-parietal
exec	raw	12	L	SPLp	0.003433755347693313	1.722287600148085	0.07208638331353934	-1.0000000001677887	sensory input	105	premotor-parietal
exec	raw	12	L	SPLp	0.010814157844330178	2.747936752485566	0.07679307611271446	-0.8950811271760607	sensory input	106	premotor-parietal
exec	raw	12	L	SPLp	0.04027246998951468	3.2168299496919253	0.13096216414035036	0.7251602632536205	sensory input	107	premotor-parietal
exec	raw	12	L	SPLp	1.4664631694290129e-23	3.063260020138391	0.31733133540158226	-0.999999999926138	sensory input	108	premotor-parietal
exec	raw	12	L	SPLp	0.05651730313371486	4.329559770421895	0.21264277915700627	1.5640366588886823	sensory input	109	premotor-parietal
exec	raw	12	L	SPLp	3.0234331304149504e-24	4.83791537804909	0.16050529860416007	-0.9999997493401889	sensory input	110	premotor-parietal
exec	raw	12	L	SPLp	0.017347191702914582	2.500064214349664	0.1038886132885129	0.45929332282996355	sensory input	111	premotor-parietal
exec	raw	12	L	SPLp	2.5265872657510824e-07	3.956615629948907	0.1452795752703543	-0.9999795741329534	sensory input	112	premotor-parietal
exec	raw	12	L	SPLp	0.0055566946260988265	5.347208682886498	0.22985592330003718	-0.9888718812736649	sensory input	113	premotor-parietal
exec	raw	12	L	SPLp	0.0539984113111644	3.294238072038678	0.15525559914768688	3.093164803134021	sensory input	114	premotor-parietal
exec	raw	12	L	SPLp	0.006766136235262394	2.172276562453804	0.06244810476654398	-0.7062001952058952	sensory input	115	premotor-parietal
exec	raw	12	L	SPLp	9.58552847179529e-09	3.6784379663423104	0.06451365661727414	-0.9999983040610402	expectation	102	premotor-parietal
exec	raw	12	L	SPLp	1.604867856885097e-08	3.2628446285374415	0.06756629601154208	-1.0000250249422005	expectation	103	premotor-parietal
exec	raw	12	L	SPLp	3.3985490833477956e-09	2.6150375429607924	0.0819999162935025	-0.9999762459432486	expectation	104	premotor-parietal
exec	raw	12	L	SPLp	0.0005377629210958197	1.722287600148085	0.07208638331353934	-1.0000000001386848	expectation	105	premotor-parietal
exec	raw	12	L	SPLp	0.005735522649333637	2.747936752485566	0.07679307611271446	-0.999027495291115	expectation	106	premotor-parietal
exec	raw	12	L	SPLp	4.641753876668376e-25	3.2168299496919253	0.13096216414035036	-1.0000000000667666	expectation	107	premotor-parietal
exec	raw	12	L	SPLp	4.5033782101173386e-95	3.063260020138391	0.31733133540158226	-1.0000000000134492	expectation	108	premotor-parietal
exec	raw	12	L	SPLp	4.1835252347286603e-08	4.329559770421895	0.21264277915700627	-1.0000031914933463	expectation	109	premotor-parietal
exec	raw	12	L	SPLp	3.556395670372885e-35	4.83791537804909	0.16050529860416007	-0.999999212564294	expectation	110	premotor-parietal
exec	raw	12	L	SPLp	3.4946409847203803e-09	2.500064214349664	0.1038886132885129	-1.0000019081819465	expectation	111	premotor-parietal
exec	raw	12	L	SPLp	2.2168550337359052e-08	3.956615629948907	0.1452795752703543	-0.999978336193104	expectation	112	premotor-parietal
exec	raw	12	L	SPLp	3.6252679491122535e-08	5.347208682886498	0.22985592330003718	-0.9999997869506884	expectation	113	premotor-parietal
exec	raw	12	L	SPLp	5.901234141931503e-08	3.294238072038678	0.15525559914768688	-1.0000036674399189	expectation	114	premotor-parietal
exec	raw	12	L	SPLp	9.393621307714642e-09	2.172276562453804	0.06244810476654398	-0.9999680314075068	expectation	115	premotor-parietal
exec	raw	12	L	SPLp	0.06451351546030729	3.6784379663423104	0.06451365661727414	4.1504041983987685	surprise	102	premotor-parietal
exec	raw	12	L	SPLp	0.056819476958660436	3.2628446285374415	0.06756629601154208	4.5662191399239065	surprise	103	premotor-parietal
exec	raw	12	L	SPLp	0.08199990891541913	2.6150375429607924	0.0819999162935025	24.43689048378222	surprise	104	premotor-parietal
exec	raw	12	L	SPLp	0.0681148650447502	1.722287600148085	0.07208638331353934	23.0141465928674	surprise	105	premotor-parietal
exec	raw	12	L	SPLp	0.060243395619050656	2.747936752485566	0.07679307611271446	7.498515455572525	surprise	106	premotor-parietal
exec	raw	12	L	SPLp	0.09068969415083569	3.2168299496919253	0.13096216414035036	9.618926123501167	surprise	107	premotor-parietal
exec	raw	12	L	SPLp	0.31733133540158226	3.063260020138391	0.31733133540158226	144.6778839294444	surprise	108	premotor-parietal
exec	raw	12	L	SPLp	0.15612543418803906	4.329559770421895	0.21264277915700627	16.495570034355215	surprise	109	premotor-parietal
exec	raw	12	L	SPLp	0.16050529860416007	4.83791537804909	0.16050529860416007	23.82137746304021	surprise	110	premotor-parietal
exec	raw	12	L	SPLp	0.08654141809095733	2.500064214349664	0.1038886132885129	25.385548300230468	surprise	111	premotor-parietal
exec	raw	12	L	SPLp	0.14527930044307738	3.956615629948907	0.1452795752703543	28.824706191063832	surprise	112	premotor-parietal
exec	raw	12	L	SPLp	0.22429919242125887	5.347208682886498	0.22985592330003718	13.349168480650082	surprise	113	premotor-parietal
exec	raw	12	L	SPLp	0.10125712882418107	3.294238072038678	0.15525559914768688	13.368067341766947	surprise	114	premotor-parietal
exec	raw	12	L	SPLp	0.055681959137660275	2.172276562453804	0.06244810476654398	15.986559719983799	surprise	115	premotor-parietal
exec	raw	12	R	SMA	0.05693199595868048	4.298011070023128	0.19479133848211924	0.7974848988763794	sensory input	102	premotor-parietal
exec	raw	12	R	SMA	0.0580935627183946	2.837033094548407	0.10809047793496712	5.100817012734046	sensory input	103	premotor-parietal
exec	raw	12	R	SMA	2.5085714055996275e-08	2.5781734440933786	0.0823167667375534	-0.9999773907436263	sensory input	104	premotor-parietal
exec	raw	12	R	SMA	0.002009451246911882	2.0167395254872993	0.05958513171522195	-1.0000024792331985	sensory input	105	premotor-parietal
exec	raw	12	R	SMA	1.4157378280783735e-08	2.460689126182015	0.07943185904665756	-1.000002692191331	sensory input	106	premotor-parietal
exec	raw	12	R	SMA	0.0004960788233867912	2.873891404506663	0.06868074168221015	-1.0000020069854798	sensory input	107	premotor-parietal
exec	raw	12	R	SMA	6.52074127432036e-25	2.829794039959325	0.2056913085820463	-0.9999995789710118	sensory input	108	premotor-parietal
exec	raw	12	R	SMA	0.02270715248282896	3.129642850129673	0.1446189444854512	-0.518991636464043	sensory input	109	premotor-parietal
exec	raw	12	R	SMA	1.977616527788031e-08	3.6289065779344947	0.06163560917304426	-1.0000022519077225	sensory input	110	premotor-parietal
exec	raw	12	R	SMA	2.103737602249146e-07	2.8253503837349325	0.11251628881774561	-1.0000033946814035	sensory input	111	premotor-parietal
exec	raw	12	R	SMA	0.017432477085259104	3.440391908339341	0.1108283670757036	-0.5431198491060341	sensory input	112	premotor-parietal
exec	raw	12	R	SMA	5.2986114642017436e-08	3.4025406619632483	0.1148352083480555	-1.0000012557591456	sensory input	113	premotor-parietal
exec	raw	12	R	SMA	0.014801393776196332	2.999436973990632	0.09319679461364108	-0.8119844143194221	sensory input	114	premotor-parietal
exec	raw	12	R	SMA	0.00975469819404871	1.6485143967322375	0.060186619550748346	-0.29652380172690773	sensory input	115	premotor-parietal
exec	raw	12	R	SMA	3.6593138467138703e-08	4.298011070023128	0.19479133848211924	-1.0000037387417748	expectation	102	premotor-parietal
exec	raw	12	R	SMA	6.103407785310345e-08	2.837033094548407	0.10809047793496712	-1.000002274262891	expectation	103	premotor-parietal
exec	raw	12	R	SMA	1.6684695657863827e-08	2.5781734440933786	0.0823167667375534	-0.9999797648999753	expectation	104	premotor-parietal
exec	raw	12	R	SMA	1.0126418941307467e-73	2.0167395254872993	0.05958513171522195	-1.0000014438207065	expectation	105	premotor-parietal
exec	raw	12	R	SMA	0.022091123123423446	2.460689126182015	0.07943185904665756	-0.25547953956220393	expectation	106	premotor-parietal
exec	raw	12	R	SMA	8.997999433762614e-13	2.873891404506663	0.06868074168221015	-1.0000036956583835	expectation	107	premotor-parietal
exec	raw	12	R	SMA	6.842413993522455e-29	2.829794039959325	0.2056913085820463	-0.999999196045037	expectation	108	premotor-parietal
exec	raw	12	R	SMA	3.417364053947908e-08	3.129642850129673	0.1446189444854512	-0.9999887459392914	expectation	109	premotor-parietal
exec	raw	12	R	SMA	6.663283845950794e-08	3.6289065779344947	0.06163560917304426	-1.0000037203250731	expectation	110	premotor-parietal
exec	raw	12	R	SMA	4.8940948726104505e-09	2.8253503837349325	0.11251628881774561	-1.0000017646775454	expectation	111	premotor-parietal
exec	raw	12	R	SMA	5.321871066409758e-07	3.440391908339341	0.1108283670757036	-1.0000011436604572	expectation	112	premotor-parietal
exec	raw	12	R	SMA	1.359702274408449e-08	3.4025406619632483	0.1148352083480555	-0.9999987951317135	expectation	113	premotor-parietal
exec	raw	12	R	SMA	1.112849701281179e-13	2.999436973990632	0.09319679461364108	-1.0000007281226229	expectation	114	premotor-parietal
exec	raw	12	R	SMA	1.0170869193032891e-08	1.6485143967322375	0.060186619550748346	-0.9999672060616775	expectation	115	premotor-parietal
exec	raw	12	R	SMA	0.1378593059303003	4.298011070023128	0.19479133848211924	7.5053693553259135	surprise	102	premotor-parietal
exec	raw	12	R	SMA	0.049996854182494666	2.837033094548407	0.10809047793496712	3.7023799904100327	surprise	103	premotor-parietal
exec	raw	12	R	SMA	0.08231672496714369	2.5781734440933786	0.0823167667375534	13.02632426418747	surprise	104	premotor-parietal
exec	raw	12	R	SMA	0.05757568046831007	2.0167395254872993	0.05958513171522195	5.758743742946058	surprise	105	premotor-parietal
exec	raw	12	R	SMA	0.05734072176585584	2.460689126182015	0.07943185904665756	4.644929231312329	surprise	106	premotor-parietal
exec	raw	12	R	SMA	0.06818466285792356	2.873891404506663	0.06868074168221015	5.194929007179181	surprise	107	premotor-parietal
exec	raw	12	R	SMA	0.2056913085820463	2.829794039959325	0.2056913085820463	56.05771564231868	surprise	108	premotor-parietal
exec	raw	12	R	SMA	0.12191175782898171	3.129642850129673	0.1446189444854512	10.475107084111967	surprise	109	premotor-parietal
exec	raw	12	R	SMA	0.06163552276404052	3.6289065779344947	0.06163560917304426	3.327946147157842	surprise	110	premotor-parietal
exec	raw	12	R	SMA	0.11251607354989052	2.8253503837349325	0.11251628881774561	24.53550479190095	surprise	111	premotor-parietal
exec	raw	12	R	SMA	0.09339535780333785	3.440391908339341	0.1108283670757036	8.881375424865675	surprise	112	premotor-parietal
exec	raw	12	R	SMA	0.1148351417649181	3.4025406619632483	0.1148352083480555	5.478376057716435	surprise	113	premotor-parietal
exec	raw	12	R	SMA	0.07839540083733347	2.999436973990632	0.09319679461364108	6.546295338153017	surprise	114	premotor-parietal
exec	raw	12	R	SMA	0.050431911185830444	1.6485143967322375	0.060186619550748346	14.499968084066438	surprise	115	premotor-parietal
exec	raw	12	R	PMd	2.603758926875794e-08	3.8607141659214808	0.03691644997375716	-1.0000019468278372	sensory input	102	premotor-parietal
exec	raw	12	R	PMd	0.07052686085544328	3.2553178825699183	0.15620616346473848	12.439086968307965	sensory input	103	premotor-parietal
exec	raw	12	R	PMd	1.0348387584486094e-07	2.6866718254960853	0.09222340793966698	-1.000000582611059	sensory input	104	premotor-parietal
exec	raw	12	R	PMd	8.421555698421248e-302	1.790718999130959	0.0709319570177399	-0.9999999995800314	sensory input	105	premotor-parietal
exec	raw	12	R	PMd	1.450996517879724e-76	2.588411123322308	0.08896970915992997	-1.000002058609257	sensory input	106	premotor-parietal
exec	raw	12	R	PMd	0.019503053624828518	2.4968452466541553	0.08008966454494873	0.12993906498634133	sensory input	107	premotor-parietal
exec	raw	12	R	PMd	1.634656353487524e-08	3.1674529404793588	0.19228608636157446	-1.000001272131468	sensory input	108	premotor-parietal
exec	raw	12	R	PMd	0.06111468583859342	4.405036916466582	0.23614712307116695	1.9750172143439375	sensory input	109	premotor-parietal
exec	raw	12	R	PMd	1.807695230738424e-08	3.86243614166147	0.09600299968286093	-1.0000004032203882	sensory input	110	premotor-parietal
exec	raw	12	R	PMd	5.499599392401721e-08	2.768834118116821	0.0508512280806207	-1.00000082537817	sensory input	111	premotor-parietal
exec	raw	12	R	PMd	0.007564021197489039	4.161221037880214	0.12721051760497226	-1.0000026155388837	sensory input	112	premotor-parietal
exec	raw	12	R	PMd	0.18590791696296904	6.089032611028772	0.37703584081470276	8.89550708061584	sensory input	113	premotor-parietal
exec	raw	12	R	PMd	0.027761660289813396	3.321216770952388	0.11157306831045663	0.4918782333359592	sensory input	114	premotor-parietal
exec	raw	12	R	PMd	0.040623719212609474	1.9040472458740054	0.09953250003382674	13.977297618627386	sensory input	115	premotor-parietal
exec	raw	12	R	PMd	1.6316284650750495e-08	3.8607141659214808	0.03691644997375716	-1.000000911730182	expectation	102	premotor-parietal
exec	raw	12	R	PMd	1.9483802019211892e-08	3.2553178825699183	0.15620616346473848	-1.000001334070613	expectation	103	premotor-parietal
exec	raw	12	R	PMd	5.981127656333106e-09	2.6866718254960853	0.09222340793966698	-1.0000013109345627	expectation	104	premotor-parietal
exec	raw	12	R	PMd	2.0863723864816915e-14	1.790718999130959	0.0709319570177399	-1.0000000009624634	expectation	105	premotor-parietal
exec	raw	12	R	PMd	0.013279481101618439	2.588411123322308	0.08896970915992997	-0.15185484374092284	expectation	106	premotor-parietal
exec	raw	12	R	PMd	1.3078759192855316e-07	2.4968452466541553	0.08008966454494873	-1.0000024003966712	expectation	107	premotor-parietal
exec	raw	12	R	PMd	3.4880199973637155e-09	3.1674529404793588	0.19228608636157446	-1.000001154260949	expectation	108	premotor-parietal
exec	raw	12	R	PMd	3.2843268879720125e-08	4.405036916466582	0.23614712307116695	-1.0000017402058772	expectation	109	premotor-parietal
exec	raw	12	R	PMd	1.9189322465458704e-08	3.86243614166147	0.09600299968286093	-1.0000040047875933	expectation	110	premotor-parietal
exec	raw	12	R	PMd	6.748232742507095e-09	2.768834118116821	0.0508512280806207	-1.0000037396357586	expectation	111	premotor-parietal
exec	raw	12	R	PMd	0.02357053307203188	4.161221037880214	0.12721051760497226	-0.6562423481737069	expectation	112	premotor-parietal
exec	raw	12	R	PMd	2.4379613182387836e-26	6.089032611028772	0.37703584081470276	-1.0000000004042957	expectation	113	premotor-parietal
exec	raw	12	R	PMd	2.6116328046988055e-57	3.321216770952388	0.11157306831045663	-0.9999999999985048	expectation	114	premotor-parietal
exec	raw	12	R	PMd	3.307124378192678e-07	1.9040472458740054	0.09953250003382674	-0.9999986306980856	expectation	115	premotor-parietal
exec	raw	12	R	PMd	0.03691640761988324	3.8607141659214808	0.03691644997375716	0.598518685977966	surprise	102	premotor-parietal
exec	raw	12	R	PMd	0.08567928312549318	3.2553178825699183	0.15620616346473848	17.95801856325715	surprise	103	premotor-parietal
exec	raw	12	R	PMd	0.09222329847466347	2.6866718254960853	0.09222340793966698	31.31031863197661	surprise	104	premotor-parietal
exec	raw	12	R	PMd	0.07093195701771904	1.790718999130959	0.0709319570177399	25.375470964580984	surprise	105	premotor-parietal
exec	raw	12	R	PMd	0.07569022805831152	2.588411123322308	0.08896970915992997	19.90842276513157	surprise	106	premotor-parietal
exec	raw	12	R	PMd	0.060586480132528285	2.4968452466541553	0.08008966454494873	11.519556017495983	surprise	107	premotor-parietal
exec	raw	12	R	PMd	0.19228606652699093	3.1674529404793588	0.19228608636157446	67.26659050288724	surprise	108	premotor-parietal
exec	raw	12	R	PMd	0.17503240438930465	4.405036916466582	0.23614712307116695	18.63255894543822	surprise	109	premotor-parietal
exec	raw	12	R	PMd	0.09600296241658615	3.86243614166147	0.09600299968286093	14.474671684172673	surprise	110	premotor-parietal
exec	raw	12	R	PMd	0.050851166336394034	2.768834118116821	0.0508512280806207	11.017594738814275	surprise	111	premotor-parietal
exec	raw	12	R	PMd	0.09607596333545133	4.161221037880214	0.12721051760497226	9.902168345818533	surprise	112	premotor-parietal
exec	raw	12	R	PMd	0.19112792385173374	6.089032611028772	0.37703584081470276	9.400907501557345	surprise	113	premotor-parietal
exec	raw	12	R	PMd	0.08381140802064324	3.321216770952388	0.11157306831045663	12.631021884655649	surprise	114	premotor-parietal
exec	raw	12	R	PMd	0.058908450108779445	1.9040472458740054	0.09953250003382674	28.22604085335701	surprise	115	premotor-parietal
exec	raw	12	R	PMv	0.0821666237611349	3.91592030614533	0.14574781419339336	2.040618705434523	sensory input	102	premotor-parietal
exec	raw	12	R	PMv	0.12560463238328062	2.818705026421895	0.21354425692908216	11.278382403202901	sensory input	103	premotor-parietal
exec	raw	12	R	PMv	0.0	2.6312096490587766	0.06886066959315862	-1.0000003532866755	sensory input	104	premotor-parietal
exec	raw	12	R	PMv	5.700981249044881e-57	1.8504482337425117	0.09374265088690427	-1.0000000126086381	sensory input	105	premotor-parietal
exec	raw	12	R	PMv	3.824534629324076e-08	2.22473391969869	0.042030968196151944	-1.0000024528169535	sensory input	106	premotor-parietal
exec	raw	12	R	PMv	0.0295766159989103	2.6832391356127885	0.09273918511172434	0.48945279743950737	sensory input	107	premotor-parietal
exec	raw	12	R	PMv	0.0	2.9089997394698788	0.22300548616608942	-1.0000170007890903	sensory input	108	premotor-parietal
exec	raw	12	R	PMv	0.05575188706052172	3.404406932873549	0.11321208109594325	0.05445819008360897	sensory input	109	premotor-parietal
exec	raw	12	R	PMv	5.19261120102233e-08	3.3378813552964908	0.06112772856084526	-1.0000013315965388	sensory input	110	premotor-parietal
exec	raw	12	R	PMv	0.0010812817548808424	2.7079638647053463	0.09347100552730704	-0.9979124005758543	sensory input	111	premotor-parietal
exec	raw	12	R	PMv	2.404875014813767e-08	3.163212073836067	0.11451292308500519	-0.9999746919014205	sensory input	112	premotor-parietal
exec	raw	12	R	PMv	0.10480181292077068	3.8520597610083054	0.17682776486161644	0.7876953748299539	sensory input	113	premotor-parietal
exec	raw	12	R	PMv	0.0007341093105718624	3.0587250229505156	0.08125584030766485	-0.9992360880025537	sensory input	114	premotor-parietal
exec	raw	12	R	PMv	0.10799709800694916	1.7389644602435692	0.2016538947311384	29.782891537103787	sensory input	115	premotor-parietal
exec	raw	12	R	PMv	1.9296559230718278e-08	3.91592030614533	0.14574781419339336	-1.000000864161306	expectation	102	premotor-parietal
exec	raw	12	R	PMv	2.68702429536783e-13	2.818705026421895	0.21354425692908216	-1.0000036475148946	expectation	103	premotor-parietal
exec	raw	12	R	PMv	1.92126144692367e-12	2.6312096490587766	0.06886066959315862	-1.0000017845139024	expectation	104	premotor-parietal
exec	raw	12	R	PMv	7.26634161427508e-13	1.8504482337425117	0.09374265088690427	-1.0000000122521158	expectation	105	premotor-parietal
exec	raw	12	R	PMv	4.661572827855339e-08	2.22473391969869	0.042030968196151944	-1.0000009497008295	expectation	106	premotor-parietal
exec	raw	12	R	PMv	5.925681489639271e-19	2.6832391356127885	0.09273918511172434	-0.9999990822211666	expectation	107	premotor-parietal
exec	raw	12	R	PMv	2.31912434486813e-296	2.9089997394698788	0.22300548616608942	-1.0000169230829843	expectation	108	premotor-parietal
exec	raw	12	R	PMv	4.628778589715343e-08	3.404406932873549	0.11321208109594325	-1.0000007262876167	expectation	109	premotor-parietal
exec	raw	12	R	PMv	3.44301382451824e-08	3.3378813552964908	0.06112772856084526	-1.000004480293529	expectation	110	premotor-parietal
exec	raw	12	R	PMv	1.786104350253188e-08	2.7079638647053463	0.09347100552730704	-0.9999997234796134	expectation	111	premotor-parietal
exec	raw	12	R	PMv	5.527961682536882e-08	3.163212073836067	0.11451292308500519	-0.9999778629956969	expectation	112	premotor-parietal
exec	raw	12	R	PMv	3.1202166938052684e-15	3.8520597610083054	0.17682776486161644	-1.0000008204019255	expectation	113	premotor-parietal
exec	raw	12	R	PMv	2.5935392815049258e-20	3.0587250229505156	0.08125584030766485	-0.9999973199369117	expectation	114	premotor-parietal
exec	raw	12	R	PMv	1.5822863865059302e-11	1.7389644602435692	0.2016538947311384	-1.0000000000618459	expectation	115	premotor-parietal
exec	raw	12	R	PMv	0.06358117113569924	3.91592030614533	0.14574781419339336	0.8842161676536939	surprise	102	premotor-parietal
exec	raw	12	R	PMv	0.08793962454553284	2.818705026421895	0.21354425692908216	5.056231580830203	surprise	103	premotor-parietal
exec	raw	12	R	PMv	0.06886066959123736	2.6312096490587766	0.06886066959315862	5.191305969901865	surprise	104	premotor-parietal
exec	raw	12	R	PMv	0.09374265088617763	1.8504482337425117	0.09374265088690427	20.164220130997315	surprise	105	premotor-parietal
exec	raw	12	R	PMv	0.042030883335077374	2.22473391969869	0.042030968196151944	3.209866314997047	surprise	106	premotor-parietal
exec	raw	12	R	PMv	0.06316256911281404	2.6832391356127885	0.09273918511172434	4.902683251405432	surprise	107	premotor-parietal
exec	raw	12	R	PMv	0.22300548616608942	2.9089997394698788	0.22300548616608942	30.892246992071172	surprise	108	premotor-parietal
exec	raw	12	R	PMv	0.05746014774763563	3.404406932873549	0.11321208109594325	0.12400660261578589	surprise	109	premotor-parietal
exec	raw	12	R	PMv	0.061127642204595004	3.3378813552964908	0.06112772856084526	2.9249742395332374	surprise	110	premotor-parietal
exec	raw	12	R	PMv	0.0923897059113827	2.7079638647053463	0.09347100552730704	10.746483006498778	surprise	111	premotor-parietal
exec	raw	12	R	PMv	0.11451284375663821	3.163212073836067	0.11451292308500519	11.553355478649515	surprise	112	premotor-parietal
exec	raw	12	R	PMv	0.07202595194084264	3.8520597610083054	0.17682776486161644	-0.27989772340342467	surprise	113	premotor-parietal
exec	raw	12	R	PMv	0.08052173099709299	3.0587250229505156	0.08125584030766485	6.784366932643801	surprise	114	premotor-parietal
exec	raw	12	R	PMv	0.09365679670836637	1.7389644602435692	0.2016538947311384	23.459091938514003	surprise	115	premotor-parietal
exec	raw	12	R	M1	0.09331698173018853	3.50768733773293	0.2080946928088147	1.9908223826744076	sensory input	102	M1-S1
exec	raw	12	R	M1	0.17219231218689227	2.6107530367724654	0.2326107351409954	35.44753187698583	sensory input	103	M1-S1
exec	raw	12	R	M1	0.04864019284340649	2.3132668267779115	0.11374201039814738	1.4733903772610581	sensory input	104	M1-S1
exec	raw	12	R	M1	6.731803663756157e-08	1.7311391497988478	0.02559801380836721	-1.0000029095013045	sensory input	105	M1-S1
exec	raw	12	R	M1	5.6413290506390214e-08	2.222428331096102	0.02631167458732976	-1.0000016096113356	sensory input	106	M1-S1
exec	raw	12	R	M1	0.08480111462523407	2.1824362520836846	0.1348780874512894	7.456586938964163	sensory input	107	M1-S1
exec	raw	12	R	M1	0.0	2.5403852500001456	0.2070906839604439	-0.99999999995549	sensory input	108	M1-S1
exec	raw	12	R	M1	0.1334667839005316	2.875354186072938	0.22839413727339603	6.484614684387661	sensory input	109	M1-S1
exec	raw	12	R	M1	2.873794368205825e-08	3.167703141486482	0.0988917988014352	-1.0000024001584114	sensory input	110	M1-S1
exec	raw	12	R	M1	1.937817581833834e-08	2.492279130396084	0.058241029371135504	-1.0000024137016865	sensory input	111	M1-S1
exec	raw	12	R	M1	0.2399983830421551	3.174347023730627	0.39688098744294137	38.217769369710375	sensory input	112	M1-S1
exec	raw	12	R	M1	0.20298978543433147	3.712469695327014	0.375253976700461	5.949403593291752	sensory input	113	M1-S1
exec	raw	12	R	M1	0.02551432602352518	2.639774843004136	0.09240222578080372	0.020609183156241717	sensory input	114	M1-S1
exec	raw	12	R	M1	0.025719044520726375	1.4417438399266362	0.09647455868170007	1.714972915167835	sensory input	115	M1-S1
exec	raw	12	R	M1	4.844952047248465e-22	3.50768733773293	0.2080946928088147	-0.9999999997253903	expectation	102	M1-S1
exec	raw	12	R	M1	8.697740268496569e-08	2.6107530367724654	0.2326107351409954	-1.0000020564953283	expectation	103	M1-S1
exec	raw	12	R	M1	3.1832113600650673e-08	2.3132668267779115	0.11374201039814738	-1.0000020006975232	expectation	104	M1-S1
exec	raw	12	R	M1	3.503331768674196e-08	1.7311391497988478	0.02559801380836721	-1.0000049636205128	expectation	105	M1-S1
exec	raw	12	R	M1	1.4701250068917563e-06	2.222428331096102	0.02631167458732976	-1.000001250048771	expectation	106	M1-S1
exec	raw	12	R	M1	2.975726477123578e-07	2.1824362520836846	0.1348780874512894	-1.000001453070916	expectation	107	M1-S1
exec	raw	12	R	M1	3.0581893806156275e-24	2.5403852500001456	0.2070906839604439	-0.9999999999773179	expectation	108	M1-S1
exec	raw	12	R	M1	0.02185710584083132	2.875354186072938	0.22839413727339603	-0.7902181175686542	expectation	109	M1-S1
exec	raw	12	R	M1	3.840518154817607e-08	3.167703141486482	0.0988917988014352	-1.0000037147644012	expectation	110	M1-S1
exec	raw	12	R	M1	3.4382412124665514e-09	2.492279130396084	0.058241029371135504	-1.0000009100142317	expectation	111	M1-S1
exec	raw	12	R	M1	0.06967353027087435	3.174347023730627	0.39688098744294137	3.4940779126787476	expectation	112	M1-S1
exec	raw	12	R	M1	0.032617944512502786	3.712469695327014	0.375253976700461	-0.8138677982783898	expectation	113	M1-S1
exec	raw	12	R	M1	3.305077815318534e-08	2.639774843004136	0.09240222578080372	-1.0000033161962303	expectation	114	M1-S1
exec	raw	12	R	M1	0.004571601786293272	1.4417438399266362	0.09647455868170007	-0.9127750869042959	expectation	115	M1-S1
exec	raw	12	R	M1	0.1147777110786262	3.50768733773293	0.2080946928088147	3.309163018367279	surprise	102	M1-S1
exec	raw	12	R	M1	0.06041833597670044	2.6107530367724654	0.2326107351409954	5.247707878517826	surprise	103	M1-S1
exec	raw	12	R	M1	0.0651017857226273	2.3132668267779115	0.11374201039814738	3.4953320969836437	surprise	104	M1-S1
exec	raw	12	R	M1	0.025597911457012883	1.7311391497988478	0.02559801380836721	0.8560886672682392	surprise	105	M1-S1
exec	raw	12	R	M1	0.026310148049032363	2.222428331096102	0.02631167458732976	0.27348551505746954	surprise	106	M1-S1
exec	raw	12	R	M1	0.05007667525340762	2.1824362520836846	0.1348780874512894	1.6874817981272963	surprise	107	M1-S1
exec	raw	12	R	M1	0.2070906839604439	2.5403852500001456	0.2070906839604439	24.40743712991586	surprise	108	M1-S1
exec	raw	12	R	M1	0.07307024753203312	2.875354186072938	0.22839413727339603	1.6007172590564467	surprise	109	M1-S1
exec	raw	12	R	M1	0.09889173165830997	3.167703141486482	0.0988917988014352	5.615532343146783	surprise	110	M1-S1
exec	raw	12	R	M1	0.05824100655471847	2.492279130396084	0.058241029371135504	5.544576766806874	surprise	111	M1-S1
exec	raw	12	R	M1	0.08720907412991193	3.174347023730627	0.39688098744294137	6.798569473408005	surprise	112	M1-S1
exec	raw	12	R	M1	0.13964624675362672	3.712469695327014	0.375253976700461	2.662505999301612	surprise	113	M1-S1
exec	raw	12	R	M1	0.06688786670650039	2.639774843004136	0.09240222578080372	4.868610006029886	surprise	114	M1-S1
exec	raw	12	R	M1	0.06618391237468042	1.4417438399266362	0.09647455868170007	13.993093474080705	surprise	115	M1-S1
exec	raw	12	R	S1	0.040617285002621475	3.729162300718256	0.12213020810845693	0.20789626485029744	sensory input	102	M1-S1
exec	raw	12	R	S1	0.12441044984619837	3.2605875733056555	0.18843378262242622	25.381288776047196	sensory input	103	M1-S1
exec	raw	12	R	S1	0.008282016392540855	2.5315458286223373	0.07158132296806514	-0.8963319088468575	sensory input	104	M1-S1
exec	raw	12	R	S1	5.838008616240799e-97	1.7765203629135808	0.05951602062213724	-0.999993319045588	sensory input	105	M1-S1
exec	raw	12	R	S1	4.930211483856848e-09	2.5693949960737874	0.0696026553872311	-0.9999740765062437	sensory input	106	M1-S1
exec	raw	12	R	S1	0.00022136461799604704	2.4901200615027927	0.07106492643605121	-0.9998075007159787	sensory input	107	M1-S1
exec	raw	12	R	S1	0.0001275464175346501	3.1078871506012242	0.2511406279501977	-0.9999460587973023	sensory input	108	M1-S1
exec	raw	12	R	S1	0.07047172688247796	4.014335521607848	0.20011015014500724	1.324539127516077	sensory input	109	M1-S1
exec	raw	12	R	S1	7.811672070137455e-09	3.748040026071779	0.060959715420868185	-1.0000046418579838	sensory input	110	M1-S1
exec	raw	12	R	S1	1.8548014374452996e-08	2.5140273366355657	0.09100833687754781	-0.9999741146887287	sensory input	111	M1-S1
exec	raw	12	R	S1	0.10922502947706955	3.6862946035612683	0.2578487501384127	13.96176382680108	sensory input	112	M1-S1
exec	raw	12	R	S1	0.25764296474474296	4.548086347169648	0.4071946430859176	15.698595809840862	sensory input	113	M1-S1
exec	raw	12	R	S1	0.019481362200461635	3.052140531358793	0.12595734519576804	-0.7555476150652125	sensory input	114	M1-S1
exec	raw	12	R	S1	0.01576518979125153	1.6902617906703383	0.08709903484449487	1.0269830474247548	sensory input	115	M1-S1
exec	raw	12	R	S1	2.0587680725700854e-08	3.729162300718256	0.12213020810845693	-0.9999999081761143	expectation	102	M1-S1
exec	raw	12	R	S1	2.4909444849186946e-08	3.2605875733056555	0.18843378262242622	-0.9999997651848478	expectation	103	M1-S1
exec	raw	12	R	S1	2.9692869836586435e-08	2.5315458286223373	0.07158132296806514	-1.0000024094672326	expectation	104	M1-S1
exec	raw	12	R	S1	1.315335923006744e-83	1.7765203629135808	0.05951602062213724	-1.0000269751825643	expectation	105	M1-S1
exec	raw	12	R	S1	1.4352841266640001e-08	2.5693949960737874	0.0696026553872311	-0.9999772328950193	expectation	106	M1-S1
exec	raw	12	R	S1	6.305575412887103e-17	2.4901200615027927	0.07106492643605121	-1.0000000784561296	expectation	107	M1-S1
exec	raw	12	R	S1	2.7181349121265237e-22	3.1078871506012242	0.2511406279501977	-0.9999763886009815	expectation	108	M1-S1
exec	raw	12	R	S1	7.659922199337597e-08	4.014335521607848	0.20011015014500724	-1.000029803384479	expectation	109	M1-S1
exec	raw	12	R	S1	1.2106345929562028e-08	3.748040026071779	0.060959715420868185	-1.000002082396723	expectation	110	M1-S1
exec	raw	12	R	S1	2.055222845399342e-09	2.5140273366355657	0.09100833687754781	-0.9999741937934622	expectation	111	M1-S1
exec	raw	12	R	S1	0.025163967755348134	3.6862946035612683	0.2578487501384127	0.04677530454143919	expectation	112	M1-S1
exec	raw	12	R	S1	1.9736443899596723e-06	4.548086347169648	0.4071946430859176	-0.999999980682543	expectation	113	M1-S1
exec	raw	12	R	S1	0.03378627548753774	3.052140531358793	0.12595734519576804	0.2600797577015199	expectation	114	M1-S1
exec	raw	12	R	S1	1.1726966549722673e-07	1.6902617906703383	0.08709903484449487	-0.9999774403651096	expectation	115	M1-S1
exec	raw	12	R	S1	0.08151290251815473	3.729162300718256	0.12213020810845693	3.287985761899253	surprise	102	M1-S1
exec	raw	12	R	S1	0.064023307866783	3.2605875733056555	0.18843378262242622	7.092613347088307	surprise	103	M1-S1
exec	raw	12	R	S1	0.06329927688265445	2.5315458286223373	0.07158132296806514	9.135966983148187	surprise	104	M1-S1
exec	raw	12	R	S1	0.05951602062213724	1.7765203629135808	0.05951602062213724	12.807976290120779	surprise	105	M1-S1
exec	raw	12	R	S1	0.06960263610417834	2.5693949960737874	0.0696026553872311	14.156405193757886	surprise	106	M1-S1
exec	raw	12	R	S1	0.0708435618180551	2.4901200615027927	0.07106492643605121	17.68931801093939	surprise	107	M1-S1
exec	raw	12	R	S1	0.25101308153266305	3.1078871506012242	0.2511406279501977	82.4370353920621	surprise	108	M1-S1
exec	raw	12	R	S1	0.12963834666330729	4.014335521607848	0.20011015014500724	6.923563021472184	surprise	109	M1-S1
exec	raw	12	R	S1	0.060959695502850186	3.748040026071779	0.060959715420868185	5.489730486664109	surprise	110	M1-S1
exec	raw	12	R	S1	0.0910083162743106	2.5140273366355657	0.09100833687754781	26.763843373114444	surprise	111	M1-S1
exec	raw	12	R	S1	0.12345975290599503	3.6862946035612683	0.2578487501384127	18.651533173229623	surprise	112	M1-S1
exec	raw	12	R	S1	0.14954970469678466	4.548086347169648	0.4071946430859176	5.397279688147594	surprise	113	M1-S1
exec	raw	12	R	S1	0.07268970750776867	3.052140531358793	0.12595734519576804	6.522609561476577	surprise	114	M1-S1
exec	raw	12	R	S1	0.07133372778357784	1.6902617906703383	0.08709903484449487	29.889569710955918	surprise	115	M1-S1
exec	raw	12	R	SPLa	4.5716601799035337e-07	3.2874721818649504	0.06449394076270203	-1.0000010832750132	sensory input	102	premotor-parietal
exec	raw	12	R	SPLa	0.09021116026008402	3.0266918993042986	0.160475941006233	13.709080173048525	sensory input	103	premotor-parietal
exec	raw	12	R	SPLa	3.873231944300669e-08	2.4414708888389653	0.08000139604783556	-0.9999758162601258	sensory input	104	premotor-parietal
exec	raw	12	R	SPLa	1.3146780976041184e-32	1.6451339646302543	0.06638361501240121	-1.0000000003221674	sensory input	105	premotor-parietal
exec	raw	12	R	SPLa	0.01610110071452801	2.517271344671991	0.08894074624932388	-0.14863542781657724	sensory input	106	premotor-parietal
exec	raw	12	R	SPLa	0.02663676057075967	2.380330818850136	0.08723395833960705	0.7649990911595075	sensory input	107	premotor-parietal
exec	raw	12	R	SPLa	9.068323335603138e-09	3.0147033957955642	0.21202344535781179	-0.9999753715149508	sensory input	108	premotor-parietal
exec	raw	12	R	SPLa	0.020390716201563273	3.609780644013888	0.1663568877546355	-0.8114334699121755	sensory input	109	premotor-parietal
exec	raw	12	R	SPLa	0.018293420968005937	3.5898959776295185	0.14086516170693902	-0.9512189503171715	sensory input	110	premotor-parietal
exec	raw	12	R	SPLa	5.664749305007975e-09	2.5253510012621603	0.07245461387906511	-0.9999754243929571	sensory input	111	premotor-parietal
exec	raw	12	R	SPLa	2.0563829423200334e-31	3.6910916738139616	0.15624357494435334	-1.00000000002519	sensory input	112	premotor-parietal
exec	raw	12	R	SPLa	0.13682450540117813	4.602050297811095	0.32067548067675716	3.4244079976659934	sensory input	113	premotor-parietal
exec	raw	12	R	SPLa	3.523721504451882e-20	2.987417992247386	0.07782007057765256	-1.0000000728070442	sensory input	114	premotor-parietal
exec	raw	12	R	SPLa	2.5477303894888403e-304	1.5364674504192875	0.09061784590094453	-0.9999999962926102	sensory input	115	premotor-parietal
exec	raw	12	R	SPLa	1.7803319633993543e-08	3.2874721818649504	0.06449394076270203	-1.000002921871784	expectation	102	premotor-parietal
exec	raw	12	R	SPLa	1.2824092047700326e-07	3.0266918993042986	0.160475941006233	-1.0000008457286509	expectation	103	premotor-parietal
exec	raw	12	R	SPLa	7.534474884159914e-09	2.4414708888389653	0.08000139604783556	-0.9999778463969236	expectation	104	premotor-parietal
exec	raw	12	R	SPLa	9.551364130329164e-13	1.6451339646302543	0.06638361501240121	-0.9999999999583696	expectation	105	premotor-parietal
exec	raw	12	R	SPLa	4.819058592778072e-08	2.517271344671991	0.08894074624932388	-1.0000022220161402	expectation	106	premotor-parietal
exec	raw	12	R	SPLa	2.4518528483667107e-07	2.380330818850136	0.08723395833960705	-1.0000122609215687	expectation	107	premotor-parietal
exec	raw	12	R	SPLa	1.3220354147747782e-08	3.0147033957955642	0.21202344535781179	-0.9999771999468483	expectation	108	premotor-parietal
exec	raw	12	R	SPLa	5.233060757343554e-12	3.609780644013888	0.1663568877546355	-1.0000000000156781	expectation	109	premotor-parietal
exec	raw	12	R	SPLa	1.0623792153630635e-237	3.5898959776295185	0.14086516170693902	-1.0000263421675717	expectation	110	premotor-parietal
exec	raw	12	R	SPLa	2.2435889945394596e-09	2.5253510012621603	0.07245461387906511	-0.9999770305565155	expectation	111	premotor-parietal
exec	raw	12	R	SPLa	0.0	3.6910916738139616	0.15624357494435334	-1.0000000000106384	expectation	112	premotor-parietal
exec	raw	12	R	SPLa	5.541279749079319e-08	4.602050297811095	0.32067548067675716	-1.000003284928879	expectation	113	premotor-parietal
exec	raw	12	R	SPLa	1.7463440087146993e-151	2.987417992247386	0.07782007057765256	-1.0000000025812477	expectation	114	premotor-parietal
exec	raw	12	R	SPLa	1.2089818130159212e-150	1.5364674504192875	0.09061784590094453	-0.9999999962271269	expectation	115	premotor-parietal
exec	raw	12	R	SPLa	0.0644934657933644	3.2874721818649504	0.06449394076270203	3.6340990733669267	surprise	102	premotor-parietal
exec	raw	12	R	SPLa	0.0702646525052285	3.0266918993042986	0.160475941006233	8.4738233266728	surprise	103	premotor-parietal
exec	raw	12	R	SPLa	0.08000134978104123	2.4414708888389653	0.08000139604783556	17.588705075804484	surprise	104	premotor-parietal
exec	raw	12	R	SPLa	0.06638361501144607	1.6451339646302543	0.06638361501240121	18.26877272338574	surprise	105	premotor-parietal
exec	raw	12	R	SPLa	0.07283959734420994	2.517271344671991	0.08894074624932388	12.805405195147985	surprise	106	premotor-parietal
exec	raw	12	R	SPLa	0.06059695258356255	2.380330818850136	0.08723395833960705	8.096620459749786	surprise	107	premotor-parietal
exec	raw	12	R	SPLa	0.2120234230691343	3.0147033957955642	0.21202344535781179	72.00778711398323	surprise	108	premotor-parietal
exec	raw	12	R	SPLa	0.14596617154783917	3.609780644013888	0.1663568877546355	10.933661070708112	surprise	109	premotor-parietal
exec	raw	12	R	SPLa	0.12257174073893308	3.5898959776295185	0.14086516170693902	11.179211165533857	surprise	110	premotor-parietal
exec	raw	12	R	SPLa	0.07245460597072681	2.5253510012621603	0.07245461387906511	15.494420833861223	surprise	111	premotor-parietal
exec	raw	12	R	SPLa	0.15624357494435334	3.6910916738139616	0.15624357494435334	32.451654177170106	surprise	112	premotor-parietal
exec	raw	12	R	SPLa	0.18385091986278154	4.602050297811095	0.32067548067675716	6.881338973000132	surprise	113	premotor-parietal
exec	raw	12	R	SPLa	0.07782007057765256	2.987417992247386	0.07782007057765256	10.598175580879548	surprise	114	premotor-parietal
exec	raw	12	R	SPLa	0.09061784590094453	1.5364674504192875	0.09061784590094453	35.57034564778827	surprise	115	premotor-parietal
exec	raw	12	R	SPLp	0.006206821696684523	3.5119359624391575	0.07990042751164962	-0.953769421529663	sensory input	102	premotor-parietal
exec	raw	12	R	SPLp	0.03969271517312248	3.1372877460037834	0.13243447388523077	2.656454879950737	sensory input	103	premotor-parietal
exec	raw	12	R	SPLp	1.8723788873966294e-17	2.606074169476343	0.10671112229847449	-1.0000000000632236	sensory input	104	premotor-parietal
exec	raw	12	R	SPLp	0.01471293156580422	1.7029916837822379	0.08961174060881755	-0.12154167151909923	sensory input	105	premotor-parietal
exec	raw	12	R	SPLp	4.2522165691197716e-08	2.5259946988462727	0.06657964697476623	-0.9999773016640159	sensory input	106	premotor-parietal
exec	raw	12	R	SPLp	0.015730401070981937	2.6014029819132434	0.08956267950510054	-0.761932173715455	sensory input	107	premotor-parietal
exec	raw	12	R	SPLp	1.226611183788822e-30	3.01313149952024	0.25622394443012614	-0.9999999999759123	sensory input	108	premotor-parietal
exec	raw	12	R	SPLp	7.214465368101546e-08	3.7302949622811865	0.10381685390354789	-1.0000037725292061	sensory input	109	premotor-parietal
exec	raw	12	R	SPLp	2.3415150040787313e-160	4.264566221231537	0.12373366405793564	-0.999999823208215	sensory input	110	premotor-parietal
exec	raw	12	R	SPLp	2.6375896376666887e-08	2.4440231256509026	0.08642074797703321	-1.0000009733240476	sensory input	111	premotor-parietal
exec	raw	12	R	SPLp	0.004105774529726766	4.0442604417355685	0.19190982780524402	-0.9706715770948526	sensory input	112	premotor-parietal
exec	raw	12	R	SPLp	5.1498590430094e-209	4.797495114200867	0.2556918941333834	-1.0000000000089302	sensory input	113	premotor-parietal
exec	raw	12	R	SPLp	0.003976774218740223	3.325919342479672	0.11546362377073005	-1.0000095077265085	sensory input	114	premotor-parietal
exec	raw	12	R	SPLp	0.037893218545313884	1.8352852693982722	0.12412936078148822	8.478505383913063	sensory input	115	premotor-parietal
exec	raw	12	R	SPLp	1.914307690340081e-08	3.5119359624391575	0.07990042751164962	-1.0000018793334782	expectation	102	premotor-parietal
exec	raw	12	R	SPLp	2.8994415453732096e-08	3.1372877460037834	0.13243447388523077	-1.0000036677677677	expectation	103	premotor-parietal
exec	raw	12	R	SPLp	5.0571420436995814e-17	2.606074169476343	0.10671112229847449	-0.9999999999904641	expectation	104	premotor-parietal
exec	raw	12	R	SPLp	9.44718984628337e-13	1.7029916837822379	0.08961174060881755	-1.0000000000172016	expectation	105	premotor-parietal
exec	raw	12	R	SPLp	3.334630819121883e-08	2.5259946988462727	0.06657964697476623	-0.9999778984859955	expectation	106	premotor-parietal
exec	raw	12	R	SPLp	8.995980376112783e-17	2.6014029819132434	0.08956267950510054	-1.0000000154253827	expectation	107	premotor-parietal
exec	raw	12	R	SPLp	4.1628323490004584e-20	3.01313149952024	0.25622394443012614	-1.0000000000050164	expectation	108	premotor-parietal
exec	raw	12	R	SPLp	1.971410970276783e-08	3.7302949622811865	0.10381685390354789	-1.0000024072629912	expectation	109	premotor-parietal
exec	raw	12	R	SPLp	2.1969916740421698e-12	4.264566221231537	0.12373366405793564	-1.000002770912238	expectation	110	premotor-parietal
exec	raw	12	R	SPLp	2.013231872199347e-09	2.4440231256509026	0.08642074797703321	-1.0000010726699722	expectation	111	premotor-parietal
exec	raw	12	R	SPLp	0.0	4.0442604417355685	0.19190982780524402	-1.00000000056964	expectation	112	premotor-parietal
exec	raw	12	R	SPLp	9.138650344186606e-41	4.797495114200867	0.2556918941333834	-1.0000000000089302	expectation	113	premotor-parietal
exec	raw	12	R	SPLp	0.011550653164861445	3.325919342479672	0.11546362377073005	-0.8824777675519708	expectation	114	premotor-parietal
exec	raw	12	R	SPLp	0.010624845480758576	1.8352852693982722	0.12412936078148822	-0.2057184333125901	expectation	115	premotor-parietal
exec	raw	12	R	SPLp	0.07369358667188819	3.5119359624391575	0.07990042751164962	4.6781988234348155	surprise	102	premotor-parietal
exec	raw	12	R	SPLp	0.09274172971769283	3.1372877460037834	0.13243447388523077	15.3550873553191	surprise	103	premotor-parietal
exec	raw	12	R	SPLp	0.10671112229847442	2.606074169476343	0.10671112229847449	33.4480318821192	surprise	104	premotor-parietal
exec	raw	12	R	SPLp	0.07489880904206861	1.7029916837822379	0.08961174060881755	28.42900956076428	surprise	105	premotor-parietal
exec	raw	12	R	SPLp	0.06657957110629235	2.5259946988462727	0.06657964697476623	14.666191233722747	surprise	106	premotor-parietal
exec	raw	12	R	SPLp	0.0738322784341185	2.6014029819132434	0.08956267950510054	10.835088182975063	surprise	107	premotor-parietal
exec	raw	12	R	SPLp	0.25622394443012614	3.01313149952024	0.25622394443012614	103.21496489624747	surprise	108	premotor-parietal
exec	raw	12	R	SPLp	0.1038167620447845	3.7302949622811865	0.10381685390354789	7.68683708511021	surprise	109	premotor-parietal
exec	raw	12	R	SPLp	0.12373366405573864	4.264566221231537	0.12373366405793564	17.86811444352812	surprise	110	premotor-parietal
exec	raw	12	R	SPLp	0.08642071958790497	2.4440231256509026	0.08642074797703321	23.772094278073975	surprise	111	premotor-parietal
exec	raw	12	R	SPLp	0.18780405327551725	4.0442604417355685	0.19190982780524402	43.11737406205804	surprise	112	premotor-parietal
exec	raw	12	R	SPLp	0.2556918941333834	4.797495114200867	0.2556918941333834	21.060714845591697	surprise	113	premotor-parietal
exec	raw	12	R	SPLp	0.09993619638712839	3.325919342479672	0.11546362377073005	15.750491732955275	surprise	114	premotor-parietal
exec	raw	12	R	SPLp	0.07561129675541575	1.8352852693982722	0.12412936078148822	31.049959095421322	surprise	115	premotor-parietal
plan	ols	12	L	SMA	0.0006947606025680597	1.5127383799448146	0.007099348244474657	-0.9984213711883643	expectation	102	premotor-parietal
plan	ols	12	L	SMA	0.0035280990828370543	1.1430445912843588	0.01938484457680189	-0.8151552559741708	expectation	103	premotor-parietal
plan	ols	12	L	SMA	6.716386684571967e-18	1.0886310484066506	0.02665089893129843	-0.9999999999818106	expectation	104	premotor-parietal
plan	ols	12	L	SMA	1.7868401901252548e-20	0.7661066693362518	0.003387844872340391	-1.0000000000153677	expectation	105	premotor-parietal
plan	ols	12	L	SMA	3.154900430747215e-35	1.0278342181974913	2.666092203201794e-12	-1.0000000000086815	expectation	106	premotor-parietal
plan	ols	12	L	SMA	6.065567032639071e-13	1.4594453750676106	0.00038270706612544755	-0.9999999941864965	expectation	107	premotor-parietal
plan	ols	12	L	SMA	8.270704679817509e-96	1.1178778930957076	0.006589236473114918	-1.0000252588657228	expectation	108	premotor-parietal
plan	ols	12	L	SMA	0.022535078307619683	1.4108139180456605	0.032950324586014504	1.3320757508082506	expectation	109	premotor-parietal
plan	ols	12	L	SMA	0.006357473013953845	1.5381949342528745	0.01585773144341244	-0.6590316090887651	expectation	110	premotor-parietal
plan	ols	12	L	SMA	1.7898113158742783e-130	0.9320845462428724	0.009901475622329233	-1.000000000007276	expectation	111	premotor-parietal
plan	ols	12	L	SMA	0.0364226709705942	1.3198372364314557	0.06923057292745963	11.030929860835764	expectation	112	premotor-parietal
plan	ols	12	L	SMA	0.03505347823985004	2.019275094420903	0.03505347823985004	1.0755658669076822	expectation	113	premotor-parietal
plan	ols	12	L	SMA	0.009911464545919438	1.2820794467919006	0.0519269269547355	0.22539245020759313	expectation	114	premotor-parietal
plan	ols	12	L	SMA	0.012936123353837793	0.7719785484582022	0.015616338334669602	4.5299604645216425	expectation	115	premotor-parietal
plan	ols	12	L	SMA	0.006404587641906597	1.5127383799448146	0.007099348244474657	-0.7988268874800593	uncertainty	102	premotor-parietal
plan	ols	12	L	SMA	0.015856745493964836	1.1430445912843588	0.01938484457680189	2.5146288231260963	uncertainty	103	premotor-parietal
plan	ols	12	L	SMA	0.026650898931298423	1.0886310484066506	0.02665089893129843	9.935401963578649	uncertainty	104	premotor-parietal
plan	ols	12	L	SMA	0.003387844872340391	0.7661066693362518	0.003387844872340391	-0.6265918506106906	uncertainty	105	premotor-parietal
plan	ols	12	L	SMA	2.666092203201794e-12	1.0278342181974913	2.666092203201794e-12	-1.0000000000086815	uncertainty	106	premotor-parietal
plan	ols	12	L	SMA	0.00038270706551889086	1.4594453750676106	0.00038270706612544755	-0.9984927704199685	uncertainty	107	premotor-parietal
plan	ols	12	L	SMA	0.006589236473114918	1.1178778930957076	0.006589236473114918	-0.3411349669841539	uncertainty	108	premotor-parietal
plan	ols	12	L	SMA	0.01041524627839482	1.4108139180456605	0.032950324586014504	-0.4877173865492839	uncertainty	109	premotor-parietal
plan	ols	12	L	SMA	0.009500258429458593	1.5381949342528745	0.01585773144341244	-0.23325267150454243	uncertainty	110	premotor-parietal
plan	ols	12	L	SMA	0.009901475622329233	0.9320845462428724	0.009901475622329233	1.2885564024909402	uncertainty	111	premotor-parietal
plan	ols	12	L	SMA	0.03280790195686543	1.3198372364314557	0.06923057292745963	8.913681993337315	uncertainty	112	premotor-parietal
plan	ols	12	L	SMA	0.0	2.019275094420903	0.03505347823985004	-0.9999999999367464	uncertainty	113	premotor-parietal
plan	ols	12	L	SMA	0.04201546240881606	1.2820794467919006	0.0519269269547355	17.873739712964117	uncertainty	114	premotor-parietal
plan	ols	12	L	SMA	0.0026802149808318083	0.7719785484582022	0.015616338334669602	-0.7404948703471286	uncertainty	115	premotor-parietal
plan	ols	12	L	PMd	1.3614181454874576e-07	1.4807851314685117	0.010657658728695828	-1.0000172490878232	expectation	102	premotor-parietal
plan	ols	12	L	PMd	0.013943175671798737	1.3299673941696464	0.033273114034238535	2.3326570454049778	expectation	103	premotor-parietal
plan	ols	12	L	PMd	1.8909399405993805e-14	1.1327936836870849	0.05649678156937755	-0.9999999999854481	expectation	104	premotor-parietal
plan	ols	12	L	PMd	1.4343969208402994e-19	0.7887082226577232	0.029396150858542247	-1.0000000000436557	expectation	105	premotor-parietal
plan	ols	12	L	PMd	0.006368265320915322	1.2070304149201692	0.02302674762346167	-0.06289223804910782	expectation	106	premotor-parietal
plan	ols	12	L	PMd	8.754152465080629e-12	1.4191324717569518	0.0324984415351091	-1.000000000014552	expectation	107	premotor-parietal
plan	ols	12	L	PMd	0.0016335244584580416	1.2775357103474339	0.019891189117275908	-0.9508928729978481	expectation	108	premotor-parietal
plan	ols	12	L	PMd	0.03302810979468075	1.7671779039041091	0.06403783564401372	4.616967118535191	expectation	109	premotor-parietal
plan	ols	12	L	PMd	0.028842073233323537	1.9710454900794752	0.03519717637597786	6.289388847052457	expectation	110	premotor-parietal
plan	ols	12	L	PMd	0.0019213376099575115	0.9399851661820604	0.026240840177812256	-0.8453295708082643	expectation	111	premotor-parietal
plan	ols	12	L	PMd	0.03190634608301545	1.6833877931831813	0.10555207455184204	10.472372963406087	expectation	112	premotor-parietal
plan	ols	12	L	PMd	0.10025407141924982	2.422932574749549	0.14563145724288948	17.811906481155493	expectation	113	premotor-parietal
plan	ols	12	L	PMd	0.03886786316224776	1.2954067699866065	0.14652714380166765	26.464385822881013	expectation	114	premotor-parietal
plan	ols	12	L	PMd	0.006892852446461718	0.8554599042578901	0.012199314713690027	1.1878746049645836	expectation	115	premotor-parietal
plan	ols	12	L	PMd	0.010657522586881279	1.4807851314685117	0.010657658728695828	-0.07309428687089436	uncertainty	102	premotor-parietal
plan	ols	12	L	PMd	0.019329938362439802	1.3299673941696464	0.033273114034238535	5.22448494181164	uncertainty	103	premotor-parietal
plan	ols	12	L	PMd	0.05649678156935864	1.1327936836870849	0.05649678156937755	66.77265270891999	uncertainty	104	premotor-parietal
plan	ols	12	L	PMd	0.029396150858542247	0.7887082226577232	0.029396150858542247	33.063501623102084	uncertainty	105	premotor-parietal
plan	ols	12	L	PMd	0.016658482302546348	1.2070304149201692	0.02302674762346167	5.0135819118221185	uncertainty	106	premotor-parietal
plan	ols	12	L	PMd	0.03249844152635495	1.4191324717569518	0.0324984415351091	16.451473555858406	uncertainty	107	premotor-parietal
plan	ols	12	L	PMd	0.018257664658817865	1.2775357103474339	0.019891189117275908	4.695997143731624	uncertainty	108	premotor-parietal
plan	ols	12	L	PMd	0.031009725849332963	1.7671779039041091	0.06403783564401372	3.9795633397427266	uncertainty	109	premotor-parietal
plan	ols	12	L	PMd	0.006355103142654322	1.9710454900794752	0.03519717637597786	-0.6165979018684185	uncertainty	110	premotor-parietal
plan	ols	12	L	PMd	0.024319502567854746	0.9399851661820604	0.026240840177812256	20.337366977903155	uncertainty	111	premotor-parietal
plan	ols	12	L	PMd	0.0736457284688266	1.6833877931831813	0.10555207455184204	52.3581195234051	uncertainty	112	premotor-parietal
plan	ols	12	L	PMd	0.04537738582363967	2.422932574749549	0.14563145724288948	3.1969744557872444	uncertainty	113	premotor-parietal
plan	ols	12	L	PMd	0.10765928063941987	1.2954067699866065	0.14652714380166765	162.62726456869325	uncertainty	114	premotor-parietal
plan	ols	12	L	PMd	0.005306462267228308	0.8554599042578901	0.012199314713690027	0.31431307054185353	uncertainty	115	premotor-parietal
plan	ols	12	L	PMv	1.8186798446006682e-08	1.5677440415995363	0.02070232084632605	-1.0000013949846336	expectation	102	premotor-parietal
plan	ols	12	L	PMv	0.0011834545651105547	1.1459289505525283	0.03169867526946366	-0.986940633688704	expectation	103	premotor-parietal
plan	ols	12	L	PMv	3.525154140664245e-16	1.0925179763429964	0.02833472734332931	-1.000000000018178	expectation	104	premotor-parietal
plan	ols	12	L	PMv	1.7923209008552883e-17	0.7494321040106295	0.023243891560516865	-1.0000000000054559	expectation	105	premotor-parietal
plan	ols	12	L	PMv	0.021702659758969175	0.9973714612910178	0.021702659758969175	5.340417266386794	expectation	106	premotor-parietal
plan	ols	12	L	PMv	1.782082912931907e-11	1.2471657400246854	0.014034282471869683	-0.9999999999915974	expectation	107	premotor-parietal
plan	ols	12	L	PMv	1.9240471094126617e-48	1.0123671125019886	0.007935133592167748	-1.0000000000059575	expectation	108	premotor-parietal
plan	ols	12	L	PMv	0.001008490573704051	1.2597653975237644	0.011839925730217284	-0.9973463692387818	expectation	109	premotor-parietal
plan	ols	12	L	PMv	2.453322702531512e-16	1.4838171092001835	0.003461730869456615	-0.9999999999994433	expectation	110	premotor-parietal
plan	ols	12	L	PMv	0.0036499690099958573	0.9205493426338017	0.009037557795531281	-0.8087315599460352	expectation	111	premotor-parietal
plan	ols	12	L	PMv	0.016856250568745033	1.3746080470440944	0.07208419600474941	0.8598309103924697	expectation	112	premotor-parietal
plan	ols	12	L	PMv	0.04410820414979824	1.329888344387744	0.050785814859123896	3.2914348129696993	expectation	113	premotor-parietal
plan	ols	12	L	PMv	0.01397882284167136	1.1836932742715238	0.057733996818837736	0.7455337448153325	expectation	114	premotor-parietal
plan	ols	12	L	PMv	0.018319837188395947	0.7006824548967368	0.021954738399708133	6.785885612364594	expectation	115	premotor-parietal
plan	ols	12	L	PMv	0.020702302659527605	1.5677440415995363	0.02070232084632605	0.3436327374450362	uncertainty	102	premotor-parietal
plan	ols	12	L	PMv	0.030515220704353106	1.1459289505525283	0.03169867526946366	6.417608687598418	uncertainty	103	premotor-parietal
plan	ols	12	L	PMv	0.028334727343328956	1.0925179763429964	0.02833472734332931	6.118993024109282	uncertainty	104	premotor-parietal
plan	ols	12	L	PMv	0.023243891560516847	0.7494321040106295	0.023243891560516865	9.110763382689866	uncertainty	105	premotor-parietal
plan	ols	12	L	PMv	2.607403717664398e-28	0.9973714612910178	0.021702659758969175	-1.000000000007276	uncertainty	106	premotor-parietal
plan	ols	12	L	PMv	0.014034282454048853	1.2471657400246854	0.014034282471869683	0.6402813878140947	uncertainty	107	premotor-parietal
plan	ols	12	L	PMv	0.007935133592167748	1.0123671125019886	0.007935133592167748	-0.36644627977175603	uncertainty	108	premotor-parietal
plan	ols	12	L	PMv	0.010831435156513233	1.2597653975237644	0.011839925730217284	-0.5113850971716174	uncertainty	109	premotor-parietal
plan	ols	12	L	PMv	0.0034617308694563694	1.4838171092001835	0.003461730869456615	-0.9330070349526317	uncertainty	110	premotor-parietal
plan	ols	12	L	PMv	0.005387588785535424	0.9205493426338017	0.009037557795531281	-0.5780063983838344	uncertainty	111	premotor-parietal
plan	ols	12	L	PMv	0.055227945436004386	1.3746080470440944	0.07208419600474941	15.93846001830971	uncertainty	112	premotor-parietal
plan	ols	12	L	PMv	0.006677610709325654	1.329888344387744	0.050785814859123896	-0.8914324400299304	uncertainty	113	premotor-parietal
plan	ols	12	L	PMv	0.04375517397716638	1.1836932742715238	0.057733996818837736	13.704466675459726	uncertainty	114	premotor-parietal
plan	ols	12	L	PMv	0.003634901211312187	0.7006824548967368	0.021954738399708133	-0.6493260303387005	uncertainty	115	premotor-parietal
plan	ols	12	L	M1	1.9039071650186992e-08	1.4113315175331214	0.018746260451100793	-1.0000020673984162	expectation	102	M1-S1
plan	ols	12	L	M1	0.025996660385985297	1.0567363109790684	0.04319394164899882	4.893077866113114	expectation	103	M1-S1
plan	ols	12	L	M1	4.755740559875103e-12	0.9758935061680754	0.015908501998660264	-0.9999999999769003	expectation	104	M1-S1
plan	ols	12	L	M1	6.875215732304649e-19	0.6478607166480479	0.007130252923940335	-1.000000000002533	expectation	105	M1-S1
plan	ols	12	L	M1	0.005857247316299099	0.9134224984244007	0.005857247316299099	-0.5082901418102693	expectation	106	M1-S1
plan	ols	12	L	M1	1.0182035166927547e-105	1.1266344099843975	5.988444724162736e-11	-0.9999999999980433	expectation	107	M1-S1
plan	ols	12	L	M1	1.3650253419284273e-15	0.961271156792402	0.012653283636594974	-1.0000000000057787	expectation	108	M1-S1
plan	ols	12	L	M1	0.05688161028346957	1.1519064799917536	0.07477349730304178	11.780475121608845	expectation	109	M1-S1
plan	ols	12	L	M1	0.11781936932450413	1.446990747450572	0.11781936941320356	57.48997457464891	expectation	110	M1-S1
plan	ols	12	L	M1	0.03462449540926376	0.8786103011102492	0.045393899609664425	17.218406467101303	expectation	111	M1-S1
plan	ols	12	L	M1	0.02166601855318146	1.2781057798491084	0.050519915919654934	2.319303614008351	expectation	112	M1-S1
plan	ols	12	L	M1	0.06553829791136875	1.3063599611406127	0.06553829791136875	7.69339682284576	expectation	113	M1-S1
plan	ols	12	L	M1	0.130752089810448	1.0562737158130762	0.1754913986904288	113.6358299582024	expectation	114	M1-S1
plan	ols	12	L	M1	0.012195470107202656	0.6786586594391174	0.025885987810566856	2.4561675085700863	expectation	115	M1-S1
plan	ols	12	L	M1	0.018746241412029144	1.4113315175331214	0.018746260451100793	0.25438482600561496	uncertainty	102	M1-S1
plan	ols	12	L	M1	0.017197281263013522	1.0567363109790684	0.04319394164899882	1.7235561712412726	uncertainty	103	M1-S1
plan	ols	12	L	M1	0.015908501993904523	0.9758935061680754	0.015908501998660264	2.2786851576270513	uncertainty	104	M1-S1
plan	ols	12	L	M1	0.007130252923940334	0.6478607166480479	0.007130252923940335	0.43684783734219135	uncertainty	105	M1-S1
plan	ols	12	L	M1	4.954830040766382e-34	0.9134224984244007	0.005857247316299099	-1.0000000000018279	uncertainty	106	M1-S1
plan	ols	12	L	M1	5.988444724162736e-11	1.1266344099843975	5.988444724162736e-11	-1.0000000000016813	uncertainty	107	M1-S1
plan	ols	12	L	M1	0.012653283636593609	0.961271156792402	0.012653283636594974	0.5278850793720335	uncertainty	108	M1-S1
plan	ols	12	L	M1	0.017891887019572214	1.1519064799917536	0.07477349730304178	0.4696146315662826	uncertainty	109	M1-S1
plan	ols	12	L	M1	8.869944006293862e-11	1.446990747450572	0.11781936941320356	-0.999999999996362	uncertainty	110	M1-S1
plan	ols	12	L	M1	0.010769404200400666	0.8786103011102492	0.045393899609664425	1.0677687752043756	uncertainty	111	M1-S1
plan	ols	12	L	M1	0.028853897366473473	1.2781057798491084	0.050519915919654934	4.674850661508824	uncertainty	112	M1-S1
plan	ols	12	L	M1	4.451534693457798e-33	1.3063599611406127	0.06553829791136875	-1.0000000000054536	uncertainty	113	M1-S1
plan	ols	12	L	M1	0.04473930887998079	1.0562737158130762	0.1754913986904288	17.901941271269607	uncertainty	114	M1-S1
plan	ols	12	L	M1	0.013690517703364198	0.6786586594391174	0.025885987810566856	3.290868817883914	uncertainty	115	M1-S1
plan	ols	12	L	S1	4.003486257189084e-13	1.4542363168362462	0.022284330906227556	-1.0000000000173772	expectation	102	M1-S1
plan	ols	12	L	S1	0.06381083335207875	1.405762982785424	0.08263088145011248	43.30133631672958	expectation	103	M1-S1
plan	ols	12	L	S1	0.015086308577018724	1.063116987215306	0.030836267491639795	3.4958558364254295	expectation	104	M1-S1
plan	ols	12	L	S1	7.300673982757697e-18	0.7434559393306756	0.009378431132921092	-1.00000000004433	expectation	105	M1-S1
plan	ols	12	L	S1	0.0401211107583998	1.0908875796295328	0.0401211107583998	25.905542012285448	expectation	106	M1-S1
plan	ols	12	L	S1	0.006648833161027858	1.2782232582123834	0.006648833161027858	-0.34967642421628575	expectation	107	M1-S1
plan	ols	12	L	S1	0.011345777778840414	1.0794710709460305	0.01738924816375874	1.4719480930627973	expectation	108	M1-S1
plan	ols	12	L	S1	0.07719688099986734	1.5090142103604272	0.10963712285010555	25.596035588973606	expectation	109	M1-S1
plan	ols	12	L	S1	0.14045939876152522	1.8758549210321056	0.1557947767914219	95.65405294858779	expectation	110	M1-S1
plan	ols	12	L	S1	0.05173920022202059	0.8239939742872776	0.06726910541669356	77.85632550606037	expectation	111	M1-S1
plan	ols	12	L	S1	0.02701997707370053	1.4903244073824415	0.06715628880672235	7.829888449166713	expectation	112	M1-S1
plan	ols	12	L	S1	0.08916304990906894	1.6261621246261393	0.08916304990906894	19.87086859205276	expectation	113	M1-S1
plan	ols	12	L	S1	0.11176482753360849	1.2230359599145093	0.13303992454223318	144.89096236043156	expectation	114	M1-S1
plan	ols	12	L	S1	0.022036311963545944	0.7928090570325234	0.022036311963545944	15.69103499801881	expectation	115	M1-S1
plan	ols	12	L	S1	0.022284330905827206	1.4542363168362462	0.022284330906227556	2.5198399451044433	uncertainty	102	M1-S1
plan	ols	12	L	S1	0.018820048098033722	1.405762982785424	0.08263088145011248	3.6069360781475552	uncertainty	103	M1-S1
plan	ols	12	L	S1	0.01574995891462107	1.063116987215306	0.030836267491639795	3.8792752084136923	uncertainty	104	M1-S1
plan	ols	12	L	S1	0.009378431132921085	0.7434559393306756	0.009378431132921092	2.619608230295026	uncertainty	105	M1-S1
plan	ols	12	L	S1	1.6630017729205786e-21	1.0908875796295328	0.0401211107583998	-0.9999999999927239	uncertainty	106	M1-S1
plan	ols	12	L	S1	8.647250672249649e-51	1.2782232582123834	0.006648833161027858	-0.9999999999789417	uncertainty	107	M1-S1
plan	ols	12	L	S1	0.006043470384918323	1.0794710709460305	0.01738924816375874	-0.2796560486225894	uncertainty	108	M1-S1
plan	ols	12	L	S1	0.032440241850238215	1.5090142103604272	0.10963712285010555	4.297503191969296	uncertainty	109	M1-S1
plan	ols	12	L	S1	0.015335378029896691	1.8758549210321056	0.1557947767914219	0.6362962172861446	uncertainty	110	M1-S1
plan	ols	12	L	S1	0.015529905194672977	0.8239939742872776	0.06726910541669356	7.925710550720396	uncertainty	111	M1-S1
plan	ols	12	L	S1	0.040136311733021825	1.4903244073824415	0.06715628880672235	17.514793445575723	uncertainty	112	M1-S1
plan	ols	12	L	S1	0.0	1.6261621246261393	0.08916304990906894	-1.000000000010914	uncertainty	113	M1-S1
plan	ols	12	L	S1	0.02127509700862469	1.2230359599145093	0.13303992454223318	6.570797118758492	uncertainty	114	M1-S1
plan	ols	12	L	S1	3.341375989751135e-35	0.7928090570325234	0.022036311963545944	-1.0000000000072757	uncertainty	115	M1-S1
plan	ols	12	L	SPLa	1.668357726758273e-21	1.3552343069984392	0.014748434351025698	-0.9999999999994318	expectation	102	premotor-parietal
plan	ols	12	L	SPLa	0.012410754055250394	1.274837090366427	0.046406281558062104	0.9964351822457043	expectation	103	premotor-parietal
plan	ols	12	L	SPLa	3.3572838617710637e-13	1.023930462673563	0.041589376318397694	-1.000000000010914	expectation	104	premotor-parietal
plan	ols	12	L	SPLa	5.812571084947621e-19	0.7182901406791657	0.012561885832566256	-1.0000000000289382	expectation	105	premotor-parietal
plan	ols	12	L	SPLa	0.024715122742375275	1.0757596905007405	0.02894570276332838	8.87883276416924	expectation	106	premotor-parietal
plan	ols	12	L	SPLa	1.3394399459549377e-12	1.3498630545131955	0.03719606025184124	-1.0	expectation	107	premotor-parietal
plan	ols	12	L	SPLa	0.0003821163800248949	1.0329087584363756	0.010266960590199357	-0.9979835110991273	expectation	108	premotor-parietal
plan	ols	12	L	SPLa	0.020435812556823314	1.326162850446459	0.06650623995681745	1.1279350424569015	expectation	109	premotor-parietal
plan	ols	12	L	SPLa	0.02072987578588723	1.7807345116399047	0.024706609378266665	2.165534140757358	expectation	110	premotor-parietal
plan	ols	12	L	SPLa	0.004021382014641468	0.886730949461785	0.012558020747330142	-0.46939141703151044	expectation	111	premotor-parietal
plan	ols	12	L	SPLa	0.010575005321378507	1.3647573264425819	0.06050061443661251	0.310110124882539	expectation	112	premotor-parietal
plan	ols	12	L	SPLa	0.07835516393937132	1.5927150936184284	0.07835516397622498	15.010036930660135	expectation	113	premotor-parietal
plan	ols	12	L	SPLa	0.039556040547015225	1.229492954220021	0.14949121559434875	22.512288226709643	expectation	114	premotor-parietal
plan	ols	12	L	SPLa	0.012589536555885262	0.8390760135296361	0.016741117299009126	4.886020654391201	expectation	115	premotor-parietal
plan	ols	12	L	SPLa	0.014748434351025698	1.3552343069984392	0.014748434351025698	0.2768618797296051	uncertainty	102	premotor-parietal
plan	ols	12	L	SPLa	0.03399552750281171	1.274837090366427	0.046406281558062104	12.454553043019468	uncertainty	103	premotor-parietal
plan	ols	12	L	SPLa	0.04158937631806196	1.023930462673563	0.041589376318397694	34.01056374574616	uncertainty	104	premotor-parietal
plan	ols	12	L	SPLa	0.012561885832566256	0.7182901406791657	0.012561885832566256	5.280158056221187	uncertainty	105	premotor-parietal
plan	ols	12	L	SPLa	0.004230580020953105	1.0757596905007405	0.02894570276332838	-0.6724459829398659	uncertainty	106	premotor-parietal
plan	ols	12	L	SPLa	0.037196060250501796	1.3498630545131955	0.03719606025184124	16.8471936628795	uncertainty	107	premotor-parietal
plan	ols	12	L	SPLa	0.009884844210174461	1.0329087584363756	0.010266960590199357	0.8000693459275374	uncertainty	108	premotor-parietal
plan	ols	12	L	SPLa	0.04607042739999413	1.326162850446459	0.06650623995681745	8.862410325638441	uncertainty	109	premotor-parietal
plan	ols	12	L	SPLa	0.0039767335923794386	1.7807345116399047	0.024706609378266665	-0.8785288739406877	uncertainty	110	premotor-parietal
plan	ols	12	L	SPLa	0.008536638732688675	0.886730949461785	0.012558020747330142	1.3305255298705259	uncertainty	111	premotor-parietal
plan	ols	12	L	SPLa	0.049925609115234006	1.3647573264425819	0.06050061443661251	23.544961695246574	uncertainty	112	premotor-parietal
plan	ols	12	L	SPLa	3.6853653505058603e-11	1.5927150936184284	0.07835516397622498	-1.000000000003638	uncertainty	113	premotor-parietal
plan	ols	12	L	SPLa	0.10993517504733354	1.229492954220021	0.14949121559434875	138.07603263835915	uncertainty	114	premotor-parietal
plan	ols	12	L	SPLa	0.004151580743123864	0.8390760135296361	0.016741117299009126	-0.31142250828758045	uncertainty	115	premotor-parietal
plan	ols	12	L	SPLp	0.003924027269016873	1.3299660395551554	0.004084104136647653	-0.8455242167024801	expectation	102	premotor-parietal
plan	ols	12	L	SPLp	0.01594417237776182	1.311019447324056	0.05170355840588745	2.534512401736591	expectation	103	premotor-parietal
plan	ols	12	L	SPLp	5.159180155189472e-13	1.0252843160089307	0.04895365505647201	-1.000000000007276	expectation	104	premotor-parietal
plan	ols	12	L	SPLp	4.8962800651391836e-20	0.7377804927206573	0.011191706579013984	-0.9999999999639102	expectation	105	premotor-parietal
plan	ols	12	L	SPLp	0.02562256629849885	1.0890306854561886	0.043242154137433896	12.683588367024319	expectation	106	premotor-parietal
plan	ols	12	L	SPLp	6.34601228577358e-15	1.4376086459710327	0.053045380290482294	-0.999999999970896	expectation	107	premotor-parietal
plan	ols	12	L	SPLp	0.0002891485366589904	1.0521832524219743	0.009869092023305201	-0.9987606148002548	expectation	108	premotor-parietal
plan	ols	12	L	SPLp	0.009065543139926762	1.6724507352225353	0.07180309105224601	-0.5501066624332972	expectation	109	premotor-parietal
plan	ols	12	L	SPLp	0.0048985135525454575	2.018989385796215	0.008266906772626002	-0.8238090237776383	expectation	110	premotor-parietal
plan	ols	12	L	SPLp	0.008143859775563147	0.8058828907378165	0.028272750514444785	2.0073857504962964	expectation	111	premotor-parietal
plan	ols	12	L	SPLp	0.020251072877037264	1.5698475614314888	0.07720298085785268	3.323822148646036	expectation	112	premotor-parietal
plan	ols	12	L	SPLp	0.05753088198393415	2.2177819423192826	0.05753088198393415	5.18018063356458	expectation	113	premotor-parietal
plan	ols	12	L	SPLp	0.022876435313222844	1.2447765998425526	0.08889250742804186	6.844654635271581	expectation	114	premotor-parietal
plan	ols	12	L	SPLp	0.016124863187987278	0.8598821647884927	0.020508721545669104	8.459202872255329	expectation	115	premotor-parietal
plan	ols	12	L	SPLp	0.0001600768676307798	1.3299660395551554	0.004084104136647653	-0.9999139583214693	uncertainty	102	premotor-parietal
plan	ols	12	L	SPLp	0.03575938602812563	1.311019447324056	0.05170355840588745	15.22299898894559	uncertainty	103	premotor-parietal
plan	ols	12	L	SPLp	0.04895365505595609	1.0252843160089307	0.04895365505647201	52.452402560533166	uncertainty	104	premotor-parietal
plan	ols	12	L	SPLp	0.011191706579013984	0.7377804927206573	0.011191706579013984	5.088670998016809	uncertainty	105	premotor-parietal
plan	ols	12	L	SPLp	0.017619587838935045	1.0890306854561886	0.043242154137433896	5.758243552261768	uncertainty	106	premotor-parietal
plan	ols	12	L	SPLp	0.053045380290475945	1.4376086459710327	0.053045380290482294	28.006822662830707	uncertainty	107	premotor-parietal
plan	ols	12	L	SPLp	0.00957994348664621	1.0521832524219743	0.009869092023305201	0.8457874166333115	uncertainty	108	premotor-parietal
plan	ols	12	L	SPLp	0.06273754791231925	1.6724507352225353	0.07180309105224601	17.61751199905557	uncertainty	109	premotor-parietal
plan	ols	12	L	SPLp	0.003368393220080544	2.018989385796215	0.008266906772626002	-0.9185018824542395	uncertainty	110	premotor-parietal
plan	ols	12	L	SPLp	0.02012889073888164	0.8058828907378165	0.028272750514444785	15.75081472926083	uncertainty	111	premotor-parietal
plan	ols	12	L	SPLp	0.056951907980815425	1.5698475614314888	0.07720298085785268	28.884331626229756	uncertainty	112	premotor-parietal
plan	ols	12	L	SPLp	2.4195441961916637e-19	2.2177819423192826	0.05753088198393415	-0.9999999999964434	uncertainty	113	premotor-parietal
plan	ols	12	L	SPLp	0.06601607211481902	1.2447765998425526	0.08889250742804186	53.28249016750887	uncertainty	114	premotor-parietal
plan	ols	12	L	SPLp	0.004383858357681826	0.8598821647884927	0.020508721545669104	-0.2321296548367371	uncertainty	115	premotor-parietal
plan	ols	12	R	SMA	1.0765080521376749e-08	1.5575140860655448	0.011682036178923766	-1.0000008279539039	expectation	102	premotor-parietal
plan	ols	12	R	SMA	4.297179906595885e-14	1.1364211631249976	0.0006763525942637216	-1.0000000000053104	expectation	103	premotor-parietal
plan	ols	12	R	SMA	8.59419887472822e-19	1.04833864775473	0.008701983166819133	-1.000000000032871	expectation	104	premotor-parietal
plan	ols	12	R	SMA	2.960895551348633e-20	0.7490156872271734	0.0038684359818750803	-0.9999999999873314	expectation	105	premotor-parietal
plan	ols	12	R	SMA	0.0011409528536067005	0.9721443916755732	0.014045248496879425	-0.976770634968049	expectation	106	premotor-parietal
plan	ols	12	R	SMA	8.167909311581507e-12	1.2407656633874002	1.9356043492479987e-11	-0.9999999999956594	expectation	107	premotor-parietal
plan	ols	12	R	SMA	5.636564596831535e-12	1.001635428854342	5.636564596831535e-12	-0.9999999999917457	expectation	108	premotor-parietal
plan	ols	12	R	SMA	6.138225701637698e-47	1.1762230081776142	6.138225701637698e-47	-1.00000461875918	expectation	109	premotor-parietal
plan	ols	12	R	SMA	0.007894691143205849	1.4809367283549342	0.012782309762943023	-0.5218672121323154	expectation	110	premotor-parietal
plan	ols	12	R	SMA	0.0036916497781125947	0.9358691789476179	0.011543488678040696	-0.7067602776048338	expectation	111	premotor-parietal
plan	ols	12	R	SMA	0.020146443459332246	1.3489134962236904	0.032296634258044916	2.635221169956309	expectation	112	premotor-parietal
plan	ols	12	R	SMA	0.026103073832043733	1.3553160262294326	0.02610307383205122	1.1807752907108435	expectation	113	premotor-parietal
plan	ols	12	R	SMA	0.005360879262404698	1.1278155068236015	0.037085109805995026	-0.6097753356152991	expectation	114	premotor-parietal
plan	ols	12	R	SMA	0.009113485335808845	0.6584920459874776	0.009113485335808845	2.6198009174937593	expectation	115	premotor-parietal
plan	ols	12	R	SMA	0.011682025413843245	1.5575140860655448	0.011682036178923766	-0.3802126040424413	uncertainty	102	premotor-parietal
plan	ols	12	R	SMA	0.0006763525942207498	1.1364211631249976	0.0006763525942637216	-0.9937929009555304	uncertainty	103	premotor-parietal
plan	ols	12	R	SMA	0.008701983166819133	1.04833864775473	0.008701983166819133	0.1430479649642289	uncertainty	104	premotor-parietal
plan	ols	12	R	SMA	0.0038684359818750803	0.7490156872271734	0.0038684359818750803	-0.5735282735623363	uncertainty	105	premotor-parietal
plan	ols	12	R	SMA	0.012904295643272725	0.9721443916755732	0.014045248496879425	1.924531918407045	uncertainty	106	premotor-parietal
plan	ols	12	R	SMA	1.118813418089848e-11	1.2407656633874002	1.9356043492479987e-11	-1.000000000013849	uncertainty	107	premotor-parietal
plan	ols	12	R	SMA	1.0268515653941767e-59	1.001635428854342	5.636564596831535e-12	-1.0000000000026597	uncertainty	108	premotor-parietal
plan	ols	12	R	SMA	3.055143759297729e-139	1.1762230081776142	6.138225701637698e-47	-0.9999984417183092	uncertainty	109	premotor-parietal
plan	ols	12	R	SMA	0.0048876186197371755	1.4809367283549342	0.012782309762943023	-0.8198469234569262	uncertainty	110	premotor-parietal
plan	ols	12	R	SMA	0.0078518388999281	0.9358691789476179	0.011543488678040696	0.32733388770309313	uncertainty	111	premotor-parietal
plan	ols	12	R	SMA	0.012150190798712669	1.3489134962236904	0.032296634258044916	0.38292868354098064	uncertainty	112	premotor-parietal
plan	ols	12	R	SMA	7.487371096059182e-15	1.3553160262294326	0.02610307383205122	-1.0000000000088871	uncertainty	113	premotor-parietal
plan	ols	12	R	SMA	0.031724230543590325	1.1278155068236015	0.037085109805995026	10.7892157303092	uncertainty	114	premotor-parietal
plan	ols	12	R	SMA	5.169419912899849e-102	0.6584920459874776	0.009113485335808845	-1.0000000000133176	uncertainty	115	premotor-parietal
plan	ols	12	R	PMd	6.0634552866074546e-12	1.422133467394459	0.022393772611779644	-1.0000000000142504	expectation	102	premotor-parietal
plan	ols	12	R	PMd	0.012420436388771548	1.3318566875894309	0.03872664413773944	1.8089437131088	expectation	103	premotor-parietal
plan	ols	12	R	PMd	2.373773593889837e-15	1.0792740829005454	0.019952890964906888	-0.9999999999854489	expectation	104	premotor-parietal
plan	ols	12	R	PMd	2.7696831051142814e-19	0.7371773566922927	0.023124664303309714	-0.9999999999927242	expectation	105	premotor-parietal
plan	ols	12	R	PMd	1.0651811996317736e-13	1.056187184060146	0.013354926732713988	-0.9999999999855597	expectation	106	premotor-parietal
plan	ols	12	R	PMd	2.02251105536954e-16	1.1323870218455996	0.006553294155826093	-0.9999999989834016	expectation	107	premotor-parietal
plan	ols	12	R	PMd	0.0029232201923014545	1.1278182499855718	0.012006887004544489	-0.8363087780388259	expectation	108	premotor-parietal
plan	ols	12	R	PMd	0.016956377960977403	1.6578843029570376	0.062210090903151126	0.6181467228899418	expectation	109	premotor-parietal
plan	ols	12	R	PMd	0.0006015364349240556	1.6097734263662922	0.0028897903640551707	-0.9963116160735084	expectation	110	premotor-parietal
plan	ols	12	R	PMd	0.007078186291397154	0.9516996303750594	0.01348737363372815	1.055718000015234	expectation	111	premotor-parietal
plan	ols	12	R	PMd	0.024697839086407585	1.6148392204269224	0.06473304788470283	6.460599270572614	expectation	112	premotor-parietal
plan	ols	12	R	PMd	0.02692557685259033	2.4595345767997148	0.034844131215459616	0.394298821854307	expectation	113	premotor-parietal
plan	ols	12	R	PMd	0.014946835033472385	1.2586090478101166	0.05495291995852424	3.4634989283648543	expectation	114	premotor-parietal
plan	ols	12	R	PMd	0.011050074462374082	0.766209708146948	0.011055378748049613	6.048019781664184	expectation	115	premotor-parietal
plan	ols	12	R	PMd	0.02239377260571619	1.422133467394459	0.022393772611779644	3.1407019462766117	uncertainty	102	premotor-parietal
plan	ols	12	R	PMd	0.026306207748967893	1.3318566875894309	0.03872664413773944	10.77125734652993	uncertainty	103	premotor-parietal
plan	ols	12	R	PMd	0.019952890964904515	1.0792740829005454	0.019952890964906888	9.834629982357276	uncertainty	104	premotor-parietal
plan	ols	12	R	PMd	0.023124664303309714	0.7371773566922927	0.023124664303309714	21.032527680139676	uncertainty	105	premotor-parietal
plan	ols	12	R	PMd	0.013354926732607469	1.056187184060146	0.013354926732713988	4.161612471000036	uncertainty	106	premotor-parietal
plan	ols	12	R	PMd	0.006553294155825891	1.1323870218455996	0.006553294155826093	0.14982094243841704	uncertainty	107	premotor-parietal
plan	ols	12	R	PMd	0.009083666812243034	1.1278182499855718	0.012006887004544489	0.6072790772405059	uncertainty	108	premotor-parietal
plan	ols	12	R	PMd	0.04525371294217372	1.6578843029570376	0.062210090903151126	9.573656688447825	uncertainty	109	premotor-parietal
plan	ols	12	R	PMd	0.002288253929131115	1.6097734263662922	0.0028897903640551707	-0.9383336978465592	uncertainty	110	premotor-parietal
plan	ols	12	R	PMd	0.006409187342330995	0.9516996303750594	0.01348737363372815	0.694882471892148	uncertainty	111	premotor-parietal
plan	ols	12	R	PMd	0.040035208798295245	1.6148392204269224	0.06473304788470283	17.53593845501678	uncertainty	112	premotor-parietal
plan	ols	12	R	PMd	0.007918554362869284	2.4595345767997148	0.034844131215459616	-0.8873505882443375	uncertainty	113	premotor-parietal
plan	ols	12	R	PMd	0.04000608492505186	1.2586090478101166	0.05495291995852424	27.44848599108593	uncertainty	114	premotor-parietal
plan	ols	12	R	PMd	5.304285675531606e-06	0.766209708146948	0.011055378748049613	-1.0000036387390476	uncertainty	115	premotor-parietal
plan	ols	12	R	PMv	5.714163740635751e-09	1.4343854615226266	0.011369618123406358	-1.0000005076300404	expectation	102	premotor-parietal
plan	ols	12	R	PMv	8.251298586569139e-23	1.1586185636953237	4.715239051136527e-20	-1.000000000000978	expectation	103	premotor-parietal
plan	ols	12	R	PMv	5.016158413074441e-19	1.0847473012494062	0.02399914844467041	-0.9999999999965005	expectation	104	premotor-parietal
plan	ols	12	R	PMv	7.927144308063184e-21	0.7062929406250483	0.009967685574058256	-1.0000000000175309	expectation	105	premotor-parietal
plan	ols	12	R	PMv	0.002738934893031321	0.8815864334394234	0.004351225243206445	-0.8785827681017506	expectation	106	premotor-parietal
plan	ols	12	R	PMv	4.603302699052265e-39	1.1456276252914197	5.312369291421234e-11	-1.0000000000019567	expectation	107	premotor-parietal
plan	ols	12	R	PMv	0.004462230840840493	0.9639350949662463	0.004462230840840493	-0.7781641294135264	expectation	108	premotor-parietal
plan	ols	12	R	PMv	0.028536817841216908	1.259224022495813	0.030900371628040612	1.923030110685555	expectation	109	premotor-parietal
plan	ols	12	R	PMv	5.162369221996804e-12	1.4148028354881064	0.0034809373797296626	-1.0000000022612516	expectation	110	premotor-parietal
plan	ols	12	R	PMv	1.1289828863904397e-25	0.9014118507935897	0.006039873659452645	-1.0000000000026807	expectation	111	premotor-parietal
plan	ols	12	R	PMv	0.018398077170280882	1.2356385167371264	0.06641346482954467	1.472351742522576	expectation	112	premotor-parietal
plan	ols	12	R	PMv	0.06027330867792288	1.5378857438575848	0.06027330867792288	5.581771107140694	expectation	113	premotor-parietal
plan	ols	12	R	PMv	0.002400809415126743	1.1378388820790097	0.020218456406593515	-0.9445259023009962	expectation	114	premotor-parietal
plan	ols	12	R	PMv	0.023838535519293186	0.7101635793550822	0.03241412592900338	9.75270372314505	expectation	115	premotor-parietal
plan	ols	12	R	PMv	0.011369612409242617	1.4343854615226266	0.011369618123406358	-0.529608016533208	uncertainty	102	premotor-parietal
plan	ols	12	R	PMv	4.706987752549958e-20	1.1586185636953237	4.715239051136527e-20	-0.9999999999973406	uncertainty	103	premotor-parietal
plan	ols	12	R	PMv	0.02399914844467041	1.0847473012494062	0.02399914844467041	4.170234513991717	uncertainty	104	premotor-parietal
plan	ols	12	R	PMv	0.009967685574058256	0.7062929406250483	0.009967685574058256	1.4060948773635986	uncertainty	105	premotor-parietal
plan	ols	12	R	PMv	0.0016122903501751239	0.8815864334394234	0.004351225243206445	-0.9592549901998885	uncertainty	106	premotor-parietal
plan	ols	12	R	PMv	5.312369291421234e-11	1.1456276252914197	5.312369291421234e-11	-0.9999999999983189	uncertainty	107	premotor-parietal
plan	ols	12	R	PMv	1.9724831029641387e-20	0.9639350949662463	0.004462230840840493	-1.000000002763286	uncertainty	108	premotor-parietal
plan	ols	12	R	PMv	0.0023635537868237034	1.259224022495813	0.030900371628040612	-0.9798411205816652	uncertainty	109	premotor-parietal
plan	ols	12	R	PMv	0.0034809373745672933	1.4148028354881064	0.0034809373797296626	-0.922702519396672	uncertainty	110	premotor-parietal
plan	ols	12	R	PMv	0.006039873659452645	0.9014118507935897	0.006039873659452645	-0.443193336482664	uncertainty	111	premotor-parietal
plan	ols	12	R	PMv	0.04801538765926379	1.2356385167371264	0.06641346482954467	13.636826969875075	uncertainty	112	premotor-parietal
plan	ols	12	R	PMv	3.3702597376006577e-19	1.5378857438575848	0.06027330867792288	-1.0000000000054228	uncertainty	113	premotor-parietal
plan	ols	12	R	PMv	0.017817646991466773	1.1378388820790097	0.020218456406593515	1.9178449754243656	uncertainty	114	premotor-parietal
plan	ols	12	R	PMv	0.008575590409710196	0.7101635793550822	0.03241412592900338	0.5889297347037012	uncertainty	115	premotor-parietal
plan	ols	12	R	M1	0.00358790508949452	1.3901292565585142	0.03792717610082305	-0.9601203994134331	expectation	102	M1-S1
plan	ols	12	R	M1	0.05445680069610116	1.0774426821741048	0.06094771777796065	24.576298542741014	expectation	103	M1-S1
plan	ols	12	R	M1	1.3014938473983027e-14	0.9069745032574613	0.003559203133670043	-0.9999999999916114	expectation	104	M1-S1
plan	ols	12	R	M1	1.2354236996666635e-19	0.6353688958694568	1.2354236996666635e-19	-0.9999999999996485	expectation	105	M1-S1
plan	ols	12	R	M1	1.0262173505965991e-50	0.881155532414289	1.0262173505965991e-50	-1.0000000000041274	expectation	106	M1-S1
plan	ols	12	R	M1	2.6429924535462058e-197	0.9176596066418643	2.6429924535462058e-197	-0.9999999999956591	expectation	107	M1-S1
plan	ols	12	R	M1	1.5309441833978063e-11	0.8751800704381921	7.386418987188207e-09	-0.9999998697555975	expectation	108	M1-S1
plan	ols	12	R	M1	0.025534135508106497	1.0964689551411253	0.025534135508106497	1.870046555443947	expectation	109	M1-S1
plan	ols	12	R	M1	1.3665319923879738e-264	1.2968005510445877	0.02425341098137195	-0.9999999998555973	expectation	110	M1-S1
plan	ols	12	R	M1	0.0	0.8155604861482136	0.015202531955269013	-0.99999999998635	expectation	111	M1-S1
plan	ols	12	R	M1	0.014450954379681698	1.2578656513187858	0.039584049734875844	0.4888868726959366	expectation	112	M1-S1
plan	ols	12	R	M1	0.05527417828331191	1.4849612736174391	0.055274178283311916	3.6830985974630965	expectation	113	M1-S1
plan	ols	12	R	M1	0.009108009618077435	1.0258816929058616	0.020799153150350396	-0.16553289243287306	expectation	114	M1-S1
plan	ols	12	R	M1	0.014977671186887512	0.5920636282488575	0.02184802061063259	4.182711256207373	expectation	115	M1-S1
plan	ols	12	R	M1	0.03433927101132853	1.3901292565585142	0.03792717610082305	2.39862174610928	uncertainty	102	M1-S1
plan	ols	12	R	M1	0.006490917081859487	1.0774426821741048	0.06094771777796065	-0.5312325270826425	uncertainty	103	M1-S1
plan	ols	12	R	M1	0.003559203133657028	0.9069745032574613	0.003559203133670043	-0.8193976564370355	uncertainty	104	M1-S1
plan	ols	12	R	M1	1.6444873048284891e-75	0.6353688958694568	1.2354236996666635e-19	-0.9999999999996485	uncertainty	105	M1-S1
plan	ols	12	R	M1	2.1230971401532236e-85	0.881155532414289	1.0262173505965991e-50	-1.0000000000059464	uncertainty	106	M1-S1
plan	ols	12	R	M1	3.2248137838666746e-288	0.9176596066418643	2.6429924535462058e-197	-0.9999999999956591	uncertainty	107	M1-S1
plan	ols	12	R	M1	7.371109545354229e-09	0.8751800704381921	7.386418987188207e-09	-1.000001592942303	uncertainty	108	M1-S1
plan	ols	12	R	M1	8.765019287994154e-65	1.0964689551411253	0.025534135508106497	-0.9999999999986667	uncertainty	109	M1-S1
plan	ols	12	R	M1	0.02425341098137195	1.2968005510445877	0.02425341098137195	2.845293368235782	uncertainty	110	M1-S1
plan	ols	12	R	M1	0.015202531955269013	0.8155604861482136	0.015202531955269013	3.2274838552466396	uncertainty	111	M1-S1
plan	ols	12	R	M1	0.025133095355194146	1.2578656513187858	0.039584049734875844	3.237922065672266	uncertainty	112	M1-S1
plan	ols	12	R	M1	3.779633027011145e-18	1.4849612736174391	0.055274178283311916	-0.9999999999965404	uncertainty	113	M1-S1
plan	ols	12	R	M1	0.011691143532272961	1.0258816929058616	0.020799153150350396	0.36034312667475343	uncertainty	114	M1-S1
plan	ols	12	R	M1	0.006870349423745078	0.5920636282488575	0.02184802061063259	0.19588177688127184	uncertainty	115	M1-S1
plan	ols	12	R	S1	8.76404347964322e-15	1.4501864797478656	0.011490211871900965	-1.0000000000419074	expectation	102	M1-S1
plan	ols	12	R	S1	0.03963364981778196	1.3296033113020271	0.04900327712712611	18.546278380529113	expectation	103	M1-S1
plan	ols	12	R	S1	1.0027086638591295e-16	1.0298715008873283	4.844759881518564e-06	-0.9999979191115564	expectation	104	M1-S1
plan	ols	12	R	S1	1.1064252748613529e-20	0.7424649771947919	0.00021115543898547154	-0.9999999999973419	expectation	105	M1-S1
plan	ols	12	R	S1	0.010683592054643583	1.034353573510784	0.01766034974983992	1.3600502878628244	expectation	106	M1-S1
plan	ols	12	R	S1	4.732308483153124e-12	1.0881291637419106	4.732308483153124e-12	-1.0000000000086815	expectation	107	M1-S1
plan	ols	12	R	S1	8.280404603779881e-12	1.075884077190326	8.280404603779881e-12	-0.9999999999973406	expectation	108	M1-S1
plan	ols	12	R	S1	0.023052807131624685	1.5107524266645245	0.023052807131625663	1.7906531428399393	expectation	109	M1-S1
plan	ols	12	R	S1	1.190305665978203e-12	1.568187217171718	0.003991885395771191	-1.0000000000433722	expectation	110	M1-S1
plan	ols	12	R	S1	0.006426399172038398	0.8237132542122523	0.01255686017219085	0.47507491751650865	expectation	111	M1-S1
plan	ols	12	R	S1	0.011596564355026593	1.4406244991191033	0.04692668620057994	0.5667839532617345	expectation	112	M1-S1
plan	ols	12	R	S1	0.04799129790279446	1.8528644383847666	0.04799129790279555	3.3329024355043657	expectation	113	M1-S1
plan	ols	12	R	S1	0.03881085894035035	1.165380993978659	0.06333719790117542	21.34569042555626	expectation	114	M1-S1
plan	ols	12	R	S1	0.008152244467358937	0.6770940876805029	0.010346288131191319	2.2490460342057705	expectation	115	M1-S1
plan	ols	12	R	S1	0.011490211871892201	1.4501864797478656	0.011490211871900965	-0.228777148724448	uncertainty	102	M1-S1
plan	ols	12	R	S1	0.009369627309344156	1.3296033113020271	0.04900327712712611	0.25932126972411784	uncertainty	103	M1-S1
plan	ols	12	R	S1	4.844759881418293e-06	1.0298715008873283	4.844759881518564e-06	-1.0000081263186866	uncertainty	104	M1-S1
plan	ols	12	R	S1	0.00021115543898547154	0.7424649771947919	0.00021115543898547154	-0.9979743933664172	uncertainty	105	M1-S1
plan	ols	12	R	S1	0.006976757695196337	1.034353573510784	0.01766034974983992	0.0308861439732262	uncertainty	106	M1-S1
plan	ols	12	R	S1	4.472684416146062e-171	1.0881291637419106	4.732308483153124e-12	-1.0000000000086815	uncertainty	107	M1-S1
plan	ols	12	R	S1	3.8004581037265552e-115	1.075884077190326	8.280404603779881e-12	-1.000000000000978	uncertainty	108	M1-S1
plan	ols	12	R	S1	9.795206098921531e-16	1.5107524266645245	0.023052807131625663	-0.9999999999828504	uncertainty	109	M1-S1
plan	ols	12	R	S1	0.003991885394580885	1.568187217171718	0.003991885395771191	-0.8250436335765425	uncertainty	110	M1-S1
plan	ols	12	R	S1	0.006130461000152452	0.8237132542122523	0.01255686017219085	0.3450914714581198	uncertainty	111	M1-S1
plan	ols	12	R	S1	0.03533012184555334	1.4406244991191033	0.04692668620057994	12.067154985554941	uncertainty	112	M1-S1
plan	ols	12	R	S1	1.0904838063255717e-15	1.8528644383847666	0.04799129790279555	-1.0	uncertainty	113	M1-S1
plan	ols	12	R	S1	0.024526338960825067	1.165380993978659	0.06333719790117542	8.560024088868909	uncertainty	114	M1-S1
plan	ols	12	R	S1	0.0021940436638323807	0.6770940876805029	0.010346288131191319	-0.7528981294183145	uncertainty	115	M1-S1
plan	ols	12	R	SPLa	0.0	1.3218798347474865	0.0181762197947837	-0.9999999999976785	expectation	102	premotor-parietal
plan	ols	12	R	SPLa	0.017732853964085568	1.2472883262636214	0.027694202316382012	2.715509349169372	expectation	103	premotor-parietal
plan	ols	12	R	SPLa	3.0157358100689527e-15	0.9749746902497111	0.017554501676200245	-1.000000000007258	expectation	104	premotor-parietal
plan	ols	12	R	SPLa	2.0510468489383527e-18	0.6642322334898311	0.003033727203050487	-0.9999999999980849	expectation	105	premotor-parietal
plan	ols	12	R	SPLa	0.007870010415801175	1.0137208812415142	0.007870010415801175	0.2294021109398796	expectation	106	premotor-parietal
plan	ols	12	R	SPLa	1.6659239149227383e-11	1.0251739780327769	0.004025271068773187	-0.9999999999849808	expectation	107	premotor-parietal
plan	ols	12	R	SPLa	0.008974048419480726	1.0881032052270987	0.025419924163015493	0.3627628683212798	expectation	108	premotor-parietal
plan	ols	12	R	SPLa	0.007419435218546952	1.386460689931313	0.029079791899310675	-0.7023307412713269	expectation	109	premotor-parietal
plan	ols	12	R	SPLa	1.1968265451023488e-188	1.480627440363317	0.003476015644018018	-0.9999999999530667	expectation	110	premotor-parietal
plan	ols	12	R	SPLa	0.0039100171501414045	0.7901335730160777	0.011775749754589672	-0.45514234521163394	expectation	111	premotor-parietal
plan	ols	12	R	SPLa	0.030669126971899992	1.4689954783532753	0.07354834389904619	8.640459948472246	expectation	112	premotor-parietal
plan	ols	12	R	SPLa	0.07018361083373005	1.8940106547670208	0.07018361083373005	8.462450791362313	expectation	113	premotor-parietal
plan	ols	12	R	SPLa	0.023233321147231357	1.160244172409686	0.05768144770332581	7.345389564140731	expectation	114	premotor-parietal
plan	ols	12	R	SPLa	0.014311783206115515	0.6199047759500306	0.01904354678353806	7.020421669880797	expectation	115	premotor-parietal
plan	ols	12	R	SPLa	0.0181762197947837	1.3218798347474865	0.0181762197947837	1.308739795041013	uncertainty	102	premotor-parietal
plan	ols	12	R	SPLa	0.009961348352296444	1.2472883262636214	0.027694202316382012	0.22919620611098634	uncertainty	103	premotor-parietal
plan	ols	12	R	SPLa	0.01755450167619723	0.9749746902497111	0.017554501676200245	5.297917216105747	uncertainty	104	premotor-parietal
plan	ols	12	R	SPLa	0.003033727203050485	0.6642322334898311	0.003033727203050487	-0.614875611087324	uncertainty	105	premotor-parietal
plan	ols	12	R	SPLa	2.982311217790039e-19	1.0137208812415142	0.007870010415801175	-0.9999999999833709	uncertainty	106	premotor-parietal
plan	ols	12	R	SPLa	0.004025271052113948	1.0251739780327769	0.004025271068773187	-0.6453550499346338	uncertainty	107	premotor-parietal
plan	ols	12	R	SPLa	0.016445875743534767	1.0881032052270987	0.025419924163015493	3.3558657494678097	uncertainty	108	premotor-parietal
plan	ols	12	R	SPLa	0.021660356680763722	1.386460689931313	0.029079791899310675	1.473957324780922	uncertainty	109	premotor-parietal
plan	ols	12	R	SPLa	0.003476015644018018	1.480627440363317	0.003476015644018018	-0.8940873516147745	uncertainty	110	premotor-parietal
plan	ols	12	R	SPLa	0.007865732604448268	0.7901335730160777	0.011775749754589672	1.1533276706685798	uncertainty	111	premotor-parietal
plan	ols	12	R	SPLa	0.04287921692714619	1.4689954783532753	0.07354834389904619	16.973314550127306	uncertainty	112	premotor-parietal
plan	ols	12	R	SPLa	1.920986863207661e-26	1.8940106547670208	0.07018361083373005	-1.0000000000000007	uncertainty	113	premotor-parietal
plan	ols	12	R	SPLa	0.03444812655609446	1.160244172409686	0.05768144770332581	16.36220526881483	uncertainty	114	premotor-parietal
plan	ols	12	R	SPLa	0.004731763577422544	0.6199047759500306	0.01904354678353806	-0.027386556614084734	uncertainty	115	premotor-parietal
plan	ols	12	R	SPLp	0.0	1.3737111173721723	0.0152639110478025	-1.0000000000000933	expectation	102	premotor-parietal
plan	ols	12	R	SPLp	0.02065268591890597	1.2684467849415784	0.050236862219517946	5.002513180322728	expectation	103	premotor-parietal
plan	ols	12	R	SPLp	5.258179665302091e-15	1.0330106804573678	0.03245987302258492	-1.0000000000509317	expectation	104	premotor-parietal
plan	ols	12	R	SPLp	5.936558726402836e-20	0.7266350793989723	0.01094113498042554	-1.000000000010914	expectation	105	premotor-parietal
plan	ols	12	R	SPLp	0.00045560530075274756	1.0143253756589485	0.01593435677282114	-0.9946092227431602	expectation	106	premotor-parietal
plan	ols	12	R	SPLp	1.718255959923204e-14	1.148786882883342	0.018862887768726206	-0.9999999999927833	expectation	107	premotor-parietal
plan	ols	12	R	SPLp	0.0	1.0621269100961854	0.0016172043174471791	-1.0000000000174347	expectation	108	premotor-parietal
plan	ols	12	R	SPLp	0.03152396133241761	1.4494630159437072	0.06992597241207753	4.4861942128946914	expectation	109	premotor-parietal
plan	ols	12	R	SPLp	0.01002242463854304	1.7639542578402665	0.02254237082745806	-0.141800335605056	expectation	110	premotor-parietal
plan	ols	12	R	SPLp	0.0034943949600163824	0.7977493766226336	0.02087684159861295	-0.4631286940214437	expectation	111	premotor-parietal
plan	ols	12	R	SPLp	0.031456330968226746	1.6097657870309092	0.08393824563086998	8.555646178400139	expectation	112	premotor-parietal
plan	ols	12	R	SPLp	0.02978870175792863	1.9692032749471573	0.02978870175792863	1.0856433324459873	expectation	113	premotor-parietal
plan	ols	12	R	SPLp	0.024232067960974043	1.2856474814996202	0.07681406679493427	8.179932508253842	expectation	114	premotor-parietal
plan	ols	12	R	SPLp	0.009086127720313886	0.7379151775613496	0.010700618748442019	2.589557942233558	expectation	115	premotor-parietal
plan	ols	12	R	SPLp	0.0152639110478025	1.3737111173721723	0.0152639110478025	0.731866516126295	uncertainty	102	premotor-parietal
plan	ols	12	R	SPLp	0.029584176300611977	1.2684467849415784	0.050236862219517946	10.811823026960255	uncertainty	103	premotor-parietal
plan	ols	12	R	SPLp	0.03245987302257966	1.0330106804573678	0.03245987302258492	21.578160052028526	uncertainty	104	premotor-parietal
plan	ols	12	R	SPLp	0.01094113498042554	0.7266350793989723	0.01094113498042554	4.727232362565701	uncertainty	105	premotor-parietal
plan	ols	12	R	SPLp	0.015478751472068394	1.0143253756589485	0.01593435677282114	4.784941646746507	uncertainty	106	premotor-parietal
plan	ols	12	R	SPLp	0.018862887768709022	1.148786882883342	0.018862887768726206	5.5003173809566785	uncertainty	107	premotor-parietal
plan	ols	12	R	SPLp	0.0016172043174471791	1.0621269100961854	0.0016172043174471791	-0.9482257002916937	uncertainty	108	premotor-parietal
plan	ols	12	R	SPLp	0.03840201107965992	1.4494630159437072	0.06992597241207753	6.971661026771592	uncertainty	109	premotor-parietal
plan	ols	12	R	SPLp	0.012519946188915018	1.7639542578402665	0.02254237082745806	0.3331278568623305	uncertainty	110	premotor-parietal
plan	ols	12	R	SPLp	0.017382446638596567	0.7977493766226336	0.02087684159861295	10.844852951307319	uncertainty	111	premotor-parietal
plan	ols	12	R	SPLp	0.05248191466264323	1.6097657870309092	0.08393824563086998	23.703810519477877	uncertainty	112	premotor-parietal
plan	ols	12	R	SPLp	3.768349992096941e-33	1.9692032749471573	0.02978870175792863	-1.0000000000018012	uncertainty	113	premotor-parietal
plan	ols	12	R	SPLp	0.052581998833960225	1.2856474814996202	0.07681406679493427	37.26419074802037	uncertainty	114	premotor-parietal
plan	ols	12	R	SPLp	0.0016144910281281322	0.7379151775613496	0.010700618748442019	-0.880501897093463	uncertainty	115	premotor-parietal
