con	psc	condition	sn	roi	Hem	epoch
4.608193198925791	0.28704088798834543	100-0%	102	SMA	L	plan
0.7639198823963316	0.05172648278023428	75-25%	102	SMA	L	plan
-2.3010873693304186	-0.11061774649487324	50-50%	102	SMA	L	plan
-8.058021344325672	-0.4189908876739787	25-75%	102	SMA	L	plan
3.1018087718062675	0.1972624142504419	0-100%	102	SMA	L	plan
-0.574390455450003	-0.0423399865744602	100-0%,index	102	SMA	L	exec
-1.5632665347976562	-0.09059405075876967	75-25%,index	102	SMA	L	exec
-7.342357267783238	-0.4001857746330727	50-50%,index	102	SMA	L	exec
7.616968314349651	0.413479804374687	25-75%,index	102	SMA	L	exec
26.810165492464336	1.4631641929269503	75-25%,ring	102	SMA	L	exec
19.489749626996808	1.0943119481432186	50-50%,ring	102	SMA	L	exec
13.444507458285452	0.750355735008864	25-75%,ring	102	SMA	L	exec
3.687848611558095	0.21165955193855387	0-100%,ring	102	SMA	L	exec
4.595046317446075	0.2524802117552874	100-0%	102	PMd	L	plan
0.01815411018511272	-5.184314157015896e-05	75-25%	102	PMd	L	plan
-5.4929576938110305	-0.2810520274335995	50-50%	102	PMd	L	plan
-12.174906614179916	-0.624036797399593	25-75%	102	PMd	L	plan
3.1635458010277557	0.18540084652362787	0-100%	102	PMd	L	plan
-1.967768231749797	-0.12795209280619751	100-0%,index	102	PMd	L	exec
1.5044157109596656	0.07566580101357916	75-25%,index	102	PMd	L	exec
-7.48779893186649	-0.44554864319779913	50-50%,index	102	PMd	L	exec
13.580487363460568	0.6977988289508955	25-75%,index	102	PMd	L	exec
26.13864101648068	1.3982317936146542	75-25%,ring	102	PMd	L	exec
26.634797935286283	1.4534593796500281	50-50%,ring	102	PMd	L	exec
21.802032519936038	1.1557141627901384	25-75%,ring	102	PMd	L	exec
1.922714548528457	0.06784793767109414	0-100%,ring	102	PMd	L	exec
4.870906244353293	0.328593173445687	100-0%	102	PMv	L	plan
4.073201836547985	0.2707086906889309	75-25%	102	PMv	L	plan
1.7469607807699454	0.1456561922766909	50-50%	102	PMv	L	plan
0.12419067102130897	0.03565784622445818	25-75%	102	PMv	L	plan
3.9162647261899792	0.2578276936127263	0-100%	102	PMv	L	plan
0.4081875269582965	0.013937315910372363	100-0%,index	102	PMv	L	exec
1.0727842888276242	0.052780231097695064	75-25%,index	102	PMv	L	exec
-6.142879810751288	-0.40327216953114975	50-50%,index	102	PMv	L	exec
5.693581303305249	0.33476528609731027	25-75%,index	102	PMv	L	exec
19.00553556995355	1.2317097456514376	75-25%,ring	102	PMv	L	exec
11.689214958563475	0.7028121607411516	50-50%,ring	102	PMv	L	exec
13.428199262948624	0.8472484904912195	25-75%,ring	102	PMv	L	exec
3.780960391381458	0.2657683031212055	0-100%,ring	102	PMv	L	exec
4.845345970281307	0.28093220044502604	100-0%	102	M1	L	plan
-2.6268337573741842	-0.14949652398846877	75-25%	102	M1	L	plan
-5.898088612896533	-0.30324798894823285	50-50%	102	M1	L	plan
-8.686277157842259	-0.43527770975027574	25-75%	102	M1	L	plan
2.8711623413553022	0.16498834606559312	0-100%	102	M1	L	plan
5.575295980067462	0.3050953289460589	100-0%,index	102	M1	L	exec
7.280693461497624	0.38622448602091364	75-25%,index	102	M1	L	exec
0.7083925476834818	0.032134172438066794	50-50%,index	102	M1	L	exec
15.59933427013533	0.8322175625522534	25-75%,index	102	M1	L	exec
36.949006004140905	1.999789717760516	75-25%,ring	102	M1	L	exec
28.84662041122928	1.5791855133509984	50-50%,ring	102	M1	L	exec
25.39311879437516	1.3951541843113693	25-75%,ring	102	M1	L	exec
13.587441354837642	0.7627300305840995	0-100%,ring	102	M1	L	exec
3.3302942141296854	0.18854469357832948	100-0%	102	S1	L	plan
-2.0463062409103747	-0.11806172244186425	75-25%	102	S1	L	plan
-7.419235250389433	-0.37397781374037087	50-50%	102	S1	L	plan
-16.41375863077156	-0.8480985816654717	25-75%	102	S1	L	plan
3.2923344015422096	0.1695370205575195	0-100%	102	S1	L	plan
17.936084257817246	0.9647316564108483	100-0%,index	102	S1	L	exec
17.752120081632143	0.97212953898803	75-25%,index	102	S1	L	exec
13.36624758188943	0.7261692312588195	50-50%,index	102	S1	L	exec
30.96295465429525	1.632496569202464	25-75%,index	102	S1	L	exec
62.76443560851879	3.245066237885911	75-25%,ring	102	S1	L	exec
45.350797754419276	2.3951694019440675	50-50%,ring	102	S1	L	exec
42.22528030284016	2.21902834677919	25-75%,ring	102	S1	L	exec
26.641944750534943	1.426691838239212	0-100%,ring	102	S1	L	exec
3.2265935134725505	0.17429179480152052	100-0%	102	SPLa	L	plan
-0.6408723300208851	-0.029577412651546876	75-25%	102	SPLa	L	plan
-4.078373930091355	-0.18165629096075792	50-50%	102	SPLa	L	plan
-9.082812499685758	-0.43202255435452674	25-75%	102	SPLa	L	plan
5.000572704437639	0.26724280287213875	0-100%	102	SPLa	L	plan
1.3088332763537258	0.06893459336070319	100-0%,index	102	SPLa	L	exec
3.5004387459381907	0.16187687878953103	75-25%,index	102	SPLa	L	exec
-5.213193334405925	-0.2593656201207009	50-50%,index	102	SPLa	L	exec
22.45793193071878	1.0957375614029565	25-75%,index	102	SPLa	L	exec
31.470937601096775	1.557728078088495	75-25%,ring	102	SPLa	L	exec
27.14607970753089	1.3577141216164137	50-50%,ring	102	SPLa	L	exec
24.776497185676277	1.2333942889825118	25-75%,ring	102	SPLa	L	exec
7.192553758053553	0.3813876695188117	0-100%,ring	102	SPLa	L	exec
-1.1125761573115647	-0.05397682438816235	100-0%	102	SPLp	L	plan
-3.450364506075213	-0.16508528186380336	75-25%	102	SPLp	L	plan
-5.128599625804305	-0.23366698546754236	50-50%	102	SPLp	L	plan
-15.262904216003886	-0.6784982210281996	25-75%	102	SPLp	L	plan
7.760439540667291	0.3679974124440598	0-100%	102	SPLp	L	plan
2.1927020332031906	0.1320271862900461	100-0%,index	102	SPLp	L	exec
8.416318665466429	0.41012097826505073	75-25%,index	102	SPLp	L	exec
-6.939194683740756	-0.311031636148106	50-50%,index	102	SPLp	L	exec
28.52000757720594	1.3056818758144433	25-75%,index	102	SPLp	L	exec
25.297202960951363	1.1448160610663547	75-25%,ring	102	SPLp	L	exec
28.060648121675904	1.3033025343278684	50-50%,ring	102	SPLp	L	exec
24.87232008022994	1.1214018446388434	25-75%,ring	102	SPLp	L	exec
-2.677924120087919	-0.08430796240177656	0-100%,ring	102	SPLp	L	exec
3.1665311464208528	0.21429825292380256	100-0%	102	SMA	R	plan
1.1153720369391422	0.06638275253156097	75-25%	102	SMA	R	plan
-2.9087570592216463	-0.14417041425535593	50-50%	102	SMA	R	plan
-8.847201460420623	-0.4810191979272885	25-75%	102	SMA	R	plan
2.814611812814935	0.18688731794865318	0-100%	102	SMA	R	plan
5.64420752844654	0.30016833192646536	100-0%,index	102	SMA	R	exec
1.7336924721668794	0.1081725057046209	75-25%,index	102	SMA	R	exec
-0.08851198046281451	0.01893682402050137	50-50%,index	102	SMA	R	exec
9.629684630101895	0.5488358675461525	25-75%,index	102	SMA	R	exec
30.60548084928024	1.70680464497391	75-25%,ring	102	SMA	R	exec
21.67771759500093	1.212197531319894	50-50%,ring	102	SMA	R	exec
15.685761730062545	0.8648947519072273	25-75%,ring	102	SMA	R	exec
9.367481909538071	0.5414720799452658	0-100%,ring	102	SMA	R	exec
1.2434624821897362	0.10961110643394646	100-0%	102	PMd	R	plan
-0.9249033819703483	-0.03496999611082704	75-25%	102	PMd	R	plan
-3.6800805286803624	-0.22725581008356843	50-50%	102	PMd	R	plan
-7.195005621032077	-0.4326647584858871	25-75%	102	PMd	R	plan
1.2447868017162091	0.09740648556410682	0-100%	102	PMd	R	plan
3.0827296818046426	0.1902251840741951	100-0%,index	102	PMd	R	exec
1.5489218589620701	0.0851766722648869	75-25%,index	102	PMd	R	exec
-1.8937883617312947	-0.11634932005866673	50-50%,index	102	PMd	R	exec
6.5675676347724625	0.40168169368461676	25-75%,index	102	PMd	R	exec
19.86807439331119	1.256208869101078	75-25%,ring	102	PMd	R	exec
12.475387904291415	0.8303240756673568	50-50%,ring	102	PMd	R	exec
10.758917122169715	0.6774354300322902	25-75%,ring	102	PMd	R	exec
6.05990271372938	0.3970462633984515	0-100%,ring	102	PMd	R	exec
1.6702021112836214	0.13437910883080667	100-0%	102	PMv	R	plan
0.860763885110498	0.0606342029634823	75-25%	102	PMv	R	plan
-1.504101417335381	-0.08489316884084896	50-50%	102	PMv	R	plan
-3.8678041937579195	-0.2074344464410755	25-75%	102	PMv	R	plan
2.227493415278683	0.13687892962773943	0-100%	102	PMv	R	plan
2.232762721192789	0.16259178172707595	100-0%,index	102	PMv	R	exec
0.27500216271060396	0.036319280090280855	75-25%,index	102	PMv	R	exec
-1.8168426251328325	-0.06457920695109425	50-50%,index	102	PMv	R	exec
4.92886029658802	0.2767612617847985	25-75%,index	102	PMv	R	exec
20.224221227890943	1.390623383899925	75-25%,ring	102	PMv	R	exec
10.645843849773426	0.7745035996825218	50-50%,ring	102	PMv	R	exec
7.705863197130036	0.5425653898401769	25-75%,ring	102	PMv	R	exec
5.848652586400271	0.4517842047480923	0-100%,ring	102	PMv	R	exec
-1.994127739766022	-0.09382243570190196	100-0%	102	M1	R	plan
-4.7186548187238415	-0.25524234141183383	75-25%	102	M1	R	plan
-6.4456945711883105	-0.3526373371488994	50-50%	102	M1	R	plan
-8.009018408888723	-0.4296598980157841	25-75%	102	M1	R	plan
-0.9785465399484808	-0.041280036546267204	0-100%	102	M1	R	plan
-6.001664976039674	-0.3480043531456542	100-0%,index	102	M1	R	exec
-8.585164936831811	-0.5219165950491116	75-25%,index	102	M1	R	exec
-11.778358536449874	-0.6916116347377438	50-50%,index	102	M1	R	exec
0.8381931142109197	0.030722862434369034	25-75%,index	102	M1	R	exec
22.079943578199643	1.26842418089509	75-25%,ring	102	M1	R	exec
11.12181016584722	0.6484268436299228	50-50%,ring	102	M1	R	exec
13.737712388958146	0.8059037293585745	25-75%,ring	102	M1	R	exec
-2.3794657900566007	-0.1251396015718034	0-100%,ring	102	M1	R	exec
-1.8255999882248481	-0.08926464467028743	100-0%	102	S1	R	plan
-4.428568870768559	-0.2607881369882241	75-25%	102	S1	R	plan
-7.674776380119571	-0.46166923134236865	50-50%	102	S1	R	plan
-8.28744274014964	-0.47719487976769953	25-75%	102	S1	R	plan
-5.168961673385575	-0.3199708062444598	0-100%	102	S1	R	plan
-6.931832821844019	-0.4072306185412327	100-0%,index	102	S1	R	exec
-8.925758687965802	-0.5205480435970129	75-25%,index	102	S1	R	exec
-9.005604424033825	-0.503802900169228	50-50%,index	102	S1	R	exec
2.3839161277683028	0.0954823810557269	25-75%,index	102	S1	R	exec
21.813288753900597	1.1778711971959068	75-25%,ring	102	S1	R	exec
11.76128393396901	0.6941536555099251	50-50%,ring	102	S1	R	exec
12.008242300031212	0.6694977915959472	25-75%,ring	102	S1	R	exec
-4.142600438420573	-0.23305883569957717	0-100%,ring	102	S1	R	exec
0.20562777224222156	0.03607525745419001	100-0%	102	SPLa	R	plan
0.5625977687919523	0.027006884180700057	75-25%	102	SPLa	R	plan
-2.9568130372711527	-0.14570423180842326	50-50%	102	SPLa	R	plan
-4.830693365599743	-0.23551021452238963	25-75%	102	SPLa	R	plan
2.236681348270114	0.11036671791685206	0-100%	102	SPLa	R	plan
-5.073323290808409	-0.26170843304636215	100-0%,index	102	SPLa	R	exec
-8.076551795396531	-0.4235998875902672	75-25%,index	102	SPLa	R	exec
-6.879630383934395	-0.34303368568369164	50-50%,index	102	SPLa	R	exec
11.659337608709807	0.5692939862310074	25-75%,index	102	SPLa	R	exec
17.659472049508107	0.8598323845178942	75-25%,ring	102	SPLa	R	exec
16.784162662577003	0.8458084336222421	50-50%,ring	102	SPLa	R	exec
15.583674978341628	0.7728221705168069	25-75%,ring	102	SPLa	R	exec
-3.0099583187709973	-0.12471222844297616	0-100%,ring	102	SPLa	R	exec
5.651547373789666	0.3499759077056706	100-0%	102	SPLp	R	plan
0.3982655830554194	0.006929097422877088	75-25%	102	SPLp	R	plan
-5.339877518404356	-0.2961070733910417	50-50%	102	SPLp	R	plan
-3.0407284318075556	-0.16794223192840307	25-75%	102	SPLp	R	plan
8.264744716229336	0.4354986508403715	0-100%	102	SPLp	R	plan
1.0681877880363948	0.06356659386848242	100-0%,index	102	SPLp	R	exec
-0.1326118345683462	0.03310023952989854	75-25%,index	102	SPLp	R	exec
-0.6354740304022934	0.005248722825406597	50-50%,index	102	SPLp	R	exec
18.877354101286556	1.0041808391721305	25-75%,index	102	SPLp	R	exec
29.23295637928219	1.5383698484343502	75-25%,ring	102	SPLp	R	exec
19.220748708515035	1.0694531764975914	50-50%,ring	102	SPLp	R	exec
13.277111810143756	0.7170123024521815	25-75%,ring	102	SPLp	R	exec
6.745427373615637	0.425969684212371	0-100%,ring	102	SPLp	R	exec
3.107893690437707	0.24487894169498145	100-0%	103	SMA	L	plan
1.707024990493454	0.14287019009107207	75-25%	103	SMA	L	plan
1.4393803513911834	0.13166058022663535	50-50%	103	SMA	L	plan
2.916943400062576	0.2469484344342196	25-75%	103	SMA	L	plan
2.4568402817012767	0.19015914532489211	0-100%	103	SMA	L	plan
0.9849287538929472	0.07510670827538987	100-0%,index	103	SMA	L	exec
3.9864158128733265	0.31004739690313243	75-25%,index	103	SMA	L	exec
4.019448032611645	0.30316097787062424	50-50%,index	103	SMA	L	exec
1.7914821979387787	0.1513118187334467	25-75%,index	103	SMA	L	exec
4.478564478203385	0.3325709181334206	75-25%,ring	103	SMA	L	exec
3.1595064191484306	0.22792015156529125	50-50%,ring	103	SMA	L	exec
4.146730790919546	0.30744559902877333	25-75%,ring	103	SMA	L	exec
3.9403653131910117	0.29470789748810633	0-100%,ring	103	SMA	L	exec
5.903209557550131	0.417244334326606	100-0%	103	PMd	L	plan
4.924741569975589	0.3493443050188246	75-25%	103	PMd	L	plan
5.080390118204917	0.3628744655393477	50-50%	103	PMd	L	plan
6.633946971614731	0.4778161009661822	25-75%	103	PMd	L	plan
5.944053250075928	0.4247013739104973	0-100%	103	PMd	L	plan
-1.2635279506950385	-0.07960037569842836	100-0%,index	103	PMd	L	exec
3.3675879590671283	0.246326068969047	75-25%,index	103	PMd	L	exec
3.562678271059835	0.26074597257964566	50-50%,index	103	PMd	L	exec
-0.1946915749853513	-0.00080535872089324	25-75%,index	103	PMd	L	exec
7.598086981677396	0.5321247351434479	75-25%,ring	103	PMd	L	exec
5.244445011329682	0.3688982360688425	50-50%,ring	103	PMd	L	exec
4.63014537906323	0.3298353224929614	25-75%,ring	103	PMd	L	exec
3.986964106857162	0.27427027562838757	0-100%,ring	103	PMd	L	exec
-1.2359669438583494	-0.038246676116388226	100-0%	103	PMv	L	plan
-1.933863283799965	-0.09613590608697653	75-25%	103	PMv	L	plan
-2.4429884347440107	-0.13729433690636791	50-50%	103	PMv	L	plan
-1.0938516676102634	-0.03264817800207515	25-75%	103	PMv	L	plan
-1.6336853146659582	-0.07496766465809288	0-100%	103	PMv	L	plan
1.969727889144209	0.15922163343548415	100-0%,index	103	PMv	L	exec
5.740909495244456	0.44678061997766616	75-25%,index	103	PMv	L	exec
6.5817328619328	0.5290100529360083	50-50%,index	103	PMv	L	exec
2.0921993010996105	0.16748894987077015	25-75%,index	103	PMv	L	exec
4.645257369988034	0.3870051252785188	75-25%,ring	103	PMv	L	exec
4.609185992363525	0.38034319966795893	50-50%,ring	103	PMv	L	exec
4.5907832825720805	0.37133561290354655	25-75%,ring	103	PMv	L	exec
4.154205513463211	0.3420639284459047	0-100%,ring	103	PMv	L	exec
0.49479229075472747	0.03306295629987902	100-0%	103	M1	L	plan
0.05705967347330249	0.004521279544162471	75-25%	103	M1	L	plan
-0.5303976635879545	-0.03799185065129625	50-50%	103	M1	L	plan
2.3146593814719716	0.20349488099828475	25-75%	103	M1	L	plan
2.677099435310215	0.21754742189963808	0-100%	103	M1	L	plan
4.099202487454899	0.31661957542874664	100-0%,index	103	M1	L	exec
6.6128788503057665	0.5276899679071471	75-25%,index	103	M1	L	exec
8.88283612289186	0.7155046675876497	50-50%,index	103	M1	L	exec
2.764652336897976	0.21738152895053264	25-75%,index	103	M1	L	exec
13.348378422568793	1.0625121082960647	75-25%,ring	103	M1	L	exec
11.600540457217932	0.9284671642906916	50-50%,ring	103	M1	L	exec
10.93016421236346	0.8762968091739508	25-75%,ring	103	M1	L	exec
10.409830566420197	0.8344172913760348	0-100%,ring	103	M1	L	exec
-0.518719812487774	-0.048188530304984996	100-0%	103	S1	L	plan
-2.2920364007782577	-0.16841490378949475	75-25%	103	S1	L	plan
-2.123927417652217	-0.15835897548362488	50-50%	103	S1	L	plan
-0.8068492037710814	-0.05019145867559781	25-75%	103	S1	L	plan
-1.701706560834266	-0.1175810881336581	0-100%	103	S1	L	plan
8.40097674131264	0.6209764582579138	100-0%,index	103	S1	L	exec
12.18113917841347	0.8868406782300271	75-25%,index	103	S1	L	exec
13.64577336813591	1.0010500736976589	50-50%,index	103	S1	L	exec
7.955393340475825	0.5807823708170069	25-75%,index	103	S1	L	exec
20.48892937950607	1.4834588205785186	75-25%,ring	103	S1	L	exec
17.97434184340243	1.3136277576970368	50-50%,ring	103	S1	L	exec
18.108338323704775	1.3098510664041643	25-75%,ring	103	S1	L	exec
18.745336402214086	1.3531337376940045	0-100%,ring	103	S1	L	exec
1.9555186932995399	0.1359648567133476	100-0%	103	SPLa	L	plan
2.080930489978052	0.14646046505688243	75-25%	103	SPLa	L	plan
2.4484130598548113	0.1795078439569773	50-50%	103	SPLa	L	plan
3.5674155035829918	0.2598239787698445	25-75%	103	SPLa	L	plan
1.476930919863433	0.10143179021416628	0-100%	103	SPLa	L	plan
1.4012581655056642	0.10341962128173088	100-0%,index	103	SPLa	L	exec
3.8516356521106303	0.26804260931982304	75-25%,index	103	SPLa	L	exec
4.400773354529235	0.3050498182194938	50-50%,index	103	SPLa	L	exec
2.0256842094445258	0.13307786129035992	25-75%,index	103	SPLa	L	exec
8.668170341038005	0.5998616741802629	75-25%,ring	103	SPLa	L	exec
5.909468966492284	0.4038990687844323	50-50%,ring	103	SPLa	L	exec
5.700960988327336	0.3984878388688475	25-75%,ring	103	SPLa	L	exec
6.128244064631114	0.4325106549061584	0-100%,ring	103	SPLa	L	exec
1.975693905025831	0.14563886022411596	100-0%	103	SPLp	L	plan
1.2369608678605306	0.08949858505636504	75-25%	103	SPLp	L	plan
2.531134063651766	0.19747891636979406	50-50%	103	SPLp	L	plan
1.8263960374731252	0.14648859913433313	25-75%	103	SPLp	L	plan
1.513309619877258	0.11321496704442661	0-100%	103	SPLp	L	plan
3.358928673187935	0.292787321020678	100-0%,index	103	SPLp	L	exec
5.32864570786812	0.4440236180230142	75-25%,index	103	SPLp	L	exec
8.022015011332305	0.6467255388907651	50-50%,index	103	SPLp	L	exec
6.6536826378537075	0.5510685985822709	25-75%,index	103	SPLp	L	exec
8.767904730063362	0.7064796864177043	75-25%,ring	103	SPLp	L	exec
6.104192907330913	0.4977956469741149	50-50%,ring	103	SPLp	L	exec
6.002890066602044	0.47922997888085256	25-75%,ring	103	SPLp	L	exec
5.383549520411193	0.44280051224561	0-100%,ring	103	SPLp	L	exec
5.135429227967458	0.45646900477859287	100-0%	103	SMA	R	plan
3.4768923288953073	0.3287853965809537	75-25%	103	SMA	R	plan
2.9451635292166007	0.28008003543677	50-50%	103	SMA	R	plan
3.008856018985911	0.2894031655012855	25-75%	103	SMA	R	plan
5.43070618421305	0.4823187565237609	0-100%	103	SMA	R	plan
1.7232064502043971	0.1609053082940779	100-0%,index	103	SMA	R	exec
5.09205143844773	0.42080999134333225	75-25%,index	103	SMA	R	exec
6.729013674952861	0.565015289614234	50-50%,index	103	SMA	R	exec
3.3901280285037476	0.27995815551591885	25-75%,index	103	SMA	R	exec
7.901411512916715	0.6493279680476428	75-25%,ring	103	SMA	R	exec
5.391714133451981	0.46516721311057435	50-50%,ring	103	SMA	R	exec
7.380223722310158	0.6262408263360327	25-75%,ring	103	SMA	R	exec
5.441929656355803	0.4641693553960368	0-100%,ring	103	SMA	R	exec
2.1423979315536874	0.15421687033331247	100-0%	103	PMd	R	plan
1.970142554328942	0.14091289851553193	75-25%	103	PMd	R	plan
1.6992646805251166	0.12833757206064372	50-50%	103	PMd	R	plan
2.59746920872374	0.20346082844238908	25-75%	103	PMd	R	plan
2.0675236636653858	0.14716505481067266	0-100%	103	PMd	R	plan
-0.9331024414876224	-0.05740362798932057	100-0%,index	103	PMd	R	exec
1.3638556388127518	0.1306136321367092	75-25%,index	103	PMd	R	exec
1.8197116216538962	0.16407468644943393	50-50%,index	103	PMd	R	exec
-1.4468945293829294	-0.10204969660098481	25-75%,index	103	PMd	R	exec
4.904142432934638	0.40194743926581555	75-25%,ring	103	PMd	R	exec
3.6496147930120113	0.30587709105717253	50-50%,ring	103	PMd	R	exec
3.649429303740072	0.31449528748283273	25-75%,ring	103	PMd	R	exec
3.299588215514747	0.28615257677743716	0-100%,ring	103	PMd	R	exec
-1.595741877221458	-0.10970241824739672	100-0%	103	PMv	R	plan
-1.5829449963741122	-0.1155652318552639	75-25%	103	PMv	R	plan
-1.4413818295191352	-0.08700633711850969	50-50%	103	PMv	R	plan
-2.870476139206735	-0.21089250678362856	25-75%	103	PMv	R	plan
-1.5289041179247083	-0.09227213113742422	0-100%	103	PMv	R	plan
0.19958248186028665	0.037733848087742765	100-0%,index	103	PMv	R	exec
2.7394340686677467	0.17732880249391272	75-25%,index	103	PMv	R	exec
4.25860288390328	0.280008427523994	50-50%,index	103	PMv	R	exec
1.3740835790240598	0.11333860298033133	25-75%,index	103	PMv	R	exec
4.482383469306302	0.3229230022251223	75-25%,ring	103	PMv	R	exec
2.425581134013122	0.14983198021703478	50-50%,ring	103	PMv	R	exec
4.584479891994436	0.34589335826384493	25-75%,ring	103	PMv	R	exec
2.6868503302139866	0.17831372792658393	0-100%,ring	103	PMv	R	exec
-2.350547152598375	-0.1550138324768657	100-0%	103	M1	R	plan
-1.9923698597682113	-0.11696036068816199	75-25%	103	M1	R	plan
-2.853465353621278	-0.20272996768260887	50-50%	103	M1	R	plan
-1.270760404847839	-0.06573728365438528	25-75%	103	M1	R	plan
-0.21131761475344715	0.006910121277568565	0-100%	103	M1	R	plan
-0.23597891033505616	-0.022262273558120847	100-0%,index	103	M1	R	exec
0.6730804809485562	0.04163136182920636	75-25%,index	103	M1	R	exec
4.109235823084432	0.3296796618253237	50-50%,index	103	M1	R	exec
-1.811587065607613	-0.14000142021398895	25-75%,index	103	M1	R	exec
5.2431150403526905	0.38507854139412845	75-25%,ring	103	M1	R	exec
3.3315810789677873	0.2593004672463407	50-50%,ring	103	M1	R	exec
3.9772388137559798	0.2971200459279066	25-75%,ring	103	M1	R	exec
3.220297006691934	0.24236166695102482	0-100%,ring	103	M1	R	exec
-4.924572884256667	-0.3497934969664721	100-0%	103	S1	R	plan
-5.237472877526992	-0.36342083211198806	75-25%	103	S1	R	plan
-4.511454773552914	-0.310851989891395	50-50%	103	S1	R	plan
-5.256159455707514	-0.3717322686178022	25-75%	103	S1	R	plan
-4.744618273574917	-0.33706119864848594	0-100%	103	S1	R	plan
-1.4716520470637047	-0.09221032182753255	100-0%,index	103	S1	R	exec
1.3842759569432488	0.10029726842041431	75-25%,index	103	S1	R	exec
3.036954850856877	0.2223397219279571	50-50%,index	103	S1	R	exec
-2.0549532601248734	-0.12614220462087072	25-75%,index	103	S1	R	exec
5.1710024421435365	0.3473478759113762	75-25%,ring	103	S1	R	exec
2.3687820684128056	0.1630069652337416	50-50%,ring	103	S1	R	exec
5.105929238664961	0.3558177821617798	25-75%,ring	103	S1	R	exec
4.272247683502073	0.2902428422545586	0-100%,ring	103	S1	R	exec
-1.5903241990430501	-0.10323289747713317	100-0%	103	SPLa	R	plan
-1.5063052963603096	-0.09704974188560374	75-25%	103	SPLa	R	plan
-0.626942384601776	-0.03371072407696436	50-50%	103	SPLa	R	plan
0.6824671438938458	0.0562732493109708	25-75%	103	SPLa	R	plan
-0.9860847373387562	-0.06398371316346033	0-100%	103	SPLa	R	plan
-1.1886983178877877	-0.06134987610823245	100-0%,index	103	SPLa	R	exec
0.9970918927129128	0.07767688578999081	75-25%,index	103	SPLa	R	exec
1.1464747301881735	0.09466318159300129	50-50%,index	103	SPLa	R	exec
-2.4747763318796414	-0.1421197329840266	25-75%,index	103	SPLa	R	exec
6.9705106581586795	0.46229356489975687	75-25%,ring	103	SPLa	R	exec
4.244282781846901	0.28829078442007483	50-50%,ring	103	SPLa	R	exec
4.647686125490819	0.31198768506614166	25-75%,ring	103	SPLa	R	exec
5.24343318174592	0.3552427382413209	0-100%,ring	103	SPLa	R	exec
-3.0411150737504213	-0.2634661882155145	100-0%	103	SPLp	R	plan
-3.714320883171999	-0.3230689029718252	75-25%	103	SPLp	R	plan
-2.0555697711889422	-0.17439518061346831	50-50%	103	SPLp	R	plan
-0.44974175093385943	-0.042807313329987946	25-75%	103	SPLp	R	plan
-1.8746182816628265	-0.1727762220872319	0-100%	103	SPLp	R	plan
1.2711071006207442	0.10276343501360599	100-0%,index	103	SPLp	R	exec
2.643230228858395	0.23152841125324297	75-25%,index	103	SPLp	R	exec
4.523281342518089	0.3911246471633298	50-50%,index	103	SPLp	R	exec
2.698786051656297	0.23938871808032283	25-75%,index	103	SPLp	R	exec
6.800749677598534	0.5747798116482562	75-25%,ring	103	SPLp	R	exec
4.61371220078496	0.386308073092884	50-50%,ring	103	SPLp	R	exec
5.353072109093956	0.4516616958074699	25-75%,ring	103	SPLp	R	exec
5.147415177063568	0.4344423866255113	0-100%,ring	103	SPLp	R	exec
3.7604443898911786	0.2922442310606171	100-0%	104	SMA	L	plan
3.712905060770256	0.3014616571797856	75-25%	104	SMA	L	plan
3.288138021679329	0.2657774606824387	50-50%	104	SMA	L	plan
3.3628916104273605	0.2683658459362175	25-75%	104	SMA	L	plan
3.424290462838752	0.2757553730982223	0-100%	104	SMA	L	plan
2.9010975380114146	0.21607478316620524	100-0%,index	104	SMA	L	exec
4.098331780523594	0.3019282397049745	75-25%,index	104	SMA	L	exec
2.236526840960873	0.1539896486445463	50-50%,index	104	SMA	L	exec
3.736207570150894	0.2615071222843253	25-75%,index	104	SMA	L	exec
3.0357243521362545	0.20481235282402485	75-25%,ring	104	SMA	L	exec
4.52949049280371	0.33929410674609245	50-50%,ring	104	SMA	L	exec
4.13154643346795	0.3136029516339435	25-75%,ring	104	SMA	L	exec
4.724162177386028	0.3544008679532313	0-100%,ring	104	SMA	L	exec
6.775240013201881	0.4454151429479306	100-0%	104	PMd	L	plan
7.054532769032615	0.46647727237259085	75-25%	104	PMd	L	plan
6.779329732769714	0.44468132465767574	50-50%	104	PMd	L	plan
7.859446995377339	0.5084672920414015	25-75%	104	PMd	L	plan
7.0257017036851135	0.4525866018433238	0-100%	104	PMd	L	plan
4.190387715988331	0.2686298689529374	100-0%,index	104	PMd	L	exec
6.2044286597795315	0.4000786279254362	75-25%,index	104	PMd	L	exec
2.794302719013479	0.18155338696022819	50-50%,index	104	PMd	L	exec
5.872927918391273	0.3804393688600804	25-75%,index	104	PMd	L	exec
6.067664506939622	0.3949237307233397	75-25%,ring	104	PMd	L	exec
3.5383075060744447	0.23010435152623449	50-50%,ring	104	PMd	L	exec
5.073972740093435	0.3366785384722935	25-75%,ring	104	PMd	L	exec
5.405400612508181	0.35814593708244	0-100%,ring	104	PMd	L	exec
0.0927592881243501	0.05148369204207305	100-0%	104	PMv	L	plan
-1.2794633049321034	-0.036082386722852126	75-25%	104	PMv	L	plan
-1.047435014769289	-0.02143907741981321	50-50%	104	PMv	L	plan
0.07471520273555289	0.04399701698977664	25-75%	104	PMv	L	plan
-1.3084973837385672	-0.05049931695913056	0-100%	104	PMv	L	plan
4.699228636370043	0.39986474081718676	100-0%,index	104	PMv	L	exec
7.41042392523941	0.5956104762594252	75-25%,index	104	PMv	L	exec
4.086631419720336	0.3430324372105008	50-50%,index	104	PMv	L	exec
7.977021042804312	0.6494586504256243	25-75%,index	104	PMv	L	exec
4.928476790441911	0.4043565568588354	75-25%,ring	104	PMv	L	exec
6.027960005928917	0.47679546498921793	50-50%,ring	104	PMv	L	exec
6.764471332345307	0.5774001940091051	25-75%,ring	104	PMv	L	exec
7.136430577838919	0.5759057222948696	0-100%,ring	104	PMv	L	exec
-0.43893936819320684	-0.03845418156625942	100-0%	104	M1	L	plan
-1.206289454591767	-0.08451983591993378	75-25%	104	M1	L	plan
-2.749502561076356	-0.19123531591205936	50-50%	104	M1	L	plan
0.2826177813875028	0.007375747391608547	25-75%	104	M1	L	plan
0.4156286470920139	0.02285460644655155	0-100%	104	M1	L	plan
10.449886789174213	0.6570760071660008	100-0%,index	104	M1	L	exec
12.267024752243133	0.7913557810040217	75-25%,index	104	M1	L	exec
9.791960389259705	0.6199259200553162	50-50%,index	104	M1	L	exec
11.484656950049565	0.7091449413904705	25-75%,index	104	M1	L	exec
10.891702753090668	0.678806725292039	75-25%,ring	104	M1	L	exec
11.287749602126283	0.7299255172457311	50-50%,ring	104	M1	L	exec
11.539640579372644	0.7370267439624494	25-75%,ring	104	M1	L	exec
12.574966365159936	0.7822692057874312	0-100%,ring	104	M1	L	exec
-1.0166127211701266	-0.056934717371777466	100-0%	104	S1	L	plan
-1.7095393735434485	-0.0939298317063937	75-25%	104	S1	L	plan
-3.342049870665961	-0.20180657742563293	50-50%	104	S1	L	plan
-0.8755619628965914	-0.047535450419687465	25-75%	104	S1	L	plan
-1.8445265497169856	-0.1144995980673987	0-100%	104	S1	L	plan
12.748434082991915	0.8177079327657234	100-0%,index	104	S1	L	exec
15.00960708618401	0.9737559943370823	75-25%,index	104	S1	L	exec
13.194746849710347	0.8385428192950767	50-50%,index	104	S1	L	exec
15.621769703250697	0.9849131232195013	25-75%,index	104	S1	L	exec
13.587454889390306	0.8701656105562503	75-25%,ring	104	S1	L	exec
13.179425924375773	0.8512741881901783	50-50%,ring	104	S1	L	exec
12.746928218505891	0.8318350314781547	25-75%,ring	104	S1	L	exec
15.047213729316596	0.9633953086590221	0-100%,ring	104	S1	L	exec
3.7836965944705483	0.22457362391813276	100-0%	104	SPLa	L	plan
2.9989799292692485	0.18859938886712785	75-25%	104	SPLa	L	plan
2.4149830283255542	0.1483936366836271	50-50%	104	SPLa	L	plan
4.264039606708182	0.26091489947475444	25-75%	104	SPLa	L	plan
3.6084942956337374	0.21877791343501518	0-100%	104	SPLa	L	plan
6.730817390835483	0.4457572806615411	100-0%,index	104	SPLa	L	exec
7.956336970459763	0.507101137261214	75-25%,index	104	SPLa	L	exec
6.077544725457141	0.3967172622606209	50-50%,index	104	SPLa	L	exec
9.673464960791339	0.620031532109021	25-75%,index	104	SPLa	L	exec
8.74745168834807	0.5740647442026195	75-25%,ring	104	SPLa	L	exec
5.6508633241178545	0.37845631449503525	50-50%,ring	104	SPLa	L	exec
4.46446107582987	0.30452808237037154	25-75%,ring	104	SPLa	L	exec
6.120097288418925	0.3916379422378688	0-100%,ring	104	SPLa	L	exec
5.476384411920129	0.37677127628055707	100-0%	104	SPLp	L	plan
4.844685457572114	0.34780906833645303	75-25%	104	SPLp	L	plan
2.5581124948090888	0.17877804337650366	50-50%	104	SPLp	L	plan
4.91395395235467	0.3422135432000477	25-75%	104	SPLp	L	plan
4.316285580228823	0.2886315228589247	0-100%	104	SPLp	L	plan
8.385198965712748	0.5619409811774442	100-0%,index	104	SPLp	L	exec
9.69281640001323	0.6553284242146572	75-25%,index	104	SPLp	L	exec
9.417831823672246	0.6599499708244128	50-50%,index	104	SPLp	L	exec
12.906787676207886	0.8673650441556869	25-75%,index	104	SPLp	L	exec
11.786203880705107	0.8245562351585708	75-25%,ring	104	SPLp	L	exec
7.981384676706328	0.529257873916405	50-50%,ring	104	SPLp	L	exec
7.168592469027848	0.4921189206337893	25-75%,ring	104	SPLp	L	exec
6.900430876689696	0.4538341096509836	0-100%,ring	104	SPLp	L	exec
6.621700132779208	0.6166020420732417	100-0%	104	SMA	R	plan
6.201282715188184	0.5857606201442902	75-25%	104	SMA	R	plan
5.936086807681972	0.5573547982758706	50-50%	104	SMA	R	plan
5.9456822018801985	0.5545762969922887	25-75%	104	SMA	R	plan
6.2462356435875535	0.5865365433836511	0-100%	104	SMA	R	plan
0.77906337837016	0.06451888009853267	100-0%,index	104	SMA	R	exec
2.901610887550568	0.2641442737185571	75-25%,index	104	SMA	R	exec
0.08370467510410688	0.001599483858121352	50-50%,index	104	SMA	R	exec
2.590511882678321	0.24051827365553133	25-75%,index	104	SMA	R	exec
0.20304858695906458	0.005344255839776856	75-25%,ring	104	SMA	R	exec
2.345572342119542	0.21026756742519662	50-50%,ring	104	SMA	R	exec
2.8024466597992514	0.2600864547525311	25-75%,ring	104	SMA	R	exec
3.08226944090695	0.27801191216282556	0-100%,ring	104	SMA	R	exec
2.3550073701858154	0.19941731830625237	100-0%	104	PMd	R	plan
1.9210971612943253	0.158968863658106	75-25%	104	PMd	R	plan
1.518649210941312	0.10863609958664322	50-50%	104	PMd	R	plan
2.2795989467590387	0.18548757303732918	25-75%	104	PMd	R	plan
1.705096891150036	0.13854318184917386	0-100%	104	PMd	R	plan
0.5471433071609894	0.06676682495976456	100-0%,index	104	PMd	R	exec
2.3076917018885665	0.25310771084673545	75-25%,index	104	PMd	R	exec
1.577038066408555	0.18523718102502743	50-50%,index	104	PMd	R	exec
1.6244155456213072	0.18672799927881784	25-75%,index	104	PMd	R	exec
1.9902228564143696	0.2109173252020491	75-25%,ring	104	PMd	R	exec
1.4339359677919716	0.1691725446473949	50-50%,ring	104	PMd	R	exec
1.6060681829854158	0.18998314607637953	25-75%,ring	104	PMd	R	exec
1.9169351152114127	0.20803922568522687	0-100%,ring	104	PMd	R	exec
2.2921105520550764	0.20186921173909325	100-0%	104	PMv	R	plan
0.46699346922771345	0.03729454674720614	75-25%	104	PMv	R	plan
0.37015054745998893	0.03355538737541719	50-50%	104	PMv	R	plan
1.2335471554919657	0.10342301578629373	25-75%	104	PMv	R	plan
0.32772149950769114	0.01980004138004663	0-100%	104	PMv	R	plan
2.4709533724836015	0.20421822009099475	100-0%,index	104	PMv	R	exec
5.364990029864949	0.4698912451820061	75-25%,index	104	PMv	R	exec
3.5354312062787687	0.3264365614074877	50-50%,index	104	PMv	R	exec
4.129568195484201	0.3309735572658106	25-75%,index	104	PMv	R	exec
3.727214675961066	0.33924189471311483	75-25%,ring	104	PMv	R	exec
3.0115009017155887	0.2263033160787485	50-50%,ring	104	PMv	R	exec
4.331918674426793	0.357767971616143	25-75%,ring	104	PMv	R	exec
5.3859791766299985	0.46646410096193625	0-100%,ring	104	PMv	R	exec
-5.192161190953211	-0.48035837870693543	100-0%	104	M1	R	plan
-5.639082831281581	-0.5275735948647199	75-25%	104	M1	R	plan
-7.568829641905556	-0.7123821769847614	50-50%	104	M1	R	plan
-6.447428489194406	-0.6144589027319186	25-75%	104	M1	R	plan
-6.934001257518676	-0.6450933153417738	0-100%	104	M1	R	plan
3.967824713000132	0.36827082753930324	100-0%,index	104	M1	R	exec
5.738518859731101	0.5421824100392452	75-25%,index	104	M1	R	exec
7.223000758849763	0.6849825334971344	50-50%,index	104	M1	R	exec
4.8238890118009	0.44081633632742473	25-75%,index	104	M1	R	exec
0.7696941598782293	0.07723100393719977	75-25%,ring	104	M1	R	exec
2.6331397591324652	0.2532425633794722	50-50%,ring	104	M1	R	exec
3.621895716656169	0.36180777442363476	25-75%,ring	104	M1	R	exec
4.279606254111979	0.4022232853654449	0-100%,ring	104	M1	R	exec
-5.5239917621631935	-0.5192934332048083	100-0%	104	S1	R	plan
-6.282883351146945	-0.6025139153861687	75-25%	104	S1	R	plan
-7.309286956011403	-0.6777963611587126	50-50%	104	S1	R	plan
-6.925401634484551	-0.6570658721398672	25-75%	104	S1	R	plan
-7.5603383084373865	-0.7063780609028072	0-100%	104	S1	R	plan
2.5899954760973776	0.23890864026972736	100-0%,index	104	S1	R	exec
4.701206616238661	0.45557067468041623	75-25%,index	104	S1	R	exec
6.599494797071138	0.6207673388365151	50-50%,index	104	S1	R	exec
3.7513173192618434	0.34029101867304234	25-75%,index	104	S1	R	exec
0.6281543002360936	0.06415792007069854	75-25%,ring	104	S1	R	exec
1.7553869091327554	0.16144918713983714	50-50%,ring	104	S1	R	exec
2.451644863910351	0.2525016685676178	25-75%,ring	104	S1	R	exec
3.1579196556441245	0.3018520203754633	0-100%,ring	104	S1	R	exec
1.6676447614362198	0.126330372146112	100-0%	104	SPLa	R	plan
1.6601153691777395	0.12881886728211583	75-25%	104	SPLa	R	plan
0.4778753865165137	0.031294290964521354	50-50%	104	SPLa	R	plan
0.9769172509048596	0.07655388440862448	25-75%	104	SPLa	R	plan
0.9505166576325011	0.07072732748799193	0-100%	104	SPLa	R	plan
1.4154074410029611	0.13373325501521868	100-0%,index	104	SPLa	R	exec
2.5909604273879916	0.22696200591591198	75-25%,index	104	SPLa	R	exec
2.5055898684742197	0.21923982127860264	50-50%,index	104	SPLa	R	exec
3.1112998723630363	0.2644879606498251	25-75%,index	104	SPLa	R	exec
2.8812500114844233	0.24913681516787717	75-25%,ring	104	SPLa	R	exec
1.7831007973927626	0.1573144045690769	50-50%,ring	104	SPLa	R	exec
0.7152859814668773	0.06193336615298814	25-75%,ring	104	SPLa	R	exec
1.3113885984395373	0.11953430082295449	0-100%,ring	104	SPLa	R	exec
4.764973672850035	0.3526813626803245	100-0%	104	SPLp	R	plan
3.7646163241604906	0.2760805826953184	75-25%	104	SPLp	R	plan
0.9555550079793148	0.04955070638653255	50-50%	104	SPLp	R	plan
3.6103462661050005	0.25497901279119156	25-75%	104	SPLp	R	plan
3.3236244466683735	0.22802229686978637	0-100%	104	SPLp	R	plan
5.1676933500488635	0.3898206484011969	100-0%,index	104	SPLp	R	exec
6.231835942937579	0.47844790978237606	75-25%,index	104	SPLp	R	exec
7.480392008975171	0.5905876790018251	50-50%,index	104	SPLp	R	exec
10.119230491092797	0.751782228560355	25-75%,index	104	SPLp	R	exec
9.990004302181212	0.7566077304665002	75-25%,ring	104	SPLp	R	exec
6.239596554943079	0.48053804907874403	50-50%,ring	104	SPLp	R	exec
5.2588902488285285	0.4179022595371221	25-75%,ring	104	SPLp	R	exec
5.159655653430529	0.4071713380372516	0-100%,ring	104	SPLp	R	exec
15.696516806704375	1.766710034647919	100-0%	105	SMA	L	plan
19.988989631257613	2.2530176457580833	75-25%	105	SMA	L	plan
20.38329292249312	2.2878264525174066	50-50%	105	SMA	L	plan
16.715710255179797	1.8718203673962508	25-75%	105	SMA	L	plan
22.885072195561325	2.5462968004456283	0-100%	105	SMA	L	plan
-5.103141681674381	-0.4999287879408334	100-0%,index	105	SMA	L	exec
-2.0220518204200473	-0.20252280463758796	75-25%,index	105	SMA	L	exec
-8.770475299543572	-0.931036525866452	50-50%,index	105	SMA	L	exec
-8.669549806824724	-0.8898592068838901	25-75%,index	105	SMA	L	exec
-3.1969671640294957	-0.26564627152529885	75-25%,ring	105	SMA	L	exec
-3.3547401457811197	-0.329602357177223	50-50%,ring	105	SMA	L	exec
-8.185365794078699	-0.8802609915133811	25-75%,ring	105	SMA	L	exec
-5.12358441949438	-0.5263743560362288	0-100%,ring	105	SMA	L	exec
18.5375923880879	1.6214723017010408	100-0%	105	PMd	L	plan
21.647982144706955	1.898515461678254	75-25%	105	PMd	L	plan
22.703059190601206	1.988585587341617	50-50%	105	PMd	L	plan
19.349815318271137	1.6579285509066208	25-75%	105	PMd	L	plan
24.85114893791997	2.1563720860975657	0-100%	105	PMd	L	plan
-6.130692525316317	-0.6368846403900349	100-0%,index	105	PMd	L	exec
0.19035532058927163	-0.0844983613697735	75-25%,index	105	PMd	L	exec
-7.401225081856389	-0.7396148795959864	50-50%,index	105	PMd	L	exec
-6.975832544779887	-0.6943109261822963	25-75%,index	105	PMd	L	exec
0.10658962842648999	-0.07595036781890141	75-25%,ring	105	PMd	L	exec
1.5425237954446753	0.052642957733698814	50-50%,ring	105	PMd	L	exec
-6.775688973665178	-0.6944525184036827	25-75%,ring	105	PMd	L	exec
-2.1019853703587263	-0.25627833241489384	0-100%,ring	105	PMd	L	exec
11.955552970683078	1.260128944893475	100-0%	105	PMv	L	plan
14.184934851740293	1.4581967180938016	75-25%	105	PMv	L	plan
13.623777636596772	1.396423197930568	50-50%	105	PMv	L	plan
11.143274056405229	1.1306387700136902	25-75%	105	PMv	L	plan
17.52771711898628	1.8049782491601905	0-100%	105	PMv	L	plan
-6.0536907946515734	-0.5724972970971405	100-0%,index	105	PMv	L	exec
-2.9682239503269003	-0.25363416744363915	75-25%,index	105	PMv	L	exec
-7.6226522390249825	-0.6969881219701795	50-50%,index	105	PMv	L	exec
-8.486125590855295	-0.7252076835096268	25-75%,index	105	PMv	L	exec
-6.099091045926691	-0.5420770088278629	75-25%,ring	105	PMv	L	exec
-0.3782422624335351	0.014975333235971987	50-50%,ring	105	PMv	L	exec
-9.036762924557427	-0.897727489680134	25-75%,ring	105	PMv	L	exec
-4.358643401721618	-0.36610448599530243	0-100%,ring	105	PMv	L	exec
16.260246392165847	1.4681860664268434	100-0%	105	M1	L	plan
16.776166835005608	1.5283408243080912	75-25%	105	M1	L	plan
19.2626402372099	1.7589391114165291	50-50%	105	M1	L	plan
17.537203710611703	1.5626670244736616	25-75%	105	M1	L	plan
25.08568808921465	2.2640402831228887	0-100%	105	M1	L	plan
-2.834179203930163	-0.2960456622196637	100-0%,index	105	M1	L	exec
4.009303923154937	0.3230784321493197	75-25%,index	105	M1	L	exec
-0.8595453099726946	-0.09973918394288885	50-50%,index	105	M1	L	exec
-10.402481794620847	-0.9541568588189439	25-75%,index	105	M1	L	exec
3.7795470906261275	0.30643015987476613	75-25%,ring	105	M1	L	exec
7.397929902307789	0.6241244876839178	50-50%,ring	105	M1	L	exec
-4.421695937511171	-0.4489902062768946	25-75%,ring	105	M1	L	exec
-1.4357141602079226	-0.14577100348407776	0-100%,ring	105	M1	L	exec
28.88790548906679	2.3890391966300557	100-0%	105	S1	L	plan
27.872654565214432	2.2495970313494973	75-25%	105	S1	L	plan
28.752380332353304	2.326669514767627	50-50%	105	S1	L	plan
28.4983556045519	2.2776469187875374	25-75%	105	S1	L	plan
30.541155397593432	2.4429535001681484	0-100%	105	S1	L	plan
7.795284858490143	0.6855822277155604	100-0%,index	105	S1	L	exec
16.03845350939306	1.405947215484615	75-25%,index	105	S1	L	exec
9.660049705869111	0.8942729490839597	50-50%,index	105	S1	L	exec
6.157854926765793	0.5989727824616377	25-75%,index	105	S1	L	exec
21.87905624552252	1.8862554959756086	75-25%,ring	105	S1	L	exec
21.91313768349538	1.8691202905484614	50-50%,ring	105	S1	L	exec
9.990499632153568	0.8918587652020462	25-75%,ring	105	S1	L	exec
19.277605944468483	1.7158474012565095	0-100%,ring	105	S1	L	exec
21.650919215955362	1.6882200074938745	100-0%	105	SPLa	L	plan
22.29324781459869	1.7181765943359792	75-25%	105	SPLa	L	plan
20.89482616201167	1.6497900486065036	50-50%	105	SPLa	L	plan
20.536054266094688	1.5972173907599414	25-75%	105	SPLa	L	plan
24.694171133489228	1.9099272114523556	0-100%	105	SPLa	L	plan
-8.218276410956813	-0.6559470704661023	100-0%,index	105	SPLa	L	exec
0.8078443542399405	0.06615915443805317	75-25%,index	105	SPLa	L	exec
-5.301125563022273	-0.43515956356045893	50-50%,index	105	SPLa	L	exec
-3.2984334610030848	-0.23184053786556214	25-75%,index	105	SPLa	L	exec
7.763095886366454	0.6397147125507296	75-25%,ring	105	SPLa	L	exec
5.962673907739658	0.4332675881542447	50-50%,ring	105	SPLa	L	exec
-4.597146542680315	-0.3827930001004756	25-75%,ring	105	SPLa	L	exec
-1.3746117897640178	-0.12292481146183364	0-100%,ring	105	SPLa	L	exec
20.731921671281796	1.5970030911740045	100-0%	105	SPLp	L	plan
22.077844975135275	1.7268763141072423	75-25%	105	SPLp	L	plan
22.166544100775763	1.7758370039406928	50-50%	105	SPLp	L	plan
17.49975619039565	1.3585828714317973	25-75%	105	SPLp	L	plan
24.36333707411531	1.9195371647794417	0-100%	105	SPLp	L	plan
-3.550989374771826	-0.2363556102028028	100-0%,index	105	SPLp	L	exec
5.90080271105209	0.5287797106361912	75-25%,index	105	SPLp	L	exec
-1.7285918212357367	-0.1263825952799179	50-50%,index	105	SPLp	L	exec
0.08854857563213733	0.09258186078602401	25-75%,index	105	SPLp	L	exec
8.92307893423807	0.8722008702758416	75-25%,ring	105	SPLp	L	exec
1.5450691252034188	0.1418120391167994	50-50%,ring	105	SPLp	L	exec
-3.7617511437649216	-0.3082750230402863	25-75%,ring	105	SPLp	L	exec
-4.171489700196133	-0.31521092200568585	0-100%,ring	105	SPLp	L	exec
25.14952563047409	2.5701597996865924	100-0%	105	SMA	R	plan
27.240132901713967	2.757656509975145	75-25%	105	SMA	R	plan
28.411294819306637	2.9038717116809627	50-50%	105	SMA	R	plan
26.374284468305067	2.65829675952445	25-75%	105	SMA	R	plan
30.32285679421401	3.031211932171035	0-100%	105	SMA	R	plan
-3.273081999146582	-0.38410192650668595	100-0%,index	105	SMA	R	exec
-1.9098713999533135	-0.24345954384155355	75-25%,index	105	SMA	R	exec
-7.251297763983408	-0.7716038273822894	50-50%,index	105	SMA	R	exec
-9.349955446009213	-0.9772324450407683	25-75%,index	105	SMA	R	exec
1.8646749880353826	0.21457422851244043	75-25%,ring	105	SMA	R	exec
1.4530263954206653	0.12793067469315578	50-50%,ring	105	SMA	R	exec
-9.20781781348523	-0.9426106630915192	25-75%,ring	105	SMA	R	exec
-2.8891944169350294	-0.28836099070402377	0-100%,ring	105	SMA	R	exec
13.472723091712972	1.358939741212963	100-0%	105	PMd	R	plan
14.945684311082633	1.4940293507798945	75-25%	105	PMd	R	plan
15.534322611418077	1.5741972151002386	50-50%	105	PMd	R	plan
15.326470489197622	1.5300757040638915	25-75%	105	PMd	R	plan
15.759977279989327	1.5863280853831017	0-100%	105	PMd	R	plan
-8.025930811610012	-0.8325659713674678	100-0%,index	105	PMd	R	exec
-4.616304720906882	-0.47148123175146983	75-25%,index	105	PMd	R	exec
-8.444621900592347	-0.8498197256201349	50-50%,index	105	PMd	R	exec
-8.700461457387993	-0.8529687821659889	25-75%,index	105	PMd	R	exec
1.4469099203932065	0.15741167017099966	75-25%,ring	105	PMd	R	exec
-1.868449813674586	-0.20360986076757268	50-50%,ring	105	PMd	R	exec
-8.624370749441407	-0.8787784313696104	25-75%,ring	105	PMd	R	exec
-3.69534731080434	-0.36865935286558515	0-100%,ring	105	PMd	R	exec
14.576863121745584	1.4248469648269584	100-0%	105	PMv	R	plan
15.493284346299113	1.5247736079223853	75-25%	105	PMv	R	plan
13.58384532171334	1.331012381421673	50-50%	105	PMv	R	plan
13.870935878949668	1.3391070620092078	25-75%	105	PMv	R	plan
14.992231438583033	1.4689627629453934	0-100%	105	PMv	R	plan
-7.367617239535856	-0.709658077097726	100-0%,index	105	PMv	R	exec
-5.714706028130722	-0.5680614109530541	75-25%,index	105	PMv	R	exec
-8.424940921613196	-0.8270003890846367	50-50%,index	105	PMv	R	exec
-9.36572207621098	-0.8995583919996076	25-75%,index	105	PMv	R	exec
-3.3235480098798185	-0.33791784594276264	75-25%,ring	105	PMv	R	exec
-4.003303599427581	-0.41116657132740186	50-50%,ring	105	PMv	R	exec
-8.574603080073745	-0.8677157324024444	25-75%,ring	105	PMv	R	exec
-6.956873477362851	-0.698938012889348	0-100%,ring	105	PMv	R	exec
5.761153159730507	0.534711136187667	100-0%	105	M1	R	plan
3.2299494799690076	0.27025054907794976	75-25%	105	M1	R	plan
5.503600186215317	0.5212236815801193	50-50%	105	M1	R	plan
5.27465909164045	0.4598845071027612	25-75%	105	M1	R	plan
9.352487240694632	0.8803483487193249	0-100%	105	M1	R	plan
-7.681320040443558	-0.813062912771611	100-0%,index	105	M1	R	exec
-1.5722725019996724	-0.18292610927767275	75-25%,index	105	M1	R	exec
-5.2103636028017	-0.5625053563552481	50-50%,index	105	M1	R	exec
-11.069708972705772	-1.1184627365023825	25-75%,index	105	M1	R	exec
-4.264975508927827	-0.40822634329530516	75-25%,ring	105	M1	R	exec
0.9063831051196313	0.09588744825361153	50-50%,ring	105	M1	R	exec
-8.980336418497583	-0.9262325429631243	25-75%,ring	105	M1	R	exec
-8.344733070524734	-0.8461924808377603	0-100%,ring	105	M1	R	exec
9.769141912981144	0.9598117074126703	100-0%	105	S1	R	plan
8.651767364250341	0.8203986617404792	75-25%	105	S1	R	plan
8.10614916690562	0.7736476314896085	50-50%	105	S1	R	plan
9.135976211302598	0.8559358574369769	25-75%	105	S1	R	plan
11.981184006240943	1.1195313337144275	0-100%	105	S1	R	plan
-2.775433666560148	-0.3005582796848262	100-0%,index	105	S1	R	exec
2.0391245393068935	0.19629476102135704	75-25%,index	105	S1	R	exec
1.6667349999170362	0.14085359556680416	50-50%,index	105	S1	R	exec
-4.879642043272214	-0.46700850394897747	25-75%,index	105	S1	R	exec
0.6790231863235675	0.06845385607894854	75-25%,ring	105	S1	R	exec
4.307702125946187	0.41138593630923986	50-50%,ring	105	S1	R	exec
-3.307412934252649	-0.30694202727737646	25-75%,ring	105	S1	R	exec
0.6695334337932031	0.08835130454045585	0-100%,ring	105	S1	R	exec
17.14986158466675	1.4564151359309423	100-0%	105	SPLa	R	plan
17.699984746840848	1.4834652267829915	75-25%	105	SPLa	R	plan
17.87140454999535	1.5066488097386348	50-50%	105	SPLa	R	plan
19.35105855683778	1.6241117086173267	25-75%	105	SPLa	R	plan
21.187081167910836	1.7499468974219385	0-100%	105	SPLa	R	plan
-7.901903687141568	-0.6520817550550609	100-0%,index	105	SPLa	R	exec
-0.8426483581116884	-0.049602642102064456	75-25%,index	105	SPLa	R	exec
-4.24792597904353	-0.3630509035609348	50-50%,index	105	SPLa	R	exec
-3.464251250512755	-0.2410798561693707	25-75%,index	105	SPLa	R	exec
4.844913806387661	0.4161285198537785	75-25%,ring	105	SPLa	R	exec
1.6923416401372886	0.15205262831156097	50-50%,ring	105	SPLa	R	exec
-6.706781318492916	-0.5672847791568933	25-75%,ring	105	SPLa	R	exec
-0.34168463479846756	-0.011374820216955968	0-100%,ring	105	SPLa	R	exec
12.820746421510592	1.080122563905501	100-0%	105	SPLp	R	plan
13.874308813816743	1.1617437206005234	75-25%	105	SPLp	R	plan
14.329563835270429	1.2196400692059917	50-50%	105	SPLp	R	plan
14.920857947699778	1.2647614694830853	25-75%	105	SPLp	R	plan
17.807645729013053	1.5108496542702365	0-100%	105	SPLp	R	plan
-6.152602804845913	-0.46876353077772326	100-0%,index	105	SPLp	R	exec
1.4793054472015692	0.18117120594516944	75-25%,index	105	SPLp	R	exec
-4.093578045912113	-0.32906916141756193	50-50%,index	105	SPLp	R	exec
-3.5888799346458238	-0.20235398962781617	25-75%,index	105	SPLp	R	exec
6.422747976419838	0.6969901681878182	75-25%,ring	105	SPLp	R	exec
0.940278132227755	0.10491502287273098	50-50%,ring	105	SPLp	R	exec
-4.002758845306473	-0.3034435998705211	25-75%,ring	105	SPLp	R	exec
-2.54586316850962	-0.1816186217937813	0-100%,ring	105	SPLp	R	exec
3.4499222195289128	0.1509189344874149	100-0%	106	SMA	L	plan
3.9575342487270406	0.23679594028676507	75-25%	106	SMA	L	plan
2.3733855049142405	0.05655020323530328	50-50%	106	SMA	L	plan
4.525415469272866	0.2553086059655003	25-75%	106	SMA	L	plan
3.416363815675541	0.16005322451082724	0-100%	106	SMA	L	plan
17.49656598522422	1.7209184761912084	100-0%,index	106	SMA	L	exec
13.715520828757798	1.335612024305968	75-25%,index	106	SMA	L	exec
13.982474063848864	1.3963822127816372	50-50%,index	106	SMA	L	exec
17.251033816460964	1.7075994460888362	25-75%,index	106	SMA	L	exec
14.334819908313658	1.3811499903062914	75-25%,ring	106	SMA	L	exec
10.857486477579094	1.0815621549876964	50-50%,ring	106	SMA	L	exec
14.22878878184278	1.4166457566492465	25-75%,ring	106	SMA	L	exec
16.33055402983595	1.6066569613977422	0-100%,ring	106	SMA	L	exec
7.722038833283419	0.5647179869264208	100-0%	106	PMd	L	plan
6.839486305071567	0.4759075931009557	75-25%	106	PMd	L	plan
5.050721635035612	0.3617583679410975	50-50%	106	PMd	L	plan
7.602907952583687	0.5438148528266497	25-75%	106	PMd	L	plan
7.335522199190785	0.5208510407834108	0-100%	106	PMd	L	plan
14.774288015239609	1.0837427970175586	100-0%,index	106	PMd	L	exec
12.475274864374937	0.9378731513878729	75-25%,index	106	PMd	L	exec
12.900626796737718	0.9690516055928802	50-50%,index	106	PMd	L	exec
15.267929194343003	1.1194551852505734	25-75%,index	106	PMd	L	exec
12.385088848195767	0.8966126847942019	75-25%,ring	106	PMd	L	exec
10.090485955082949	0.777545849483836	50-50%,ring	106	PMd	L	exec
12.421081259386876	0.9267605837176374	25-75%,ring	106	PMd	L	exec
13.977468942256289	1.054012563859895	0-100%,ring	106	PMd	L	exec
4.749100819644001	0.4552239240354134	100-0%	106	PMv	L	plan
5.657427150630466	0.52960312535237	75-25%	106	PMv	L	plan
3.4749187396661867	0.3305112208337671	50-50%	106	PMv	L	plan
6.209179998174428	0.5392626190351115	25-75%	106	PMv	L	plan
6.102117535820793	0.5251107694381582	0-100%	106	PMv	L	plan
8.22936631936639	0.6149734092972404	100-0%,index	106	PMv	L	exec
5.37274521866902	0.3871591255940046	75-25%,index	106	PMv	L	exec
7.347440575938376	0.5225048041191056	50-50%,index	106	PMv	L	exec
6.668536802778937	0.48942196859436715	25-75%,index	106	PMv	L	exec
6.544812575151168	0.4454275375195143	75-25%,ring	106	PMv	L	exec
5.5006682526338695	0.41742768068553043	50-50%,ring	106	PMv	L	exec
6.154489558800364	0.4508895120680487	25-75%,ring	106	PMv	L	exec
6.869504992037066	0.49889372075198307	0-100%,ring	106	PMv	L	exec
8.905684894911246	0.624468131635922	100-0%	106	M1	L	plan
8.215703943271365	0.5700287913105058	75-25%	106	M1	L	plan
4.954848765173665	0.34947899981386854	50-50%	106	M1	L	plan
8.57785823303675	0.6054342546228781	25-75%	106	M1	L	plan
9.086018905691162	0.6185573919623835	0-100%	106	M1	L	plan
21.981624519339675	1.4889625193302436	100-0%,index	106	M1	L	exec
19.411767954145034	1.3126743859115777	75-25%,index	106	M1	L	exec
17.932517676556017	1.2161156017821213	50-50%,index	106	M1	L	exec
19.641965205544693	1.3213752378085246	25-75%,index	106	M1	L	exec
16.283165406515764	1.1014380652502496	75-25%,ring	106	M1	L	exec
14.075693217440858	0.9603268777782432	50-50%,ring	106	M1	L	exec
15.674037656564906	1.073586764202446	25-75%,ring	106	M1	L	exec
17.514902563212672	1.21499073060113	0-100%,ring	106	M1	L	exec
-0.44794647947078314	0.08891902595789115	100-0%	106	S1	L	plan
-1.4753500612271992	-0.022104902713335036	75-25%	106	S1	L	plan
-2.6367882058398036	-0.10063442797422952	50-50%	106	S1	L	plan
0.12038162116770841	0.1016965814091855	25-75%	106	S1	L	plan
0.042320066493374525	0.07354233970421695	0-100%	106	S1	L	plan
25.77583329694578	1.6104611916066447	100-0%,index	106	S1	L	exec
24.38982917465253	1.5390247193232889	75-25%,index	106	S1	L	exec
22.391813303326554	1.4275610037248732	50-50%,index	106	S1	L	exec
24.19540624164096	1.485464482572726	25-75%,index	106	S1	L	exec
22.59178012705499	1.4100632233121762	75-25%,ring	106	S1	L	exec
20.229108106811974	1.2703225625607468	50-50%,ring	106	S1	L	exec
20.903216325504854	1.3018389756433233	25-75%,ring	106	S1	L	exec
23.07531316477014	1.4498809624680011	0-100%,ring	106	S1	L	exec
1.5514946105573972	0.09410914939996126	100-0%	106	SPLa	L	plan
1.101815447974679	0.06531943990729024	75-25%	106	SPLa	L	plan
0.6079106067569586	0.04121875824727244	50-50%	106	SPLa	L	plan
2.8306541051819902	0.18903053066187955	25-75%	106	SPLa	L	plan
1.9813581887519973	0.12246905669800323	0-100%	106	SPLa	L	plan
17.82238325133319	1.1449786382002825	100-0%,index	106	SPLa	L	exec
16.967573872482674	1.0942012062248037	75-25%,index	106	SPLa	L	exec
16.71638279679374	1.0817293347385404	50-50%,index	106	SPLa	L	exec
21.193166756120167	1.3462594086874977	25-75%,index	106	SPLa	L	exec
16.085642497861404	1.0285918410145365	75-25%,ring	106	SPLa	L	exec
14.614563752412128	0.9427133160656316	50-50%,ring	106	SPLa	L	exec
16.5751055972854	1.0693472143447287	25-75%,ring	106	SPLa	L	exec
19.569069444640952	1.2699358091548332	0-100%,ring	106	SPLa	L	exec
-1.4896946718584756	-0.1971168382864351	100-0%	106	SPLp	L	plan
0.4253332820161544	-0.038625839778838655	75-25%	106	SPLp	L	plan
-0.04204585252388261	-0.07312683343890505	50-50%	106	SPLp	L	plan
1.1893842897576516	0.003592939356831041	25-75%	106	SPLp	L	plan
0.24489716781831852	-0.07039770362655369	0-100%	106	SPLp	L	plan
16.03029696208313	1.1623737384205508	100-0%,index	106	SPLp	L	exec
14.838582485020888	1.087040625566937	75-25%,index	106	SPLp	L	exec
14.042020967826817	1.0330521286042837	50-50%,index	106	SPLp	L	exec
21.94664663352237	1.6472321365659623	25-75%,index	106	SPLp	L	exec
11.570521002910326	0.7866147486398087	75-25%,ring	106	SPLp	L	exec
8.648510595816825	0.5886184091080109	50-50%,ring	106	SPLp	L	exec
13.394943455194607	0.9575516572015682	25-75%,ring	106	SPLp	L	exec
15.557894343877814	1.1188048991991335	0-100%,ring	106	SPLp	L	exec
4.924992684517656	0.3574934366216222	100-0%	106	SMA	R	plan
4.364376176336119	0.32644396895062056	75-25%	106	SMA	R	plan
2.7089195319156976	0.17922020348502443	50-50%	106	SMA	R	plan
4.218196552196938	0.29593708557797777	25-75%	106	SMA	R	plan
4.158203138546838	0.293969104288206	0-100%	106	SMA	R	plan
16.21306245281331	1.507506913700171	100-0%,index	106	SMA	R	exec
12.673277246913603	1.186058982475811	75-25%,index	106	SMA	R	exec
13.101111974872408	1.2005984445555407	50-50%,index	106	SMA	R	exec
15.872304109104219	1.497407840794373	25-75%,index	106	SMA	R	exec
14.159780055794023	1.2777069302894655	75-25%,ring	106	SMA	R	exec
11.080152420393912	1.039316805442232	50-50%,ring	106	SMA	R	exec
14.135480748451045	1.3157493874690525	25-75%,ring	106	SMA	R	exec
16.026242116770195	1.5016213026612006	0-100%,ring	106	SMA	R	exec
4.831259083717651	0.44128779867324447	100-0%	106	PMd	R	plan
5.047994061704448	0.460868066887873	75-25%	106	PMd	R	plan
3.642737905670382	0.3253226250532972	50-50%	106	PMd	R	plan
5.171294922670363	0.4627577517983427	25-75%	106	PMd	R	plan
5.3811240057331515	0.4882243955370957	0-100%	106	PMd	R	plan
8.061318355114413	0.7083587108193447	100-0%,index	106	PMd	R	exec
6.237768729345586	0.5438033844508173	75-25%,index	106	PMd	R	exec
7.093506541291753	0.6060322430875733	50-50%,index	106	PMd	R	exec
7.629136010589951	0.623827120763773	25-75%,index	106	PMd	R	exec
6.171359976460368	0.5241663417483134	75-25%,ring	106	PMd	R	exec
5.3729195797641705	0.47983587320542814	50-50%,ring	106	PMd	R	exec
7.662722858395984	0.6691552885423792	25-75%,ring	106	PMd	R	exec
7.989995606463812	0.6940273665195226	0-100%,ring	106	PMd	R	exec
2.1407064590637606	0.19206793488818436	100-0%	106	PMv	R	plan
2.9581460336098204	0.2623494320186164	75-25%	106	PMv	R	plan
1.84669789412766	0.16324732434369557	50-50%	106	PMv	R	plan
3.1485323587432505	0.28264579639691473	25-75%	106	PMv	R	plan
3.3571886780361333	0.29785724637938354	0-100%	106	PMv	R	plan
8.449092077930173	0.7743314180843569	100-0%,index	106	PMv	R	exec
5.359010724267163	0.477881532778144	75-25%,index	106	PMv	R	exec
6.24879878917709	0.5435492302848766	50-50%,index	106	PMv	R	exec
5.655072434044754	0.4578361822515104	25-75%,index	106	PMv	R	exec
6.029612758728089	0.5249459492897957	75-25%,ring	106	PMv	R	exec
5.659101622419311	0.4959166199559603	50-50%,ring	106	PMv	R	exec
6.844140565198742	0.6106664335455811	25-75%,ring	106	PMv	R	exec
6.759000338438071	0.6022827522660708	0-100%,ring	106	PMv	R	exec
2.852159190084074	0.28811103448342623	100-0%	106	M1	R	plan
4.080041840855558	0.3895280564106994	75-25%	106	M1	R	plan
-0.1569411255497457	0.0013156227147844727	50-50%	106	M1	R	plan
1.3135552582391432	0.15033089646266218	25-75%	106	M1	R	plan
3.374063265182874	0.32198773466920627	0-100%	106	M1	R	plan
10.086911438271148	0.8647144206818229	100-0%,index	106	M1	R	exec
6.214115698814734	0.5096210050672108	75-25%,index	106	M1	R	exec
8.71959796885583	0.741136969046717	50-50%,index	106	M1	R	exec
7.871367160828726	0.6488037415325407	25-75%,index	106	M1	R	exec
5.495693142732023	0.4657815971559728	75-25%,ring	106	M1	R	exec
4.697287919524104	0.409824649937418	50-50%,ring	106	M1	R	exec
7.23252553019303	0.623952422670501	25-75%,ring	106	M1	R	exec
6.341544968367533	0.5374512437194273	0-100%,ring	106	M1	R	exec
-2.0377752194421213	-0.13107242806721855	100-0%	106	S1	R	plan
-0.32293852205935364	0.0009295741615888048	75-25%	106	S1	R	plan
-3.7810620763412084	-0.27893601749733565	50-50%	106	S1	R	plan
-2.895583841994902	-0.21034072958183908	25-75%	106	S1	R	plan
-1.489431483030726	-0.10829397138074903	0-100%	106	S1	R	plan
13.56664279749084	1.0175493110980767	100-0%,index	106	S1	R	exec
9.42698418604694	0.6948341949420527	75-25%,index	106	S1	R	exec
11.624059139200014	0.872222211011636	50-50%,index	106	S1	R	exec
9.837064395142631	0.6778311725150329	25-75%,index	106	S1	R	exec
8.901024693853897	0.6255971023901055	75-25%,ring	106	S1	R	exec
7.196030626621538	0.5265293874660378	50-50%,ring	106	S1	R	exec
10.673440435364526	0.7939363477833539	25-75%,ring	106	S1	R	exec
10.577494948522327	0.7856349670934407	0-100%,ring	106	S1	R	exec
1.4305790296608958	0.11931568675856323	100-0%	106	SPLa	R	plan
2.130462422966957	0.17469399199117014	75-25%	106	SPLa	R	plan
0.5435676517623926	0.057264958814877455	50-50%	106	SPLa	R	plan
2.057271422711655	0.16710472405424592	25-75%	106	SPLa	R	plan
1.7400005906698865	0.1442994382401897	0-100%	106	SPLa	R	plan
12.773905066697269	0.8778975955506619	100-0%,index	106	SPLa	R	exec
11.020396508745291	0.7652441405669536	75-25%,index	106	SPLa	R	exec
11.636392782313449	0.8143292350525927	50-50%,index	106	SPLa	R	exec
11.795455125023246	0.8252627558601338	25-75%,index	106	SPLa	R	exec
11.145523166424402	0.7619460609028085	75-25%,ring	106	SPLa	R	exec
10.671689635709713	0.737822924675071	50-50%,ring	106	SPLa	R	exec
12.893018972696716	0.9016761866915947	25-75%,ring	106	SPLa	R	exec
14.171044856861082	0.9830128666936874	0-100%,ring	106	SPLa	R	exec
-0.8562764084142546	-0.10661755892657213	100-0%	106	SPLp	R	plan
0.9014921879325151	0.04649325756450327	75-25%	106	SPLp	R	plan
0.11100747644907852	-0.021778412032329098	50-50%	106	SPLp	R	plan
0.953059087299256	0.03750468760913427	25-75%	106	SPLp	R	plan
-0.006601075655630718	-0.03497500743881791	0-100%	106	SPLp	R	plan
11.676657518027728	0.9385873542160067	100-0%,index	106	SPLp	R	exec
11.30330007973095	0.9320119226246224	75-25%,index	106	SPLp	R	exec
11.311874721462313	0.9422925513298867	50-50%,index	106	SPLp	R	exec
18.26216536600534	1.543177546505232	25-75%,index	106	SPLp	R	exec
8.918437556239521	0.6932855584287744	75-25%,ring	106	SPLp	R	exec
9.5759102117366	0.8024144677067666	50-50%,ring	106	SPLp	R	exec
12.248107606592766	0.9825017750690862	25-75%,ring	106	SPLp	R	exec
14.699671483596184	1.1883759847879343	0-100%,ring	106	SPLp	R	exec
7.185366590270214	0.44042267415131436	100-0%	107	SMA	L	plan
7.532541950018593	0.4774953508314625	75-25%	107	SMA	L	plan
6.230020409667647	0.38814857972710326	50-50%	107	SMA	L	plan
4.455185795501197	0.25812569349057723	25-75%	107	SMA	L	plan
4.747963449792751	0.2917988857316508	0-100%	107	SMA	L	plan
0.8585737622471986	0.10969653749681502	100-0%,index	107	SMA	L	exec
0.20466082119403076	0.0629065972620292	75-25%,index	107	SMA	L	exec
1.6019478008207497	0.1748482557006055	50-50%,index	107	SMA	L	exec
-0.25031088599209467	0.056318010014775786	25-75%,index	107	SMA	L	exec
-2.9940004097902544	-0.1692690951383517	75-25%,ring	107	SMA	L	exec
1.427965951498872	0.14577748840165913	50-50%,ring	107	SMA	L	exec
3.0233811621405025	0.2474414709619087	25-75%,ring	107	SMA	L	exec
1.4916221706672406	0.14056364530452514	0-100%,ring	107	SMA	L	exec
5.852807153859545	0.3523383156368361	100-0%	107	PMd	L	plan
8.360349440137515	0.5056962813102153	75-25%	107	PMd	L	plan
6.341835642830794	0.3834856051665136	50-50%	107	PMd	L	plan
4.220712001775465	0.2582566118438817	25-75%	107	PMd	L	plan
5.293323578150677	0.31038017666451484	0-100%	107	PMd	L	plan
3.6783697992427244	0.23594334959248375	100-0%,index	107	PMd	L	exec
1.0974007996267803	0.08982072670091247	75-25%,index	107	PMd	L	exec
4.6911504070314445	0.3030347359104873	50-50%,index	107	PMd	L	exec
5.974153105928784	0.38030937673581305	25-75%,index	107	PMd	L	exec
-0.5008196124186118	0.004442069903625885	75-25%,ring	107	PMd	L	exec
5.677165208560015	0.3701058645239322	50-50%,ring	107	PMd	L	exec
6.600869795820188	0.4299449107786714	25-75%,ring	107	PMd	L	exec
2.934428456042051	0.21572844219745121	0-100%,ring	107	PMd	L	exec
5.347497110085731	0.3930707885060497	100-0%	107	PMv	L	plan
6.5155467733737655	0.46413296435642676	75-25%	107	PMv	L	plan
5.311229367844656	0.3835355240427905	50-50%	107	PMv	L	plan
3.2748512975233313	0.2390264383074746	25-75%	107	PMv	L	plan
3.9496090855609	0.31670507794214325	0-100%	107	PMv	L	plan
5.768890307704964	0.40485260994181727	100-0%,index	107	PMv	L	exec
3.8504677877445554	0.29569813452949634	75-25%,index	107	PMv	L	exec
4.549342226009113	0.3131285422767343	50-50%,index	107	PMv	L	exec
4.543417457767951	0.3418386037124832	25-75%,index	107	PMv	L	exec
-1.7380412389179105	-0.08977176658556817	75-25%,ring	107	PMv	L	exec
5.292075965078092	0.3843377459560435	50-50%,ring	107	PMv	L	exec
6.729409825317301	0.4890119014594824	25-75%,ring	107	PMv	L	exec
3.2829151238181296	0.2498763825080294	0-100%,ring	107	PMv	L	exec
1.3433813265984726	0.07375806856315917	100-0%	107	M1	L	plan
2.5259961649868967	0.15924369412034498	75-25%	107	M1	L	plan
2.2012224971697156	0.13583481314954426	50-50%	107	M1	L	plan
-0.09337155743416818	-0.03257582268598129	25-75%	107	M1	L	plan
1.1891057106722016	0.05425893879586972	0-100%	107	M1	L	plan
7.055160046410813	0.5102332357530774	100-0%,index	107	M1	L	exec
6.097159645448006	0.4543286042526105	75-25%,index	107	M1	L	exec
7.232011866299961	0.5245580116436902	50-50%,index	107	M1	L	exec
6.490682547459458	0.48715414686340014	25-75%,index	107	M1	L	exec
6.045678037586032	0.47058319790853664	75-25%,ring	107	M1	L	exec
10.704401455367062	0.789170901655895	50-50%,ring	107	M1	L	exec
13.351026426118628	0.9952543054987729	25-75%,ring	107	M1	L	exec
9.573212139613428	0.7365771194380498	0-100%,ring	107	M1	L	exec
-5.435137978849005	-0.36864848042553566	100-0%	107	S1	L	plan
-4.872085945802968	-0.33484998042746533	75-25%	107	S1	L	plan
-4.710875568639607	-0.31485697495635695	50-50%	107	S1	L	plan
-8.585267471512607	-0.5664090217108474	25-75%	107	S1	L	plan
-5.734594179324424	-0.3847355578576117	0-100%	107	S1	L	plan
17.505112078890065	1.124183763927884	100-0%,index	107	S1	L	exec
16.66209455803764	1.084325475100225	75-25%,index	107	S1	L	exec
17.230752738271125	1.109117177969308	50-50%,index	107	S1	L	exec
17.97512990979516	1.145137035530553	25-75%,index	107	S1	L	exec
14.937924119206938	0.9918250795287317	75-25%,ring	107	S1	L	exec
21.036160556845783	1.3593112030315115	50-50%,ring	107	S1	L	exec
22.426477939789855	1.4535284022967436	25-75%,ring	107	S1	L	exec
18.81785241146157	1.2415135356686937	0-100%,ring	107	S1	L	exec
-2.3816146862099137	-0.13442548015909866	100-0%	107	SPLa	L	plan
0.6797025442523533	0.06642362405119351	75-25%	107	SPLa	L	plan
-0.17087487201573048	0.023323343729738273	50-50%	107	SPLa	L	plan
-3.9529758016974035	-0.22419938873592316	25-75%	107	SPLa	L	plan
-2.5966617175848863	-0.12992510656168854	0-100%	107	SPLa	L	plan
8.473582305484276	0.4958698043331743	100-0%,index	107	SPLa	L	exec
5.56485575872	0.31720576062365635	75-25%,index	107	SPLa	L	exec
8.745962732839002	0.5098672052372771	50-50%,index	107	SPLa	L	exec
11.889477388277179	0.7205113413964621	25-75%,index	107	SPLa	L	exec
5.1515465263463085	0.28278584953277525	75-25%,ring	107	SPLa	L	exec
10.274455397657086	0.5912570053918188	50-50%,ring	107	SPLa	L	exec
11.450587427158851	0.6713206332047778	25-75%,ring	107	SPLa	L	exec
8.033089807045206	0.46682835351403806	0-100%,ring	107	SPLa	L	exec
-2.5442073965046266	-0.1918069745871863	100-0%	107	SPLp	L	plan
0.35335524149320197	0.05405380847669756	75-25%	107	SPLp	L	plan
-1.095088377933841	-0.08038404495201736	50-50%	107	SPLp	L	plan
-3.0700263822047265	-0.24281145890862424	25-75%	107	SPLp	L	plan
-0.8362383358463639	-0.04369180415719979	0-100%	107	SPLp	L	plan
4.683309844900396	0.3632680479427376	100-0%,index	107	SPLp	L	exec
3.403285951579785	0.24413162227694207	75-25%,index	107	SPLp	L	exec
5.939781385152761	0.46790430505985997	50-50%,index	107	SPLp	L	exec
10.072280116213618	0.8070841509123805	25-75%,index	107	SPLp	L	exec
3.677584514363302	0.25688819899208765	75-25%,ring	107	SPLp	L	exec
6.998140944227183	0.5288653034533314	50-50%,ring	107	SPLp	L	exec
6.207845060308925	0.48966467443461886	25-75%,ring	107	SPLp	L	exec
3.160262978928985	0.2217505936005182	0-100%,ring	107	SPLp	L	exec
7.0370817652614015	0.5737122226413394	100-0%	107	SMA	R	plan
6.847396714921837	0.5611324162763274	75-25%	107	SMA	R	plan
5.681855462913048	0.472310846267171	50-50%	107	SMA	R	plan
3.576666851756754	0.2981081371555715	25-75%	107	SMA	R	plan
5.35522429656161	0.43772086815847394	0-100%	107	SMA	R	plan
2.8975483525882675	0.2271162902972702	100-0%,index	107	SMA	R	exec
1.7979204128881239	0.13600602585128058	75-25%,index	107	SMA	R	exec
3.3471435206689577	0.26124287773687804	50-50%,index	107	SMA	R	exec
2.972881657560383	0.22200868520245964	25-75%,index	107	SMA	R	exec
-1.2836491135886856	-0.10642747155397192	75-25%,ring	107	SMA	R	exec
3.9131789923324636	0.31077299708293793	50-50%,ring	107	SMA	R	exec
4.976882272585359	0.4031343234780012	25-75%,ring	107	SMA	R	exec
2.707137910573287	0.2223397527869122	0-100%,ring	107	SMA	R	exec
2.225581463686971	0.18042959981791268	100-0%	107	PMd	R	plan
3.260202956288728	0.2707076227474048	75-25%	107	PMd	R	plan
2.564900336967811	0.21402766633850592	50-50%	107	PMd	R	plan
2.1360775870436663	0.18135093371188774	25-75%	107	PMd	R	plan
3.0816269182704956	0.25792753349698855	0-100%	107	PMd	R	plan
1.1622364538660825	0.11321208055101754	100-0%,index	107	PMd	R	exec
-0.42005278294381954	-0.024776497579994772	75-25%,index	107	PMd	R	exec
2.0995478907164213	0.1962308529378359	50-50%,index	107	PMd	R	exec
3.0483400028322047	0.2604069734564395	25-75%,index	107	PMd	R	exec
-0.00609510296745953	0.0027647308522352467	75-25%,ring	107	PMd	R	exec
2.94995443775637	0.27126698910531144	50-50%,ring	107	PMd	R	exec
3.0699047669570514	0.2707912921144586	25-75%,ring	107	PMd	R	exec
1.4845853956995265	0.15155481291219108	0-100%,ring	107	PMd	R	exec
2.957023613665694	0.2791866625207677	100-0%	107	PMv	R	plan
3.0766390455783057	0.2893894179017817	75-25%	107	PMv	R	plan
2.6018874431722856	0.269878508116852	50-50%	107	PMv	R	plan
2.857920365571922	0.2673153029714972	25-75%	107	PMv	R	plan
4.172698133163295	0.3899431169087865	0-100%	107	PMv	R	plan
0.6391583095928336	0.09023389247423108	100-0%,index	107	PMv	R	exec
-0.9609339913918471	-0.09019857852053498	75-25%,index	107	PMv	R	exec
0.5208429941686816	0.06566754677313318	50-50%,index	107	PMv	R	exec
0.1485881308541772	0.05142278522636728	25-75%,index	107	PMv	R	exec
-2.8585170617577793	-0.2873225922988339	75-25%,ring	107	PMv	R	exec
2.380430959900791	0.21764320803349244	50-50%,ring	107	PMv	R	exec
1.4615615848685937	0.15318545643309975	25-75%,ring	107	PMv	R	exec
-0.46708595280868254	-0.035182599216779825	0-100%,ring	107	PMv	R	exec
1.9708893909714276	0.15579982060471662	100-0%	107	M1	R	plan
2.8975541284264072	0.23484689313854892	75-25%	107	M1	R	plan
3.589758257256012	0.29461948208820404	50-50%	107	M1	R	plan
1.226473509782183	0.08953703476091553	25-75%	107	M1	R	plan
1.3495259522005243	0.10710641256834667	0-100%	107	M1	R	plan
0.4400148376808467	0.04666971042270849	100-0%,index	107	M1	R	exec
-0.5959767336428473	-0.046399415170868395	75-25%,index	107	M1	R	exec
-0.24573743675618356	0.004275653656804934	50-50%,index	107	M1	R	exec
0.3043990201120706	0.03876069213633068	25-75%,index	107	M1	R	exec
-2.1126806463563073	-0.1526831985823066	75-25%,ring	107	M1	R	exec
1.8541398455031721	0.18874859572449504	50-50%,ring	107	M1	R	exec
3.6210291391751497	0.3433654660490758	25-75%,ring	107	M1	R	exec
1.9485360537970762	0.19458690507593915	0-100%,ring	107	M1	R	exec
-2.725676494165666	-0.21750256493897302	100-0%	107	S1	R	plan
-2.1559444302318926	-0.18362508797159327	75-25%	107	S1	R	plan
-1.7174678095414029	-0.1459163707742885	50-50%	107	S1	R	plan
-4.265297386446649	-0.3582485443750889	25-75%	107	S1	R	plan
-4.026202325719794	-0.35101385777907973	0-100%	107	S1	R	plan
4.067753185934278	0.3492072343023696	100-0%,index	107	S1	R	exec
3.0538347672222996	0.2753151464057998	75-25%,index	107	S1	R	exec
3.5035606303601425	0.3192007351246509	50-50%,index	107	S1	R	exec
3.9915911013258847	0.35333230655306974	25-75%,index	107	S1	R	exec
1.3361291710501562	0.12516567117738409	75-25%,ring	107	S1	R	exec
4.059178276346155	0.3544733928719191	50-50%,ring	107	S1	R	exec
5.408655801612379	0.47064880337718173	25-75%,ring	107	S1	R	exec
4.360547175319396	0.3869286838371115	0-100%,ring	107	S1	R	exec
-1.603018737519648	-0.11617524095802291	100-0%	107	SPLa	R	plan
0.2625420087302833	0.02868924849769601	75-25%	107	SPLa	R	plan
-0.2733324612538691	-0.008644443085599472	50-50%	107	SPLa	R	plan
-2.314462082452865	-0.16092867255227714	25-75%	107	SPLa	R	plan
-1.2243449474347015	-0.07433308054602124	0-100%	107	SPLa	R	plan
2.6004100711221776	0.19346079358024137	100-0%,index	107	SPLa	R	exec
1.2717604527378192	0.09870787572658289	75-25%,index	107	SPLa	R	exec
3.1999326791147196	0.2357315981980343	50-50%,index	107	SPLa	R	exec
5.485023450602195	0.3938907660734657	25-75%,index	107	SPLa	R	exec
1.6159932460087445	0.12290875595917446	75-25%,ring	107	SPLa	R	exec
5.118798171301187	0.386580523511771	50-50%,ring	107	SPLa	R	exec
5.496806002510109	0.40993231340214775	25-75%,ring	107	SPLa	R	exec
3.6150946901232492	0.27011900480109274	0-100%,ring	107	SPLa	R	exec
-3.899465349020374	-0.2923886871130682	100-0%	107	SPLp	R	plan
-0.9455578215382388	-0.03695649870266802	75-25%	107	SPLp	R	plan
-3.043152773928641	-0.22942027127015144	50-50%	107	SPLp	R	plan
-3.7410624762694162	-0.2884238161986001	25-75%	107	SPLp	R	plan
-2.2537669924135355	-0.1561866593120841	0-100%	107	SPLp	R	plan
3.2391516541373977	0.23194305666033432	100-0%,index	107	SPLp	R	exec
1.675775935895263	0.07753904670780976	75-25%,index	107	SPLp	R	exec
4.12142071440646	0.2887287111986656	50-50%,index	107	SPLp	R	exec
7.7601813783443445	0.6358175541954668	25-75%,index	107	SPLp	R	exec
2.0944081633288647	0.13390249508905083	75-25%,ring	107	SPLp	R	exec
4.924153137145701	0.3502676369773849	50-50%,ring	107	SPLp	R	exec
6.095907776461293	0.4868857402097196	25-75%,ring	107	SPLp	R	exec
2.8179866423646986	0.19247065508564334	0-100%,ring	107	SPLp	R	exec
-0.5750943114426919	-0.01704904741491191	100-0%	108	SMA	L	plan
-2.9707618950549515	-0.18308442520652898	75-25%	108	SMA	L	plan
-0.3549918966991827	0.0021131190420128404	50-50%	108	SMA	L	plan
-1.2611948647536337	-0.07799888081138488	25-75%	108	SMA	L	plan
-2.259688231936656	-0.13424913428520086	0-100%	108	SMA	L	plan
6.462279078547843	0.46500081386405506	100-0%,index	108	SMA	L	exec
9.928494447141885	0.7151498819079425	75-25%,index	108	SMA	L	exec
4.696325280626304	0.3393473631500965	50-50%,index	108	SMA	L	exec
14.485637551419437	1.0531652359755244	25-75%,index	108	SMA	L	exec
14.618331164963543	1.070298895575572	75-25%,ring	108	SMA	L	exec
3.6339593627869617	0.2725681999174994	50-50%,ring	108	SMA	L	exec
7.816253531314433	0.5705013240978587	25-75%,ring	108	SMA	L	exec
7.963619438011199	0.582739782888937	0-100%,ring	108	SMA	L	exec
0.8111457238106253	0.07763580087787257	100-0%	108	PMd	L	plan
-1.0661848247195422	-0.07116540648328287	75-25%	108	PMd	L	plan
0.6914046575900684	0.06854871575281586	50-50%	108	PMd	L	plan
1.021201869920763	0.09257214776693383	25-75%	108	PMd	L	plan
-0.8436730084158167	-0.040589319943860065	0-100%	108	PMd	L	plan
4.782815912534659	0.38682383257622466	100-0%,index	108	PMd	L	exec
6.512440608580643	0.5092448875418862	75-25%,index	108	PMd	L	exec
4.75930289680568	0.37302084054566714	50-50%,index	108	PMd	L	exec
10.194516204225902	0.8404120850379343	25-75%,index	108	PMd	L	exec
11.546899604292632	0.9405680024418387	75-25%,ring	108	PMd	L	exec
2.377981533380689	0.18478075500010135	50-50%,ring	108	PMd	L	exec
5.252241082897659	0.41335672316053834	25-75%,ring	108	PMd	L	exec
4.411909485123985	0.33932861272896125	0-100%,ring	108	PMd	L	exec
1.5308055504240463	0.1651647810528194	100-0%	108	PMv	L	plan
-0.7174767382580359	-0.002653487915922133	75-25%	108	PMv	L	plan
0.4955233129009414	0.08728013460936605	50-50%	108	PMv	L	plan
0.1753940531044167	0.06583026467149446	25-75%	108	PMv	L	plan
-1.2163971815773968	-0.02669880954457111	0-100%	108	PMv	L	plan
2.04779575391586	0.17567507584090727	100-0%,index	108	PMv	L	exec
5.903461476653061	0.4780168202263558	75-25%,index	108	PMv	L	exec
3.522965421252129	0.30155841482888895	50-50%,index	108	PMv	L	exec
9.801336732620072	0.8381909415428442	25-75%,index	108	PMv	L	exec
10.893927283761498	0.9942870022057265	75-25%,ring	108	PMv	L	exec
1.455131528283281	0.10983626353991251	50-50%,ring	108	PMv	L	exec
4.860635512873602	0.40684978682963424	25-75%,ring	108	PMv	L	exec
4.673968002149235	0.4078663494696634	0-100%,ring	108	PMv	L	exec
0.3491011795930349	0.05708389402047754	100-0%	108	M1	L	plan
-2.1123558988511824	-0.16156209925548481	75-25%	108	M1	L	plan
-0.6123887588219978	-0.028812810005802922	50-50%	108	M1	L	plan
-0.034442952279894315	0.013485044799215922	25-75%	108	M1	L	plan
-1.6363231891839312	-0.1234840903648133	0-100%	108	M1	L	plan
7.0264243311133265	0.5999738195976473	100-0%,index	108	M1	L	exec
8.350827200188155	0.7277785606399921	75-25%,index	108	M1	L	exec
7.269132289450523	0.6270500416944403	50-50%,index	108	M1	L	exec
11.42019748024273	1.0600108287666639	25-75%,index	108	M1	L	exec
13.465287276743796	1.2382365765737	75-25%,ring	108	M1	L	exec
6.383042025838763	0.5253000691184203	50-50%,ring	108	M1	L	exec
9.904538990668028	0.8227020103016807	25-75%,ring	108	M1	L	exec
7.966660851835897	0.6946243559114235	0-100%,ring	108	M1	L	exec
-5.35163296852563	-0.38119746462254755	100-0%	108	S1	L	plan
-7.877106117401106	-0.5615330371969681	75-25%	108	S1	L	plan
-6.537476247155379	-0.45521447341435944	50-50%	108	S1	L	plan
-6.716543242485441	-0.48800194273423303	25-75%	108	S1	L	plan
-7.3642669298003645	-0.513628281263106	0-100%	108	S1	L	plan
11.145394492746366	0.8113406253017452	100-0%,index	108	S1	L	exec
13.186691431303728	0.9625529000369057	75-25%,index	108	S1	L	exec
12.797619180756094	0.9218734951221723	50-50%,index	108	S1	L	exec
18.516336316163503	1.439575375642005	25-75%,index	108	S1	L	exec
17.63935715708782	1.3689637419321843	75-25%,ring	108	S1	L	exec
9.066178494615711	0.6464780894710871	50-50%,ring	108	S1	L	exec
15.155562488014175	1.095738613790066	25-75%,ring	108	S1	L	exec
11.83094979478507	0.8650017173727408	0-100%,ring	108	S1	L	exec
-0.13041067908705337	0.024988039741057348	100-0%	108	SPLa	L	plan
-1.0431051430378118	-0.03776857748352798	75-25%	108	SPLa	L	plan
-0.1810095511742703	0.025885533014439025	50-50%	108	SPLa	L	plan
1.1918940484391087	0.1084100058093431	25-75%	108	SPLa	L	plan
-0.6240093226151451	-0.00785569640743169	0-100%	108	SPLa	L	plan
5.207033151524129	0.3572690477046735	100-0%,index	108	SPLa	L	exec
7.127663204965302	0.48081526279678555	75-25%,index	108	SPLa	L	exec
5.7358843631126915	0.38413632092406014	50-50%,index	108	SPLa	L	exec
8.965572881434074	0.6535558724808669	25-75%,index	108	SPLa	L	exec
9.782851965294146	0.7227187520416315	75-25%,ring	108	SPLa	L	exec
4.030334408702355	0.266257941726951	50-50%,ring	108	SPLa	L	exec
6.380041077587933	0.42741718434296	25-75%,ring	108	SPLa	L	exec
4.383494710479357	0.3153583959338182	0-100%,ring	108	SPLa	L	exec
-0.1182892619481117	0.014267140687567908	100-0%	108	SPLp	L	plan
-0.27053271760298936	0.005124346095036165	75-25%	108	SPLp	L	plan
-0.4251849760229771	0.0007290655778593269	50-50%	108	SPLp	L	plan
2.3532968329214707	0.18468282014148532	25-75%	108	SPLp	L	plan
0.6109675740018949	0.0862519832532224	0-100%	108	SPLp	L	plan
4.758911426733544	0.33680453813246874	100-0%,index	108	SPLp	L	exec
6.416345099644443	0.449073273910727	75-25%,index	108	SPLp	L	exec
3.6139484067033996	0.2582970985336413	50-50%,index	108	SPLp	L	exec
7.422112577492029	0.6417231392535852	25-75%,index	108	SPLp	L	exec
7.923276505348145	0.6741986214003927	75-25%,ring	108	SPLp	L	exec
3.5754223102613167	0.25296758234186584	50-50%,ring	108	SPLp	L	exec
5.202986776152856	0.36653457903784054	25-75%,ring	108	SPLp	L	exec
3.8121710514718274	0.28667586436689857	0-100%,ring	108	SPLp	L	exec
0.9890079629796945	0.06654136187656529	100-0%	108	SMA	R	plan
-1.5081890973164152	-0.14078359421644857	75-25%	108	SMA	R	plan
0.2486682300293899	0.01847517229370796	50-50%	108	SMA	R	plan
-0.5929546820746029	-0.07092403097679081	25-75%	108	SMA	R	plan
-0.915797999281413	-0.08334732458056153	0-100%	108	SMA	R	plan
4.495970891658882	0.40011167890724497	100-0%,index	108	SMA	R	exec
7.5289098788584985	0.6469520209631912	75-25%,index	108	SMA	R	exec
4.226723010096833	0.3667838035362789	50-50%,index	108	SMA	R	exec
12.364459297486714	1.1002045465523365	25-75%,index	108	SMA	R	exec
11.808260890522174	1.0293634450203386	75-25%,ring	108	SMA	R	exec
2.6534996787907543	0.2162599613719406	50-50%,ring	108	SMA	R	exec
6.7035126299232894	0.574459903744434	25-75%,ring	108	SMA	R	exec
6.763226132274183	0.5669700871523967	0-100%,ring	108	SMA	R	exec
1.3392162757945338	0.15238608008560672	100-0%	108	PMd	R	plan
0.3440591818148784	0.05026435738226331	75-25%	108	PMd	R	plan
1.0613847512783465	0.11962212715378359	50-50%	108	PMd	R	plan
1.1575275115908559	0.12441635346701106	25-75%	108	PMd	R	plan
-0.21797536940837614	-0.015572826951169051	0-100%	108	PMd	R	plan
1.099219582314934	0.10437410900705882	100-0%,index	108	PMd	R	exec
2.7075191068819837	0.2679567469555719	75-25%,index	108	PMd	R	exec
2.215944581453134	0.2219152769721214	50-50%,index	108	PMd	R	exec
4.855754664265137	0.5046253580832333	25-75%,index	108	PMd	R	exec
4.920509343806173	0.5119639248238989	75-25%,ring	108	PMd	R	exec
0.606766827233745	0.05767442532806997	50-50%,ring	108	PMd	R	exec
1.8719554985137872	0.17847999761014435	25-75%,ring	108	PMd	R	exec
1.5134755556296327	0.16125712482072688	0-100%,ring	108	PMd	R	exec
0.6940883988662591	0.06856969177642021	100-0%	108	PMv	R	plan
-1.6591131639513643	-0.15507813068984727	75-25%	108	PMv	R	plan
-0.3361240796585156	-0.029293450526193785	50-50%	108	PMv	R	plan
-0.6204953002304445	-0.05190116374205984	25-75%	108	PMv	R	plan
-1.6638938112773152	-0.17035512516770834	0-100%	108	PMv	R	plan
2.5731630622144177	0.2582140350459331	100-0%,index	108	PMv	R	exec
5.530933828766211	0.5627112334539043	75-25%,index	108	PMv	R	exec
3.2616439666633465	0.32010453236470077	50-50%,index	108	PMv	R	exec
6.375588761600183	0.6247378203883871	25-75%,index	108	PMv	R	exec
6.0508415863693	0.5956286254765848	75-25%,ring	108	PMv	R	exec
2.3929437708157817	0.24137047527903646	50-50%,ring	108	PMv	R	exec
4.445340256220463	0.4197588886078163	25-75%,ring	108	PMv	R	exec
3.4795868334355258	0.36732425805482094	0-100%,ring	108	PMv	R	exec
-1.8868018751663547	-0.17647081655253732	100-0%	108	M1	R	plan
-4.037928286352872	-0.40801983552917875	75-25%	108	M1	R	plan
-2.7259250787542046	-0.2656958703215698	50-50%	108	M1	R	plan
-2.093428522630343	-0.20845923468784866	25-75%	108	M1	R	plan
-3.8193661347609336	-0.3773288106198871	0-100%	108	M1	R	plan
1.8954102522341152	0.19528074326158604	100-0%,index	108	M1	R	exec
4.667561553683242	0.49123819019626963	75-25%,index	108	M1	R	exec
3.683192257605327	0.3722071268609621	50-50%,index	108	M1	R	exec
4.749288203772481	0.5631304184632334	25-75%,index	108	M1	R	exec
4.920281070688966	0.5351280608288389	75-25%,ring	108	M1	R	exec
1.3412038259504007	0.14106868940149028	50-50%,ring	108	M1	R	exec
2.4927226099423674	0.23629416873801046	25-75%,ring	108	M1	R	exec
2.980805682786798	0.3080813656816728	0-100%,ring	108	M1	R	exec
-3.917668399389091	-0.3235785543401152	100-0%	108	S1	R	plan
-5.989999953061372	-0.5109509071204242	75-25%	108	S1	R	plan
-4.4159166170516135	-0.3661015525089555	50-50%	108	S1	R	plan
-4.170268617025568	-0.35508090667694747	25-75%	108	S1	R	plan
-5.4607420121093995	-0.4494859700855252	0-100%	108	S1	R	plan
4.999867578833156	0.4445094150729742	100-0%,index	108	S1	R	exec
6.858739888758639	0.6175565111591954	75-25%,index	108	S1	R	exec
5.235750121730201	0.47057423297651246	50-50%,index	108	S1	R	exec
9.690330120828513	0.950928084596875	25-75%,index	108	S1	R	exec
8.158514526767794	0.8102219257521519	75-25%,ring	108	S1	R	exec
1.641825772185982	0.14066816217941105	50-50%,ring	108	S1	R	exec
3.866505453862136	0.33346002672135144	25-75%,ring	108	S1	R	exec
3.7294238777191393	0.33391039841907477	0-100%,ring	108	S1	R	exec
0.16785553046389443	0.02118896677078995	100-0%	108	SPLa	R	plan
-1.1914196240080925	-0.09810725005527393	75-25%	108	SPLa	R	plan
-0.47750416725246997	-0.030547774914445942	50-50%	108	SPLa	R	plan
0.49836159489174797	0.0507096957614354	25-75%	108	SPLa	R	plan
-0.9087027136207814	-0.06638743933085378	0-100%	108	SPLa	R	plan
1.9172547235664843	0.1798220700518183	100-0%,index	108	SPLa	R	exec
4.377831849021563	0.396604971963764	75-25%,index	108	SPLa	R	exec
4.0698979812079354	0.3675595716078153	50-50%,index	108	SPLa	R	exec
4.196156739487722	0.4421980738602246	25-75%,index	108	SPLa	R	exec
4.710334108538884	0.5076653155746647	75-25%,ring	108	SPLa	R	exec
1.593523417054927	0.13374912849459641	50-50%,ring	108	SPLa	R	exec
2.925775945313003	0.25338569666855215	25-75%,ring	108	SPLa	R	exec
1.4411864438401172	0.13923354177501399	0-100%,ring	108	SPLa	R	exec
-0.7131020285059011	-0.044248301483585	100-0%	108	SPLp	R	plan
-1.7146836963990566	-0.1443604519549558	75-25%	108	SPLp	R	plan
-0.9475561780284167	-0.05828330870762881	50-50%	108	SPLp	R	plan
0.2832437478648458	0.03721557478214549	25-75%	108	SPLp	R	plan
-1.0002834888707894	-0.05128208820461031	0-100%	108	SPLp	R	plan
3.121703421682583	0.3247923343301945	100-0%,index	108	SPLp	R	exec
5.28104067850618	0.5275496010800115	75-25%,index	108	SPLp	R	exec
3.2996760515650676	0.32088962459421255	50-50%,index	108	SPLp	R	exec
7.101764684737819	0.8924503212133789	25-75%,index	108	SPLp	R	exec
7.2409458565074285	0.8991712207568394	75-25%,ring	108	SPLp	R	exec
1.9525957288749223	0.17187916882281237	50-50%,ring	108	SPLp	R	exec
3.8162183732282386	0.37645284796233275	25-75%,ring	108	SPLp	R	exec
2.0312364860695045	0.2294435733464886	0-100%,ring	108	SPLp	R	exec
-0.8509991173109708	-0.1111636750911045	100-0%	109	SMA	L	plan
-2.2489932232271275	-0.20798466864843665	75-25%	109	SMA	L	plan
0.5816965451173886	0.022586407436608717	50-50%	109	SMA	L	plan
0.6969072555329433	0.05054837148749369	25-75%	109	SMA	L	plan
-0.8942659373852805	-0.10495941887390525	0-100%	109	SMA	L	plan
8.041406608422427	0.6252542412152349	100-0%,index	109	SMA	L	exec
10.98492606929522	0.8351266306571482	75-25%,index	109	SMA	L	exec
7.268987152767064	0.5576423491539827	50-50%,index	109	SMA	L	exec
5.169765726354865	0.38534970696738385	25-75%,index	109	SMA	L	exec
6.479919487684069	0.4599805661319243	75-25%,ring	109	SMA	L	exec
5.007725769165319	0.3611872584624549	50-50%,ring	109	SMA	L	exec
4.119402458916876	0.30549186299402736	25-75%,ring	109	SMA	L	exec
9.035582003282876	0.6959737650410948	0-100%,ring	109	SMA	L	exec
2.2817549403989688	0.15391336764631916	100-0%	109	PMd	L	plan
-0.46623394690679015	-0.013725453000896318	75-25%	109	PMd	L	plan
3.658008367873438	0.26217588526775726	50-50%	109	PMd	L	plan
3.457475372868019	0.25049329645484525	25-75%	109	PMd	L	plan
1.1354273495327567	0.07589387487339952	0-100%	109	PMd	L	plan
6.498982872273172	0.39432153221251387	100-0%,index	109	PMd	L	exec
11.346254225154357	0.7496766509248509	75-25%,index	109	PMd	L	exec
5.251856557222807	0.3217187787705341	50-50%,index	109	PMd	L	exec
6.360699012643978	0.42279673958278524	25-75%,index	109	PMd	L	exec
10.092894842957087	0.6480791379072671	75-25%,ring	109	PMd	L	exec
4.682375913939654	0.2641483110733867	50-50%,ring	109	PMd	L	exec
7.141918519340951	0.44266905845893967	25-75%,ring	109	PMd	L	exec
9.44467729855387	0.5958606284084698	0-100%,ring	109	PMd	L	exec
0.8998763745892221	0.0940564857098932	100-0%	109	PMv	L	plan
0.3645033547543498	0.04499673568824411	75-25%	109	PMv	L	plan
2.096132729408421	0.17902879258322996	50-50%	109	PMv	L	plan
2.2363635444800676	0.19234315184884268	25-75%	109	PMv	L	plan
2.4670120674366633	0.20739972812748186	0-100%	109	PMv	L	plan
6.714289852567399	0.5469830866788638	100-0%,index	109	PMv	L	exec
12.274127950492941	0.9853452787240499	75-25%,index	109	PMv	L	exec
6.726759157699784	0.5528213888622897	50-50%,index	109	PMv	L	exec
7.62004241623849	0.6178286954253569	25-75%,index	109	PMv	L	exec
7.693689806482186	0.6395525180400149	75-25%,ring	109	PMv	L	exec
2.929201651456048	0.265601108173588	50-50%,ring	109	PMv	L	exec
3.8594460937022883	0.3412260518768093	25-75%,ring	109	PMv	L	exec
6.188102155478446	0.4950622832095904	0-100%,ring	109	PMv	L	exec
2.1027468244083694	0.19699209140328405	100-0%	109	M1	L	plan
-2.8633306720528986	-0.12536057258556546	75-25%	109	M1	L	plan
3.1803862893295283	0.2618244562350499	50-50%	109	M1	L	plan
3.866749323306706	0.3020779144336802	25-75%	109	M1	L	plan
0.49161970230104685	0.09570720416351079	0-100%	109	M1	L	plan
11.25360115972507	0.7319141640404957	100-0%,index	109	M1	L	exec
16.895311426154027	1.1226848579555129	75-25%,index	109	M1	L	exec
9.542723234400556	0.6382819815889118	50-50%,index	109	M1	L	exec
10.942848481258025	0.7074581430792842	25-75%,index	109	M1	L	exec
18.429020941094706	1.2505342155737962	75-25%,ring	109	M1	L	exec
14.178772540773089	0.9687708486744144	50-50%,ring	109	M1	L	exec
13.072450326555954	0.8968528042607186	25-75%,ring	109	M1	L	exec
16.83111046133671	1.1222549704602383	0-100%,ring	109	M1	L	exec
1.8703105297246287	0.16485715151589939	100-0%	109	S1	L	plan
-3.7025601251429614	-0.1785159874526919	75-25%	109	S1	L	plan
1.3835858432854067	0.12280033489416871	50-50%	109	S1	L	plan
0.1486240415275705	0.048094508497621036	25-75%	109	S1	L	plan
-1.1606357940616552	-0.019665008683162667	0-100%	109	S1	L	plan
17.65729910437254	1.1038716980690526	100-0%,index	109	S1	L	exec
23.31454526624684	1.4707289894616211	75-25%,index	109	S1	L	exec
16.698337505272686	1.0573016060783385	50-50%,index	109	S1	L	exec
16.001718493429127	1.0105189372358172	25-75%,index	109	S1	L	exec
27.025899605151377	1.7230964836072864	75-25%,ring	109	S1	L	exec
22.109025585672768	1.3996052944478006	50-50%,ring	109	S1	L	exec
21.81748708341542	1.384680898547991	25-75%,ring	109	S1	L	exec
24.396695027096587	1.526255604144231	0-100%,ring	109	S1	L	exec
2.903898078953324	0.1719445281167585	100-0%	109	SPLa	L	plan
-1.8416117141194477	-0.11788361121879835	75-25%	109	SPLa	L	plan
4.07161203392795	0.25232129798421415	50-50%	109	SPLa	L	plan
2.5625754807624617	0.14646334700702546	25-75%	109	SPLa	L	plan
1.0855994363193853	0.06638284329487672	0-100%	109	SPLa	L	plan
8.187088530720668	0.5190975891011619	100-0%,index	109	SPLa	L	exec
13.341800766250612	0.832826998991425	75-25%,index	109	SPLa	L	exec
7.35023897042151	0.46583302362990914	50-50%,index	109	SPLa	L	exec
7.338439022040213	0.4602612496970573	25-75%,index	109	SPLa	L	exec
14.771225314416156	0.9237548288613598	75-25%,ring	109	SPLa	L	exec
7.717281729181516	0.4806061121407587	50-50%,ring	109	SPLa	L	exec
11.21755175148	0.7090097530971808	25-75%,ring	109	SPLa	L	exec
11.074823934676163	0.6933897598812073	0-100%,ring	109	SPLa	L	exec
0.5703929527252635	0.011937628602759478	100-0%	109	SPLp	L	plan
-1.390333084705105	-0.10386480534161287	75-25%	109	SPLp	L	plan
2.724295462601959	0.17967333964812204	50-50%	109	SPLp	L	plan
1.2162851059003108	0.07129353388923008	25-75%	109	SPLp	L	plan
-2.4972201065966555	-0.1703423319618336	0-100%	109	SPLp	L	plan
6.836577706395593	0.4680977842460726	100-0%,index	109	SPLp	L	exec
10.029278055002127	0.6655567810325104	75-25%,index	109	SPLp	L	exec
4.895910214881566	0.3074027137477672	50-50%,index	109	SPLp	L	exec
4.858174286738955	0.3203078566427081	25-75%,index	109	SPLp	L	exec
8.210307057318625	0.506655707917532	75-25%,ring	109	SPLp	L	exec
4.645038719201041	0.284256970845972	50-50%,ring	109	SPLp	L	exec
8.270698156855904	0.5362192629242616	25-75%,ring	109	SPLp	L	exec
8.435815076175869	0.5609217803187906	0-100%,ring	109	SPLp	L	exec
1.006351250356238	0.07416308740287517	100-0%	109	SMA	R	plan
-2.6904198257403915	-0.23119503850470213	75-25%	109	SMA	R	plan
1.0834558488149195	0.10025674580609209	50-50%	109	SMA	R	plan
2.0282387390430086	0.17178037976473104	25-75%	109	SMA	R	plan
-0.3003613275795942	-0.026102098101477993	0-100%	109	SMA	R	plan
9.579009068145533	0.8348623255318152	100-0%,index	109	SMA	R	exec
12.804037465493165	1.1159914288055257	75-25%,index	109	SMA	R	exec
8.754998913878808	0.7729106619117784	50-50%,index	109	SMA	R	exec
6.709944789847359	0.6088704617387465	25-75%,index	109	SMA	R	exec
10.436735909476411	0.8777393431053643	75-25%,ring	109	SMA	R	exec
7.683330229567364	0.6677507944877151	50-50%,ring	109	SMA	R	exec
7.088229480364825	0.6270036856444682	25-75%,ring	109	SMA	R	exec
11.417501220653648	1.0010362401685262	0-100%,ring	109	SMA	R	exec
0.5793952115664462	0.07603089365078912	100-0%	109	PMd	R	plan
-1.6612780351136067	-0.09933100246718711	75-25%	109	PMd	R	plan
0.8054984123872121	0.11248028795365339	50-50%	109	PMd	R	plan
0.951638866933056	0.17298078744353157	25-75%	109	PMd	R	plan
-0.6030017057989298	-0.021431191056725987	0-100%	109	PMd	R	plan
4.353891512581016	0.3730414448827207	100-0%,index	109	PMd	R	exec
5.449486410364063	0.44355263644623505	75-25%,index	109	PMd	R	exec
3.371472470531433	0.26870579926459404	50-50%,index	109	PMd	R	exec
2.9823500903514715	0.25354801971519086	25-75%,index	109	PMd	R	exec
6.46143250652547	0.5705931689888062	75-25%,ring	109	PMd	R	exec
4.218418145894898	0.35300520669884206	50-50%,ring	109	PMd	R	exec
3.8434358298052533	0.3417585170306733	25-75%,ring	109	PMd	R	exec
6.225987321606257	0.5628758466535774	0-100%,ring	109	PMd	R	exec
0.06335904312494782	0.021061609358027287	100-0%	109	PMv	R	plan
-2.3736332242291436	-0.1549331272225042	75-25%	109	PMv	R	plan
1.3659381426109352	0.13834947970591682	50-50%	109	PMv	R	plan
3.506276758085302	0.3205491409458075	25-75%	109	PMv	R	plan
0.6854211615707271	0.06384373273378761	0-100%	109	PMv	R	plan
6.169614352304523	0.497315240058323	100-0%,index	109	PMv	R	exec
7.752935616378393	0.5839572982630411	75-25%,index	109	PMv	R	exec
4.55464534877455	0.35972868704308153	50-50%,index	109	PMv	R	exec
2.416382357871706	0.16064404454550513	25-75%,index	109	PMv	R	exec
8.133766309484985	0.6394041799469738	75-25%,ring	109	PMv	R	exec
4.280706326693521	0.3318338030396967	50-50%,ring	109	PMv	R	exec
1.3117078961736652	0.08246289794589089	25-75%,ring	109	PMv	R	exec
6.030625299898355	0.49059535014864536	0-100%,ring	109	PMv	R	exec
-2.1050589054731286	-0.1443333051200857	100-0%	109	M1	R	plan
-3.5078993162521757	-0.2601505476629818	75-25%	109	M1	R	plan
0.42539910766965594	0.050597232434268384	50-50%	109	M1	R	plan
0.28528166701409396	0.030295880321351564	25-75%	109	M1	R	plan
-2.148163511832273	-0.1540658728524896	0-100%	109	M1	R	plan
2.839181792271514	0.21531699284390793	100-0%,index	109	M1	R	exec
3.375085235613559	0.2694852421672437	75-25%,index	109	M1	R	exec
0.5622204854480368	0.05014485036693635	50-50%,index	109	M1	R	exec
-0.604982668472207	-0.0363986464307305	25-75%,index	109	M1	R	exec
5.784313300390724	0.4703611749122443	75-25%,ring	109	M1	R	exec
0.39444745951247995	0.0493172531127911	50-50%,ring	109	M1	R	exec
1.3861787342597323	0.1161764700421091	25-75%,ring	109	M1	R	exec
5.050465374003093	0.3997708600309928	0-100%,ring	109	M1	R	exec
-2.9064459111418857	-0.2950096930784264	100-0%	109	S1	R	plan
-5.946113499849486	-0.5324200689254877	75-25%	109	S1	R	plan
-0.6834157218870712	-0.11859823573421835	50-50%	109	S1	R	plan
-1.8849622467940894	-0.19722611401871076	25-75%	109	S1	R	plan
-4.095620110941562	-0.3873466183538712	0-100%	109	S1	R	plan
4.693293433786149	0.42867413929710935	100-0%,index	109	S1	R	exec
6.375281365634408	0.5390224895789074	75-25%,index	109	S1	R	exec
2.9021615679760706	0.2639255102622844	50-50%,index	109	S1	R	exec
2.4075993553529766	0.16838465047282233	25-75%,index	109	S1	R	exec
6.173746332962685	0.500538078608508	75-25%,ring	109	S1	R	exec
2.073938695478721	0.17109724613571226	50-50%,ring	109	S1	R	exec
3.5421965331207965	0.3094559797757753	25-75%,ring	109	S1	R	exec
6.74100339880719	0.5816992195207444	0-100%,ring	109	S1	R	exec
1.1355194140844935	0.05440311806932515	100-0%	109	SPLa	R	plan
-1.903567825151285	-0.1456957340755059	75-25%	109	SPLa	R	plan
2.267792045142706	0.15101915398127141	50-50%	109	SPLa	R	plan
0.2701843845985146	0.011743881792898855	25-75%	109	SPLa	R	plan
-1.401932757040083	-0.10596930361173285	0-100%	109	SPLa	R	plan
2.6729245880424175	0.19879753786700213	100-0%,index	109	SPLa	R	exec
5.89677817143209	0.4364912321360068	75-25%,index	109	SPLa	R	exec
2.263098493811919	0.15128849236998382	50-50%,index	109	SPLa	R	exec
6.190673262833319	0.4057852313589389	25-75%,index	109	SPLa	R	exec
6.43086291372163	0.43915148907479773	75-25%,ring	109	SPLa	R	exec
3.0736949605054815	0.224320213007493	50-50%,ring	109	SPLa	R	exec
6.206569948483196	0.44206427857626546	25-75%,ring	109	SPLa	R	exec
6.2684633510314	0.44944595883243116	0-100%,ring	109	SPLa	R	exec
-0.12199269081332187	-0.03276360627120411	100-0%	109	SPLp	R	plan
-4.4411605856166565	-0.3937130311792094	75-25%	109	SPLp	R	plan
-0.052130040494893205	-0.04017136274130955	50-50%	109	SPLp	R	plan
-0.9366025760580523	-0.09546872577750691	25-75%	109	SPLp	R	plan
-2.5262450186175753	-0.2207278150849716	0-100%	109	SPLp	R	plan
3.59390755841354	0.3003356837973316	100-0%,index	109	SPLp	R	exec
7.198670584139216	0.5928336418848077	75-25%,index	109	SPLp	R	exec
3.4168818604372784	0.2916622564995735	50-50%,index	109	SPLp	R	exec
6.6539715345905	0.5137176511168275	25-75%,index	109	SPLp	R	exec
5.758970265719045	0.4376316236055237	75-25%,ring	109	SPLp	R	exec
2.388440085382268	0.2145379992217482	50-50%,ring	109	SPLp	R	exec
3.571010429250822	0.2577277808592865	25-75%,ring	109	SPLp	R	exec
5.733560986000172	0.463258515243646	0-100%,ring	109	SPLp	R	exec
1.1558331443828926	0.10826407855924955	100-0%	110	SMA	L	plan
-0.0692654005370616	1.3039039022631335e-05	75-25%	110	SMA	L	plan
1.5333273663431566	0.13739438169839624	50-50%	110	SMA	L	plan
-0.3606135739879936	-0.025642005756128867	25-75%	110	SMA	L	plan
1.00843456613223	0.0954805884398813	0-100%	110	SMA	L	plan
2.197743637075483	0.20539808241519	100-0%,index	110	SMA	L	exec
1.8157131407943674	0.1635552295666455	75-25%,index	110	SMA	L	exec
1.7443624453245854	0.1598826401911915	50-50%,index	110	SMA	L	exec
4.202260983316967	0.380101522388054	25-75%,index	110	SMA	L	exec
3.8125381222429797	0.33975139778214847	75-25%,ring	110	SMA	L	exec
1.475726473774516	0.14081702271860216	50-50%,ring	110	SMA	L	exec
2.855186978273744	0.259169167217581	25-75%,ring	110	SMA	L	exec
3.6487375563644124	0.33447986956891157	0-100%,ring	110	SMA	L	exec
0.8531333163983155	0.07605867379308939	100-0%	110	PMd	L	plan
0.14820110517026355	0.024675579224623465	75-25%	110	PMd	L	plan
0.8503552156694394	0.07828454324659548	50-50%	110	PMd	L	plan
-0.18831361792903412	-0.0004498505491768768	25-75%	110	PMd	L	plan
0.7991281933231202	0.07473229043950458	0-100%	110	PMd	L	plan
2.082145281664116	0.17363343802197623	100-0%,index	110	PMd	L	exec
1.2200073392331379	0.09486293451188903	75-25%,index	110	PMd	L	exec
1.8158987967883422	0.14081732189703614	50-50%,index	110	PMd	L	exec
3.7590638339588387	0.3044762626787399	25-75%,index	110	PMd	L	exec
4.754639061975486	0.3728975778882695	75-25%,ring	110	PMd	L	exec
2.709046015602107	0.223569236343557	50-50%,ring	110	PMd	L	exec
2.9468684158731944	0.23236069467241482	25-75%,ring	110	PMd	L	exec
4.308169263026987	0.33877297819170765	0-100%,ring	110	PMd	L	exec
0.09573812916483512	0.0331385186744026	100-0%	110	PMv	L	plan
-0.1466828953250083	0.012252856248383343	75-25%	110	PMv	L	plan
0.1691417498477818	0.03747434968303083	50-50%	110	PMv	L	plan
-0.8987458809161131	-0.0412240699726156	25-75%	110	PMv	L	plan
0.20816451626293478	0.04748660535812577	0-100%	110	PMv	L	plan
1.2831874074131715	0.12551498369367786	100-0%,index	110	PMv	L	exec
0.5280659716673275	0.04748565931692715	75-25%,index	110	PMv	L	exec
1.1016449549471858	0.11012548750804711	50-50%,index	110	PMv	L	exec
3.2302697029160443	0.2831145487907279	25-75%,index	110	PMv	L	exec
3.966295471268159	0.35178142901352055	75-25%,ring	110	PMv	L	exec
2.4154683066176883	0.21815779583313508	50-50%,ring	110	PMv	L	exec
2.465403490802201	0.2121559431046596	25-75%,ring	110	PMv	L	exec
3.752142254828479	0.32014630903960994	0-100%,ring	110	PMv	L	exec
2.560344279201018	0.24102007742837597	100-0%	110	M1	L	plan
1.0744874358483718	0.10777831334055807	75-25%	110	M1	L	plan
2.054974622910561	0.18595355616053508	50-50%	110	M1	L	plan
1.1587925812115611	0.11890094981716423	25-75%	110	M1	L	plan
3.1477888385943644	0.29786159905902654	0-100%	110	M1	L	plan
7.6667044459969445	0.6573830755263536	100-0%,index	110	M1	L	exec
7.427234625776312	0.6313021683170571	75-25%,index	110	M1	L	exec
7.703887431219005	0.6611474972112695	50-50%,index	110	M1	L	exec
10.00374008257448	0.8565709150808557	25-75%,index	110	M1	L	exec
12.10941342186357	1.0390553763720438	75-25%,ring	110	M1	L	exec
10.817250236728993	0.9514169201811062	50-50%,ring	110	M1	L	exec
10.022591221180834	0.8650181024410466	25-75%,ring	110	M1	L	exec
11.76127593946164	1.0231963256905827	0-100%,ring	110	M1	L	exec
0.169054010846107	0.01641789653245667	100-0%	110	S1	L	plan
-0.3810533530716973	-0.028900398360554334	75-25%	110	S1	L	plan
0.19970143647042862	0.01713967355893353	50-50%	110	S1	L	plan
-1.762285750438297	-0.15373253844934934	25-75%	110	S1	L	plan
0.0019631273842624737	0.0027170613840997878	0-100%	110	S1	L	plan
9.771559883609966	0.8409266751149295	100-0%,index	110	S1	L	exec
8.954295769278978	0.7585625973982498	75-25%,index	110	S1	L	exec
9.398542293802107	0.798498276663895	50-50%,index	110	S1	L	exec
12.164354172109519	1.032173277302346	25-75%,index	110	S1	L	exec
14.967098481123644	1.2386785557269295	75-25%,ring	110	S1	L	exec
13.542715515779431	1.1431131292733112	50-50%,ring	110	S1	L	exec
13.645811001237387	1.143236457163505	25-75%,ring	110	S1	L	exec
14.950846160278356	1.2528696384220135	0-100%,ring	110	S1	L	exec
0.6926345648919737	0.08778868072466207	100-0%	110	SPLa	L	plan
0.4593003994415223	0.06416465395590851	75-25%	110	SPLa	L	plan
0.7801062430739657	0.09472682682206354	50-50%	110	SPLa	L	plan
-0.12894109853019584	0.019683320746281596	25-75%	110	SPLa	L	plan
0.8954092622019579	0.11084854160460636	0-100%	110	SPLa	L	plan
2.3647892291853365	0.2202143243462832	100-0%,index	110	SPLa	L	exec
1.7506220206095893	0.15469815534043582	75-25%,index	110	SPLa	L	exec
2.3754258806017967	0.2204152785161254	50-50%,index	110	SPLa	L	exec
4.462325176041781	0.42171061255875486	25-75%,index	110	SPLa	L	exec
5.586760613203921	0.5021035690068492	75-25%,ring	110	SPLa	L	exec
3.946099193936532	0.36008623248774374	50-50%,ring	110	SPLa	L	exec
3.899742135704416	0.3434971005729349	25-75%,ring	110	SPLa	L	exec
4.894101383406293	0.43684112232144595	0-100%,ring	110	SPLa	L	exec
-0.14719493238431322	-0.003093024027558548	100-0%	110	SPLp	L	plan
-0.9817167721720736	-0.09399459421190665	75-25%	110	SPLp	L	plan
-1.4003293727108173	-0.13376782260087627	50-50%	110	SPLp	L	plan
-1.98260601076884	-0.1879318195558094	25-75%	110	SPLp	L	plan
-0.7493558018835924	-0.0671530383099407	0-100%	110	SPLp	L	plan
1.1275726514021451	0.12166940999000768	100-0%,index	110	SPLp	L	exec
1.7952439201841963	0.18453870006280956	75-25%,index	110	SPLp	L	exec
2.1363722126184657	0.21236185174965472	50-50%,index	110	SPLp	L	exec
4.583335145342453	0.456275286232841	25-75%,index	110	SPLp	L	exec
4.750978391967895	0.4594898805816364	75-25%,ring	110	SPLp	L	exec
2.337287247990666	0.2313535830423499	50-50%,ring	110	SPLp	L	exec
2.150257485658993	0.21016255895871705	25-75%,ring	110	SPLp	L	exec
3.180353431341367	0.3103491878494599	0-100%,ring	110	SPLp	L	exec
1.5094133840906694	0.15151169418127958	100-0%	110	SMA	R	plan
0.8724889716580814	0.09230564642897232	75-25%	110	SMA	R	plan
1.2518530844216673	0.12072972476640666	50-50%	110	SMA	R	plan
0.5177726830422797	0.051280671202424744	25-75%	110	SMA	R	plan
1.7299941759320236	0.17021258050185697	0-100%	110	SMA	R	plan
2.8793070313206077	0.28018605884125397	100-0%,index	110	SMA	R	exec
1.8374042410524802	0.17210876427557992	75-25%,index	110	SMA	R	exec
2.298855285799027	0.22670865500858559	50-50%,index	110	SMA	R	exec
3.8014232915658073	0.3638451128633847	25-75%,index	110	SMA	R	exec
3.9773032970118667	0.38239036993714515	75-25%,ring	110	SMA	R	exec
2.7826113308918266	0.27151975233259523	50-50%,ring	110	SMA	R	exec
3.02736864029651	0.28965204571990744	25-75%,ring	110	SMA	R	exec
3.9842485237526715	0.38118687255727096	0-100%,ring	110	SMA	R	exec
0.1583448425676953	0.03092445994465402	100-0%	110	PMd	R	plan
-0.4792137281730707	-0.04267550312397789	75-25%	110	PMd	R	plan
-0.12574879526464777	0.0047541463184414745	50-50%	110	PMd	R	plan
-0.720163788356652	-0.06443047521349934	25-75%	110	PMd	R	plan
0.3204622018455151	0.04278095693869121	0-100%	110	PMd	R	plan
1.859047538438227	0.20427802643024331	100-0%,index	110	PMd	R	exec
1.3087248239619182	0.154218296006024	75-25%,index	110	PMd	R	exec
1.5870292219996278	0.16155524649086478	50-50%,index	110	PMd	R	exec
3.734781703032909	0.4014988811600942	25-75%,index	110	PMd	R	exec
4.058512167499701	0.4340878156647006	75-25%,ring	110	PMd	R	exec
2.4980061841791694	0.260982942039139	50-50%,ring	110	PMd	R	exec
2.320260446114989	0.2469077506729824	25-75%,ring	110	PMd	R	exec
3.62716977960177	0.3904839123342789	0-100%,ring	110	PMd	R	exec
-0.11115307349005739	-0.007656416038661063	100-0%	110	PMv	R	plan
-0.8148815017752699	-0.08930819350081595	75-25%	110	PMv	R	plan
-0.23787702014975556	-0.02188136751570662	50-50%	110	PMv	R	plan
-1.1009951592610858	-0.10219496597251859	25-75%	110	PMv	R	plan
-0.39880878862208036	-0.039237137966899385	0-100%	110	PMv	R	plan
2.060314846929254	0.21895759606949713	100-0%,index	110	PMv	R	exec
2.3494017743357016	0.2577233490272902	75-25%,index	110	PMv	R	exec
2.808024353468284	0.296948353848621	50-50%,index	110	PMv	R	exec
4.754057564004717	0.49171942304005134	25-75%,index	110	PMv	R	exec
4.176522334775491	0.42416409321922605	75-25%,ring	110	PMv	R	exec
3.0174314501489152	0.30896539963811537	50-50%,ring	110	PMv	R	exec
2.572136985642161	0.25851353421127143	25-75%,ring	110	PMv	R	exec
4.018975789227137	0.40383273723520385	0-100%,ring	110	PMv	R	exec
-1.2275153099688496	-0.12284701488258759	100-0%	110	M1	R	plan
-1.8887604338439608	-0.20050404556040602	75-25%	110	M1	R	plan
-1.2458750651745991	-0.11438572842180436	50-50%	110	M1	R	plan
-2.1542376631368536	-0.2337067815389	25-75%	110	M1	R	plan
-1.2931706994051466	-0.1289206340583133	0-100%	110	M1	R	plan
1.0459072212816958	0.13025105369917125	100-0%,index	110	M1	R	exec
1.093184119537766	0.13132834599599036	75-25%,index	110	M1	R	exec
1.1652323500359592	0.12276044378091955	50-50%,index	110	M1	R	exec
1.794364054375658	0.20283864416992364	25-75%,index	110	M1	R	exec
2.4132226461922297	0.27205104520383994	75-25%,ring	110	M1	R	exec
1.2643148273643927	0.14158234864211638	50-50%,ring	110	M1	R	exec
1.3277911179429507	0.1579965525039785	25-75%,ring	110	M1	R	exec
2.0454398927473147	0.24174542506647068	0-100%,ring	110	M1	R	exec
-2.856563336381446	-0.30574573670278565	100-0%	110	S1	R	plan
-2.401001095031772	-0.24925822886251395	75-25%	110	S1	R	plan
-2.304014444858176	-0.24146382170856137	50-50%	110	S1	R	plan
-3.4342896016463373	-0.3638791118216715	25-75%	110	S1	R	plan
-2.3125886971361527	-0.24152308420538748	0-100%	110	S1	R	plan
2.169709120302551	0.24639148918597328	100-0%,index	110	S1	R	exec
1.4840661089151714	0.16912310805653916	75-25%,index	110	S1	R	exec
1.4687514990954904	0.1604248167217118	50-50%,index	110	S1	R	exec
2.5738312024514696	0.2819495503974028	25-75%,index	110	S1	R	exec
2.0667146500587914	0.2050373661540298	75-25%,ring	110	S1	R	exec
1.5289008934637522	0.16806481571031565	50-50%,ring	110	S1	R	exec
2.224728388661608	0.2417035187293896	25-75%,ring	110	S1	R	exec
2.3592060098019423	0.2513715510980298	0-100%,ring	110	S1	R	exec
-0.05688271163898833	0.011279462691345317	100-0%	110	SPLa	R	plan
-0.2912917869001599	-0.032361727332780324	75-25%	110	SPLa	R	plan
0.2615223078097283	0.035319683440238905	50-50%	110	SPLa	R	plan
-1.1369621745699066	-0.11867592396200362	25-75%	110	SPLa	R	plan
0.21278560157637397	0.03884715473348538	0-100%	110	SPLa	R	plan
1.1074657251584006	0.13482876076507203	100-0%,index	110	SPLa	R	exec
0.7361151969883494	0.0831541335838062	75-25%,index	110	SPLa	R	exec
1.009288357952133	0.11275347287141103	50-50%,index	110	SPLa	R	exec
3.2916440228593262	0.3925910093205354	25-75%,index	110	SPLa	R	exec
2.9592956714006546	0.3228863488428455	75-25%,ring	110	SPLa	R	exec
1.9697950528016066	0.22369948200972753	50-50%,ring	110	SPLa	R	exec
2.2276573972846294	0.2551678240837846	25-75%,ring	110	SPLa	R	exec
3.022969374555825	0.3341632483611505	0-100%,ring	110	SPLa	R	exec
-0.7710230390141546	-0.09026163449601367	100-0%	110	SPLp	R	plan
-1.3047176513441163	-0.15066077632753602	75-25%	110	SPLp	R	plan
-1.6300126532652284	-0.1976849703709775	50-50%	110	SPLp	R	plan
-1.5977383837985202	-0.19574379981500437	25-75%	110	SPLp	R	plan
-0.8101273825270215	-0.09122840791661892	0-100%	110	SPLp	R	plan
1.140683808241663	0.162717377577005	100-0%,index	110	SPLp	R	exec
1.2059026105825035	0.15771785690264312	75-25%,index	110	SPLp	R	exec
1.7220545038209165	0.23741071515740594	50-50%,index	110	SPLp	R	exec
3.260647351380843	0.4184067852931681	25-75%,index	110	SPLp	R	exec
2.8829296995891665	0.34416962331525636	75-25%,ring	110	SPLp	R	exec
2.0280528221479237	0.2681099161335323	50-50%,ring	110	SPLp	R	exec
1.9523269137529489	0.24854599293293891	25-75%,ring	110	SPLp	R	exec
2.613173645877883	0.33966089235818564	0-100%,ring	110	SPLp	R	exec
1.9859535868766178	0.21559305510773677	100-0%	111	SMA	L	plan
5.7116177502691725	0.5691792390606121	75-25%	111	SMA	L	plan
5.913485033853155	0.5926602267305343	50-50%	111	SMA	L	plan
2.3781934003825946	0.2531205770145108	25-75%	111	SMA	L	plan
3.707286307793904	0.3832426713995237	0-100%	111	SMA	L	plan
1.3560393688812145	0.15081932002723147	100-0%,index	111	SMA	L	exec
-0.7783924633607836	-0.0674970957497944	75-25%,index	111	SMA	L	exec
-0.4665061333456866	-0.0022520479054979545	50-50%,index	111	SMA	L	exec
-0.13618100571107838	0.0026313661378542076	25-75%,index	111	SMA	L	exec
-2.366235840409961	-0.2201534357770751	75-25%,ring	111	SMA	L	exec
-3.6927165937351036	-0.35957210097538156	50-50%,ring	111	SMA	L	exec
-1.6232519918471167	-0.16115324896853078	25-75%,ring	111	SMA	L	exec
-1.6470466711800629	-0.15412316798038558	0-100%,ring	111	SMA	L	exec
5.954239456818725	0.5219787735233287	100-0%	111	PMd	L	plan
9.023472787524677	0.8066688090864095	75-25%	111	PMd	L	plan
9.288490512541276	0.8274533863407986	50-50%	111	PMd	L	plan
4.565870199459626	0.3986759145590524	25-75%	111	PMd	L	plan
7.204952899812334	0.6475131730210216	0-100%	111	PMd	L	plan
0.8757662241065199	0.09077254235423597	100-0%,index	111	PMd	L	exec
-2.901336397805253	-0.2701343585412054	75-25%,index	111	PMd	L	exec
0.00478420538089246	0.07029603801601664	50-50%,index	111	PMd	L	exec
-0.8936910725692451	-0.024682601779943487	25-75%,index	111	PMd	L	exec
-3.9876907326457545	-0.3398980915756131	75-25%,ring	111	PMd	L	exec
-4.669116800602454	-0.41949062885936095	50-50%,ring	111	PMd	L	exec
-3.588144973991046	-0.3365721096452247	25-75%,ring	111	PMd	L	exec
-2.7833869661909203	-0.23710397946648903	0-100%,ring	111	PMd	L	exec
9.107581676365825	0.7816383106770523	100-0%	111	PMv	L	plan
8.706661289004895	0.7522828976688051	75-25%	111	PMv	L	plan
8.82308293095961	0.7499181908552737	50-50%	111	PMv	L	plan
4.9288667866023665	0.411226728774697	25-75%	111	PMv	L	plan
9.671848521008052	0.8260468043448923	0-100%	111	PMv	L	plan
-5.72183850305872	-0.4692409050150676	100-0%,index	111	PMv	L	exec
-7.7450497314568905	-0.6539998203360498	75-25%,index	111	PMv	L	exec
-6.643935229847854	-0.49870480145936824	50-50%,index	111	PMv	L	exec
-5.675016411436732	-0.41621827271875816	25-75%,index	111	PMv	L	exec
-4.206773846805033	-0.3516102602885112	75-25%,ring	111	PMv	L	exec
-7.893370968222286	-0.6573817858417175	50-50%,ring	111	PMv	L	exec
-6.816594570370629	-0.579960429471622	25-75%,ring	111	PMv	L	exec
-8.066357737897803	-0.6526175632235699	0-100%,ring	111	PMv	L	exec
10.687245316545516	0.9985582778886382	100-0%	111	M1	L	plan
12.475265831914822	1.1886626314122635	75-25%	111	M1	L	plan
11.509141603986933	1.0910182885011108	50-50%	111	M1	L	plan
8.132437772532999	0.747984818235672	25-75%	111	M1	L	plan
11.73401898030706	1.1074839498227793	0-100%	111	M1	L	plan
2.1915548866480785	0.20610990017740774	100-0%,index	111	M1	L	exec
-2.473399025053273	-0.2743090640580787	75-25%,index	111	M1	L	exec
4.070726557829557	0.4607451928256755	50-50%,index	111	M1	L	exec
0.7046590328484384	0.08233313800179662	25-75%,index	111	M1	L	exec
-3.831264636665735	-0.357556919121694	75-25%,ring	111	M1	L	exec
-3.3243944428349828	-0.32515051597489647	50-50%,ring	111	M1	L	exec
-2.6697738953212466	-0.24655052998304455	25-75%,ring	111	M1	L	exec
-2.3268617695027025	-0.19234115152628908	0-100%,ring	111	M1	L	exec
13.486936291413075	1.0888019425888875	100-0%	111	S1	L	plan
15.077219107938628	1.216086829995984	75-25%	111	S1	L	plan
14.6548054993332	1.1833436176022083	50-50%	111	S1	L	plan
10.858026658604443	0.8411971950052792	25-75%	111	S1	L	plan
14.164205528389717	1.1379054996812827	0-100%	111	S1	L	plan
11.11673724095426	0.9014569715547086	100-0%,index	111	S1	L	exec
6.371596565796823	0.49548306426456595	75-25%,index	111	S1	L	exec
12.645206538330914	1.1164972785378222	50-50%,index	111	S1	L	exec
11.88808484333095	1.0232359087450391	25-75%,index	111	S1	L	exec
4.98767000078588	0.41754874546095944	75-25%,ring	111	S1	L	exec
4.827732624545347	0.35968147673258144	50-50%,ring	111	S1	L	exec
6.499903152639532	0.518337535723641	25-75%,ring	111	S1	L	exec
8.19983128137624	0.6676025850258316	0-100%,ring	111	S1	L	exec
8.324801345270764	0.6588712846981708	100-0%	111	SPLa	L	plan
11.289108906643284	0.9041246317211128	75-25%	111	SPLa	L	plan
10.830039404999654	0.8813114629481229	50-50%	111	SPLa	L	plan
7.07489108206119	0.5593369461229882	25-75%	111	SPLa	L	plan
10.188603679413575	0.8220480507103795	0-100%	111	SPLa	L	plan
0.9427084840805793	0.13368087221472086	100-0%,index	111	SPLa	L	exec
-2.5611863549391845	-0.1927238070237598	75-25%,index	111	SPLa	L	exec
0.9249229893028309	0.13692962041148882	50-50%,index	111	SPLa	L	exec
3.1314550371342	0.32231180084933464	25-75%,index	111	SPLa	L	exec
-1.9633842605268692	-0.08543374479905474	75-25%,ring	111	SPLa	L	exec
-3.3097390603326633	-0.2412165603486841	50-50%,ring	111	SPLa	L	exec
-2.3832300894667755	-0.1601202795480548	25-75%,ring	111	SPLa	L	exec
-1.4872245281420302	-0.09476154425907664	0-100%,ring	111	SPLa	L	exec
7.562410982600312	0.616961508063553	100-0%	111	SPLp	L	plan
8.21750890457103	0.6746419752995201	75-25%	111	SPLp	L	plan
10.00365661123433	0.7891011835497965	50-50%	111	SPLp	L	plan
6.869439083276224	0.5581759111651659	25-75%	111	SPLp	L	plan
8.48638400825493	0.6721353244839089	0-100%	111	SPLp	L	plan
-1.3486471415869314	-0.06614320710614603	100-0%,index	111	SPLp	L	exec
-3.3866413533456923	-0.2926169840984613	75-25%,index	111	SPLp	L	exec
-1.7737953567656835	0.022558059597839516	50-50%,index	111	SPLp	L	exec
1.3634185167908923	0.1591682669873066	25-75%,index	111	SPLp	L	exec
-4.179943276816495	-0.3004191853463738	75-25%,ring	111	SPLp	L	exec
-1.4120191259563024	-0.0998751379218436	50-50%,ring	111	SPLp	L	exec
-5.125514490264086	-0.3929217425764521	25-75%,ring	111	SPLp	L	exec
-1.7427402385056376	-0.11289137910546745	0-100%,ring	111	SPLp	L	exec
3.474623477669761	0.3185255311137868	100-0%	111	SMA	R	plan
6.268563142243343	0.5953224693635443	75-25%	111	SMA	R	plan
5.870554551111686	0.557882267655329	50-50%	111	SMA	R	plan
1.8290853238711582	0.1530217668494935	25-75%	111	SMA	R	plan
4.145204221098608	0.3933500506606982	0-100%	111	SMA	R	plan
0.3749684950363679	0.04874845767951159	100-0%,index	111	SMA	R	exec
-2.097492174623767	-0.21165135154534745	75-25%,index	111	SMA	R	exec
-0.16213496547369197	0.03707372106621803	50-50%,index	111	SMA	R	exec
-3.510096260283341	-0.2872312709805162	25-75%,index	111	SMA	R	exec
-3.6495606680279638	-0.3558199081151525	75-25%,ring	111	SMA	R	exec
-3.197871493271333	-0.31993316103335717	50-50%,ring	111	SMA	R	exec
-3.122874322143616	-0.2969764590875107	25-75%,ring	111	SMA	R	exec
-2.8281391909325837	-0.26664282055522703	0-100%,ring	111	SMA	R	exec
3.154619592982313	0.3301623377193193	100-0%	111	PMd	R	plan
3.6477799743529413	0.38118146325110247	75-25%	111	PMd	R	plan
4.294151835839771	0.4543243344240231	50-50%	111	PMd	R	plan
2.254160882694449	0.23233287053105825	25-75%	111	PMd	R	plan
3.7022131579937247	0.39132095365996955	0-100%	111	PMd	R	plan
-2.9572866107803124	-0.2860211837583192	100-0%,index	111	PMd	R	exec
-3.8646759581406234	-0.4058777653515577	75-25%,index	111	PMd	R	exec
-3.5869957971738358	-0.3202504344090589	50-50%,index	111	PMd	R	exec
-4.542247555342699	-0.4431068704245147	25-75%,index	111	PMd	R	exec
-4.717700648486861	-0.4762350254682275	75-25%,ring	111	PMd	R	exec
-4.957942890907204	-0.5192432751561401	50-50%,ring	111	PMd	R	exec
-6.362888797996434	-0.6727284941711664	25-75%,ring	111	PMd	R	exec
-4.284672005069736	-0.4289078882049559	0-100%,ring	111	PMd	R	exec
3.6630501607100348	0.301878667493216	100-0%	111	PMv	R	plan
2.7341405880476413	0.2072155738058605	75-25%	111	PMv	R	plan
2.430569287819291	0.18283634410750496	50-50%	111	PMv	R	plan
1.7665983605359619	0.1300582440738055	25-75%	111	PMv	R	plan
3.9398611977283275	0.31601772673561107	0-100%	111	PMv	R	plan
-4.852689117658008	-0.418539812874147	100-0%,index	111	PMv	R	exec
-5.161769652579425	-0.4365319389132645	75-25%,index	111	PMv	R	exec
-3.9470520921513663	-0.27602764787040807	50-50%,index	111	PMv	R	exec
-6.396369108566104	-0.555572784870786	25-75%,index	111	PMv	R	exec
-4.250338534327378	-0.3346739980791296	75-25%,ring	111	PMv	R	exec
-4.123255039239653	-0.3525034691364611	50-50%,ring	111	PMv	R	exec
-6.698187453532241	-0.6091066005699253	25-75%,ring	111	PMv	R	exec
-6.672055768052158	-0.5674186244845929	0-100%,ring	111	PMv	R	exec
1.9306854433628642	0.20805050605192144	100-0%	111	M1	R	plan
1.8877691174177884	0.19985434743535876	75-25%	111	M1	R	plan
1.8490883453402773	0.20645798142201696	50-50%	111	M1	R	plan
-0.8128115517945689	-0.08938899992557502	25-75%	111	M1	R	plan
1.8340146476170878	0.18840380347755595	0-100%	111	M1	R	plan
-5.624476431156393	-0.5424367279262577	100-0%,index	111	M1	R	exec
-7.629070497898043	-0.7905083037812898	75-25%,index	111	M1	R	exec
-3.4343617940222133	-0.2185787465485489	50-50%,index	111	M1	R	exec
-6.971438751512893	-0.6253112274109389	25-75%,index	111	M1	R	exec
-7.896887162943587	-0.7580687714529359	75-25%,ring	111	M1	R	exec
-5.422239830904289	-0.544034455429497	50-50%,ring	111	M1	R	exec
-7.912285332409524	-0.800924111447956	25-75%,ring	111	M1	R	exec
-7.6509674297069	-0.7374103385764522	0-100%,ring	111	M1	R	exec
2.706920591834497	0.24121207617180832	100-0%	111	S1	R	plan
3.156726886534837	0.2908472543933198	75-25%	111	S1	R	plan
4.151872538975397	0.3805858799874365	50-50%	111	S1	R	plan
0.5340617601838067	0.025527483911555973	25-75%	111	S1	R	plan
3.247730171522474	0.30828519133768245	0-100%	111	S1	R	plan
-1.9739777271877366	-0.11676531020074835	100-0%,index	111	S1	R	exec
-6.459717894942178	-0.6110142466390209	75-25%,index	111	S1	R	exec
-1.9390107119656124	-0.06258392927887475	50-50%,index	111	S1	R	exec
-2.19795138201215	-0.09468071687701114	25-75%,index	111	S1	R	exec
-6.373473732354485	-0.5259906518518942	75-25%,ring	111	S1	R	exec
-5.65370618719303	-0.5266793658474632	50-50%,ring	111	S1	R	exec
-7.286642925461829	-0.6635858329599826	25-75%,ring	111	S1	R	exec
-4.309404970048144	-0.3662842353241911	0-100%,ring	111	S1	R	exec
3.2151326406785588	0.2686567878276533	100-0%	111	SPLa	R	plan
4.319607447216471	0.36346083816239144	75-25%	111	SPLa	R	plan
4.315862967840527	0.36549137141709487	50-50%	111	SPLa	R	plan
2.1606726623182366	0.16391530008048386	25-75%	111	SPLa	R	plan
4.704316632796901	0.3917697852132034	0-100%	111	SPLa	R	plan
-4.038554432370877	-0.2763783219846472	100-0%,index	111	SPLa	R	exec
-6.583207718065886	-0.5775502497195132	75-25%,index	111	SPLa	R	exec
-1.701795200792272	-0.041944239256879	50-50%,index	111	SPLa	R	exec
-2.8335348466615202	-0.1338803801208846	25-75%,index	111	SPLa	R	exec
-7.065380334600129	-0.5505793882923081	75-25%,ring	111	SPLa	R	exec
-7.158904221984519	-0.5963685484191144	50-50%,ring	111	SPLa	R	exec
-8.715251302519768	-0.7273264322135249	25-75%,ring	111	SPLa	R	exec
-7.520175512479849	-0.6092601818331298	0-100%,ring	111	SPLa	R	exec
1.7078384247594263	0.1906746266017505	100-0%	111	SPLp	R	plan
2.4857775438189216	0.27041504971952857	75-25%	111	SPLp	R	plan
2.180623302594794	0.24698739559619923	50-50%	111	SPLp	R	plan
0.7850811392098779	0.07447673634185896	25-75%	111	SPLp	R	plan
1.7229174182247229	0.18427526479762515	0-100%	111	SPLp	R	plan
0.3047887271912556	0.10927198756964829	100-0%,index	111	SPLp	R	exec
-3.8660877057192145	-0.40810998903279644	75-25%,index	111	SPLp	R	exec
4.546059968477447	0.6236330945390558	50-50%,index	111	SPLp	R	exec
2.6033515700328835	0.4002854814963527	25-75%,index	111	SPLp	R	exec
-1.7520330446451078	-0.1080553459355692	75-25%,ring	111	SPLp	R	exec
-0.47697840989888146	-0.03417490281105897	50-50%,ring	111	SPLp	R	exec
-4.080093321166082	-0.39589502502041685	25-75%,ring	111	SPLp	R	exec
-0.6784357350801424	0.00804298036316109	0-100%,ring	111	SPLp	R	exec
10.456459761455758	0.9133193287290384	100-0%	112	SMA	L	plan
9.424882517012888	0.8267446593265733	75-25%	112	SMA	L	plan
11.104121906552262	0.9869997004747373	50-50%	112	SMA	L	plan
8.900267554732402	0.773757089633219	25-75%	112	SMA	L	plan
9.287024105754542	0.8226232708973938	0-100%	112	SMA	L	plan
3.1648146126800576	0.2922008249171338	100-0%,index	112	SMA	L	exec
5.268302484201765	0.4577179558301494	75-25%,index	112	SMA	L	exec
5.746147466814959	0.529092435606493	50-50%,index	112	SMA	L	exec
10.910674612647385	0.9918241882507023	25-75%,index	112	SMA	L	exec
4.531600149661652	0.4285773935893519	75-25%,ring	112	SMA	L	exec
4.287936386942494	0.3958307609233442	50-50%,ring	112	SMA	L	exec
7.108722156353266	0.6372583194716556	25-75%,ring	112	SMA	L	exec
5.792286008624955	0.5129007455473796	0-100%,ring	112	SMA	L	exec
10.839278557790573	0.8964458036831844	100-0%	112	PMd	L	plan
9.895196089420299	0.8202636867953355	75-25%	112	PMd	L	plan
12.064881539655165	1.0126223624663673	50-50%	112	PMd	L	plan
10.342762256005907	0.8557698126620046	25-75%	112	PMd	L	plan
10.590519449643997	0.8778229877943843	0-100%	112	PMd	L	plan
3.030245611885376	0.26597068550909464	100-0%,index	112	PMd	L	exec
5.347423482031396	0.46104101214288373	75-25%,index	112	PMd	L	exec
6.113933791654868	0.5218514897375326	50-50%,index	112	PMd	L	exec
13.19410996763552	1.1059903976395085	25-75%,index	112	PMd	L	exec
7.658091979702661	0.6504207950693375	75-25%,ring	112	PMd	L	exec
7.028566106357955	0.5821038327921554	50-50%,ring	112	PMd	L	exec
8.060271630247053	0.6944691242524094	25-75%,ring	112	PMd	L	exec
7.444190306136885	0.619561743623504	0-100%,ring	112	PMd	L	exec
9.26439004627141	0.8873716060207649	100-0%	112	PMv	L	plan
8.031495371864558	0.7570765931917942	75-25%	112	PMv	L	plan
10.281224866782908	0.9539240700085859	50-50%	112	PMv	L	plan
6.993290602153336	0.6643623076403641	25-75%	112	PMv	L	plan
8.533200070736083	0.8072860981011764	0-100%	112	PMv	L	plan
-0.48570046704601155	-0.04209993552839891	100-0%,index	112	PMv	L	exec
0.8176375121610577	0.09011944572520654	75-25%,index	112	PMv	L	exec
3.3526601571183314	0.32429768905170603	50-50%,index	112	PMv	L	exec
8.451717986671085	0.7451878349121067	25-75%,index	112	PMv	L	exec
4.553808092603629	0.44234404828547585	75-25%,ring	112	PMv	L	exec
0.2916323750279844	0.026650512264723973	50-50%,ring	112	PMv	L	exec
3.1858632944632235	0.32161185973420453	25-75%,ring	112	PMv	L	exec
1.452496295947243	0.11552506039390044	0-100%,ring	112	PMv	L	exec
14.283612794251601	1.2396523803886244	100-0%	112	M1	L	plan
11.917285575308716	1.0012130923542795	75-25%	112	M1	L	plan
13.630127158368074	1.1569267128852139	50-50%	112	M1	L	plan
13.43989790618307	1.15014107832969	25-75%	112	M1	L	plan
14.338541621352865	1.224441102705896	0-100%	112	M1	L	plan
7.8074763596959285	0.5387832168124383	100-0%,index	112	M1	L	exec
12.138526253500823	0.9200595814509349	75-25%,index	112	M1	L	exec
11.193372817658986	0.841990014854845	50-50%,index	112	M1	L	exec
18.74986805487248	1.4425470041214983	25-75%,index	112	M1	L	exec
8.60999712597276	0.6506795168723136	75-25%,ring	112	M1	L	exec
12.864832963576164	0.9664069692043513	50-50%,ring	112	M1	L	exec
13.212264236101497	1.0043893971509918	25-75%,ring	112	M1	L	exec
12.88851841428231	0.9763730916494788	0-100%,ring	112	M1	L	exec
4.2557696620655365	0.38081545687890483	100-0%	112	S1	L	plan
3.682453938382219	0.32618006970686386	75-25%	112	S1	L	plan
4.582013310798367	0.38892040045492604	50-50%	112	S1	L	plan
2.883483977177028	0.2688527023893439	25-75%	112	S1	L	plan
2.613534775829456	0.2616784361249678	0-100%	112	S1	L	plan
17.23292507056857	1.3159010518742469	100-0%,index	112	S1	L	exec
18.917312365091483	1.454348660551872	75-25%,index	112	S1	L	exec
19.041892274639455	1.4539294004703982	50-50%,index	112	S1	L	exec
27.49576974438386	2.1118190396822647	25-75%,index	112	S1	L	exec
16.969778136189227	1.3206215324309114	75-25%,ring	112	S1	L	exec
21.617137984229743	1.6436606064413055	50-50%,ring	112	S1	L	exec
21.891723774007172	1.6753931640763862	25-75%,ring	112	S1	L	exec
21.392024052905608	1.6312632055212901	0-100%,ring	112	S1	L	exec
7.245886864345066	0.5729970280082268	100-0%	112	SPLa	L	plan
7.772849762566094	0.5919565617481594	75-25%	112	SPLa	L	plan
9.015170845622839	0.7079304736245854	50-50%	112	SPLa	L	plan
7.185167119459052	0.5715278325312794	25-75%	112	SPLa	L	plan
6.7776982247531175	0.5434441705871238	0-100%	112	SPLa	L	plan
5.4611110381872425	0.36405883152487534	100-0%,index	112	SPLa	L	exec
6.5731872442452	0.45959126869708394	75-25%,index	112	SPLa	L	exec
7.915999132703322	0.5484631541244338	50-50%,index	112	SPLa	L	exec
16.123947322093077	1.190883495788977	25-75%,index	112	SPLa	L	exec
8.489569682544957	0.6057422528415474	75-25%,ring	112	SPLa	L	exec
9.059177855441044	0.61009496090522	50-50%,ring	112	SPLa	L	exec
10.214331293211952	0.7318521343387762	25-75%,ring	112	SPLa	L	exec
9.658422656925662	0.6794053872858103	0-100%,ring	112	SPLa	L	exec
2.963015859363729	0.19120157154739617	100-0%	112	SPLp	L	plan
5.483388942732788	0.3854787033768185	75-25%	112	SPLp	L	plan
6.605401785265863	0.4765499171251702	50-50%	112	SPLp	L	plan
2.5821330255009878	0.16066061103042087	25-75%	112	SPLp	L	plan
3.1611338561432887	0.2198845657070894	0-100%	112	SPLp	L	plan
4.9789541453020725	0.4153206177792213	100-0%,index	112	SPLp	L	exec
6.008239730464391	0.5080887339805485	75-25%,index	112	SPLp	L	exec
7.741867055527159	0.6485994599282376	50-50%,index	112	SPLp	L	exec
16.20255675965921	1.30771859488837	25-75%,index	112	SPLp	L	exec
8.29957845299585	0.749711867037143	75-25%,ring	112	SPLp	L	exec
9.3114248921617	0.7805913790944534	50-50%,ring	112	SPLp	L	exec
9.949381851266812	0.8038986157420179	25-75%,ring	112	SPLp	L	exec
8.62816977813581	0.7081380264333661	0-100%,ring	112	SPLp	L	exec
9.811621002269437	0.943755374200283	100-0%	112	SMA	R	plan
8.612434695411219	0.8119138414040208	75-25%	112	SMA	R	plan
9.027947019333073	0.8445925708017668	50-50%	112	SMA	R	plan
8.012176153751973	0.7546922647842983	25-75%	112	SMA	R	plan
8.476793594259414	0.8103225608624348	0-100%	112	SMA	R	plan
7.322301026770952	0.7183480155040227	100-0%,index	112	SMA	R	exec
8.872455533835762	0.8837444462446503	75-25%,index	112	SMA	R	exec
8.4425064504366	0.8284963040529729	50-50%,index	112	SMA	R	exec
15.24148151926806	1.4972205892890327	25-75%,index	112	SMA	R	exec
6.962615915101615	0.6954221970942794	75-25%,ring	112	SMA	R	exec
10.064969407277333	1.0015807823167984	50-50%,ring	112	SMA	R	exec
9.773152001002627	0.9844712452948033	25-75%,ring	112	SMA	R	exec
10.682450753059413	1.0780853360914406	0-100%,ring	112	SMA	R	exec
2.613899578596803	0.2884518044462563	100-0%	112	PMd	R	plan
3.57137547491351	0.38986584996323426	75-25%	112	PMd	R	plan
3.7909566336292118	0.4016197203604543	50-50%	112	PMd	R	plan
2.887008323710157	0.3065133193228233	25-75%	112	PMd	R	plan
2.48819279392604	0.26717973529106603	0-100%	112	PMd	R	plan
3.320074654809984	0.33472739747555436	100-0%,index	112	PMd	R	exec
3.906332766664201	0.3894014042831158	75-25%,index	112	PMd	R	exec
4.136043852128862	0.4181427701884034	50-50%,index	112	PMd	R	exec
9.99676148669879	1.005461002491611	25-75%,index	112	PMd	R	exec
5.799949056074908	0.5757922019264871	75-25%,ring	112	PMd	R	exec
6.0387053416966054	0.5983363612285078	50-50%,ring	112	PMd	R	exec
6.494938458474784	0.6611996091955026	25-75%,ring	112	PMd	R	exec
6.188457635687015	0.6244265570531673	0-100%,ring	112	PMd	R	exec
7.109234453169865	0.7253526296168159	100-0%	112	PMv	R	plan
6.065362255013077	0.6072628507937975	75-25%	112	PMv	R	plan
7.228356294992033	0.7638286733671853	50-50%	112	PMv	R	plan
6.908109865120483	0.70573022796741	25-75%	112	PMv	R	plan
6.98218038419287	0.738824600663354	0-100%	112	PMv	R	plan
1.8889190694807392	0.05703226820679404	100-0%,index	112	PMv	R	exec
2.6693500745651217	0.15586986455344318	75-25%,index	112	PMv	R	exec
2.3049067632961457	0.07591860468724802	50-50%,index	112	PMv	R	exec
7.03707506572628	0.5096848960607848	25-75%,index	112	PMv	R	exec
5.725690922857813	0.45761098163059194	75-25%,ring	112	PMv	R	exec
3.9855506083080234	0.2678342445829508	50-50%,ring	112	PMv	R	exec
2.422168399876285	0.11801089443352317	25-75%,ring	112	PMv	R	exec
4.389522531685251	0.3103819891546173	0-100%,ring	112	PMv	R	exec
11.725623305537505	1.215764211844876	100-0%	112	M1	R	plan
8.900814668225921	0.9257637477063534	75-25%	112	M1	R	plan
9.957574119936385	1.0367199157726228	50-50%	112	M1	R	plan
10.358014070428908	1.0779934830291145	25-75%	112	M1	R	plan
10.82484503212699	1.1335093954075783	0-100%	112	M1	R	plan
-0.29734450508050336	-0.07944799079643396	100-0%,index	112	M1	R	exec
3.5446202010213734	0.30151387872899366	75-25%,index	112	M1	R	exec
3.378742826459353	0.27935443525532533	50-50%,index	112	M1	R	exec
9.81994388138591	0.9000555270673528	25-75%,index	112	M1	R	exec
2.7040717872919258	0.24318737729857798	75-25%,ring	112	M1	R	exec
5.951126079787937	0.5269568102125696	50-50%,ring	112	M1	R	exec
5.6936611819127245	0.5297698760115888	25-75%,ring	112	M1	R	exec
6.531055361890148	0.6062179449632865	0-100%,ring	112	M1	R	exec
5.740073731878038	0.5678724293051547	100-0%	112	S1	R	plan
5.343329995263186	0.5237345929214653	75-25%	112	S1	R	plan
6.813766843544227	0.6534637523718968	50-50%	112	S1	R	plan
5.219836981712211	0.5057717265193589	25-75%	112	S1	R	plan
4.868428911365209	0.48436230819729	0-100%	112	S1	R	plan
1.336742329882563	0.12951843608110253	100-0%,index	112	S1	R	exec
3.2756304541655608	0.3124117174844415	75-25%,index	112	S1	R	exec
2.6476758588603095	0.2595825919453606	50-50%,index	112	S1	R	exec
9.73226193942215	0.9544478069991763	25-75%,index	112	S1	R	exec
3.1119882556945724	0.31458990684414234	75-25%,ring	112	S1	R	exec
4.6867995367221935	0.44920479050978	50-50%,ring	112	S1	R	exec
5.255725779154076	0.5004795443769706	25-75%,ring	112	S1	R	exec
5.143896250827824	0.4914473135288606	0-100%,ring	112	S1	R	exec
5.277020287505105	0.4516553227653237	100-0%	112	SPLa	R	plan
4.844981548653261	0.4138758115630368	75-25%	112	SPLa	R	plan
6.187657257877326	0.5337434107932495	50-50%	112	SPLa	R	plan
4.960571059993105	0.43650539484977163	25-75%	112	SPLa	R	plan
3.7266638696851735	0.3373532465784487	0-100%	112	SPLa	R	plan
-0.8012588474913914	-0.07967874378838592	100-0%,index	112	SPLa	R	exec
1.498948634545509	0.10252667780858503	75-25%,index	112	SPLa	R	exec
1.0384893306381784	0.06782844943102516	50-50%,index	112	SPLa	R	exec
6.525916161382406	0.5123295194981126	25-75%,index	112	SPLa	R	exec
2.4366403871951228	0.20502143608107057	75-25%,ring	112	SPLa	R	exec
2.8459834671681783	0.2061072880176681	50-50%,ring	112	SPLa	R	exec
3.2905593049552015	0.24865622947010046	25-75%,ring	112	SPLa	R	exec
2.8650983130697765	0.221393775108527	0-100%,ring	112	SPLa	R	exec
1.0130842842228922	0.05285571485257632	100-0%	112	SPLp	R	plan
2.846421448562113	0.2135557898342392	75-25%	112	SPLp	R	plan
3.4690347000522506	0.28184717278050697	50-50%	112	SPLp	R	plan
2.0024915313174403	0.13668201308255423	25-75%	112	SPLp	R	plan
0.10855147851469285	-0.020710492509125746	0-100%	112	SPLp	R	plan
0.6063696674326705	0.07171043258453443	100-0%,index	112	SPLp	R	exec
1.7324750354979588	0.1722843341246289	75-25%,index	112	SPLp	R	exec
2.7784761648804515	0.25241875531742874	50-50%,index	112	SPLp	R	exec
9.108377043788842	0.831537112351511	25-75%,index	112	SPLp	R	exec
4.540833057793056	0.4284087840975019	75-25%,ring	112	SPLp	R	exec
5.5563268693624845	0.5113735551865717	50-50%,ring	112	SPLp	R	exec
5.782131781812192	0.5323144933141006	25-75%,ring	112	SPLp	R	exec
5.244130485837025	0.4830583990781916	0-100%,ring	112	SPLp	R	exec
3.3439243424924427	0.24602310776280126	100-0%	113	SMA	L	plan
3.1830076863895242	0.237732728376993	75-25%	113	SMA	L	plan
4.735949831480867	0.3408786284412398	50-50%	113	SMA	L	plan
5.82061298374445	0.410096272419339	25-75%	113	SMA	L	plan
4.329804986839553	0.3110881391828512	0-100%	113	SMA	L	plan
2.441475883829484	0.1744564797398448	100-0%,index	113	SMA	L	exec
0.04396722749393377	0.0012988930411114725	75-25%,index	113	SMA	L	exec
-0.5319181762314391	-0.021068127622557643	50-50%,index	113	SMA	L	exec
-1.2377674982092433	-0.0773363034084867	25-75%,index	113	SMA	L	exec
2.339278299249752	0.17524227515782398	75-25%,ring	113	SMA	L	exec
4.54147315267452	0.30808870118688836	50-50%,ring	113	SMA	L	exec
3.604839109655603	0.261708499026856	25-75%,ring	113	SMA	L	exec
4.299249201909894	0.30176336660695974	0-100%,ring	113	SMA	L	exec
4.4982312766332075	0.30316446647961576	100-0%	113	PMd	L	plan
4.598204980181644	0.3175032468630782	75-25%	113	PMd	L	plan
6.215904185266004	0.4403572802539372	50-50%	113	PMd	L	plan
7.914125199477782	0.5218443508923698	25-75%	113	PMd	L	plan
6.049798144440647	0.41073634938959763	0-100%	113	PMd	L	plan
8.405255043096927	0.5352378443560233	100-0%,index	113	PMd	L	exec
3.43089444007217	0.20542270062611973	75-25%,index	113	PMd	L	exec
6.178040937382515	0.38117839511338425	50-50%,index	113	PMd	L	exec
2.458530345348561	0.14904310983057223	25-75%,index	113	PMd	L	exec
12.210394316621219	0.7428650562689392	75-25%,ring	113	PMd	L	exec
12.123862979298627	0.7345789075951807	50-50%,ring	113	PMd	L	exec
10.999991863208667	0.6863239599160466	25-75%,ring	113	PMd	L	exec
11.139755023650846	0.6966790216948456	0-100%,ring	113	PMd	L	exec
10.188630328558686	0.7628059981476765	100-0%	113	PMv	L	plan
9.409858690769479	0.7030389903011095	75-25%	113	PMv	L	plan
12.458516082559258	0.915269497650507	50-50%	113	PMv	L	plan
12.01598651300109	0.8885719306111748	25-75%	113	PMv	L	plan
9.838528255239511	0.7388548186893682	0-100%	113	PMv	L	plan
5.906304723865589	0.39818042884198873	100-0%,index	113	PMv	L	exec
2.2847237440829096	0.13834405378272882	75-25%,index	113	PMv	L	exec
3.236603727416343	0.2172932763817594	50-50%,index	113	PMv	L	exec
-2.5518099374791765	-0.20216921736053034	25-75%,index	113	PMv	L	exec
10.643365316042754	0.7406808578271613	75-25%,ring	113	PMv	L	exec
9.37597330768374	0.6463874393614863	50-50%,ring	113	PMv	L	exec
8.549652747839279	0.5894966170793627	25-75%,ring	113	PMv	L	exec
10.29061342893385	0.7140869840171111	0-100%,ring	113	PMv	L	exec
6.724722745043551	0.532657525310289	100-0%	113	M1	L	plan
5.378899513090157	0.44156348199620227	75-25%	113	M1	L	plan
7.607034774655264	0.5869018440211952	50-50%	113	M1	L	plan
8.14218277679602	0.6590473771544909	25-75%	113	M1	L	plan
7.4681781283685815	0.5907467702797983	0-100%	113	M1	L	plan
8.445550895351955	0.6285717307831455	100-0%,index	113	M1	L	exec
4.55297688890719	0.3239065304535439	75-25%,index	113	M1	L	exec
6.3537683593857395	0.5120672289402355	50-50%,index	113	M1	L	exec
2.6385009371970565	0.197388212844767	25-75%,index	113	M1	L	exec
14.577103064142893	1.0842483346483056	75-25%,ring	113	M1	L	exec
14.010733011739779	1.0823429521302428	50-50%,ring	113	M1	L	exec
14.0788487800692	1.0595336841408733	25-75%,ring	113	M1	L	exec
13.644044339278901	1.0585656597396633	0-100%,ring	113	M1	L	exec
-3.960665613839912	-0.19349776942901573	100-0%	113	S1	L	plan
-5.300768485132647	-0.2896378278023799	75-25%	113	S1	L	plan
-3.336687994020836	-0.144104555389699	50-50%	113	S1	L	plan
-1.3395029321363427	-0.02054896830171709	25-75%	113	S1	L	plan
-3.1174083475172214	-0.1434232508058268	0-100%	113	S1	L	plan
21.443669015654155	1.4259590853135289	100-0%,index	113	S1	L	exec
15.576848596023698	1.0427206237201065	75-25%,index	113	S1	L	exec
18.04477747825395	1.205432503763193	50-50%,index	113	S1	L	exec
13.954911869850502	0.9334578937014443	25-75%,index	113	S1	L	exec
27.89763030055777	1.8499005983249754	75-25%,ring	113	S1	L	exec
28.49287306613736	1.9129191371160055	50-50%,ring	113	S1	L	exec
26.64830660369312	1.785066036802994	25-75%,ring	113	S1	L	exec
26.121284396269434	1.760102738856868	0-100%,ring	113	S1	L	exec
0.00028493490631726454	0.010527111830188814	100-0%	113	SPLa	L	plan
-0.8539094200929518	-0.04889452292104333	75-25%	113	SPLa	L	plan
0.4395893044333396	0.040277435954811945	50-50%	113	SPLa	L	plan
4.319810535509236	0.30352293612617787	25-75%	113	SPLa	L	plan
3.0400026652097316	0.21991646952168015	0-100%	113	SPLa	L	plan
12.715310093060383	0.8651159035506327	100-0%,index	113	SPLa	L	exec
8.175361633145224	0.5479676495073869	75-25%,index	113	SPLa	L	exec
11.822044033068282	0.811491547280984	50-50%,index	113	SPLa	L	exec
5.56914541583484	0.37731969512876834	25-75%,index	113	SPLa	L	exec
15.826805445636822	1.0825581612519226	75-25%,ring	113	SPLa	L	exec
16.573089866758547	1.1358486875162386	50-50%,ring	113	SPLa	L	exec
12.210687797064054	0.8382580914937915	25-75%,ring	113	SPLa	L	exec
12.753692771376812	0.8797362595110972	0-100%,ring	113	SPLa	L	exec
-3.171424287620631	-0.339256425208099	100-0%	113	SPLp	L	plan
-3.635851452047529	-0.3771752236400698	75-25%	113	SPLp	L	plan
-1.5357443488988693	-0.2051471990812303	50-50%	113	SPLp	L	plan
0.6320101580098867	-0.010384471235034477	25-75%	113	SPLp	L	plan
-1.6482629846406769	-0.20282629606213598	0-100%	113	SPLp	L	plan
8.966748630333228	0.7671633230666361	100-0%,index	113	SPLp	L	exec
5.241131797159304	0.4276884189092476	75-25%,index	113	SPLp	L	exec
7.338740573951391	0.630789621930704	50-50%,index	113	SPLp	L	exec
5.076615833980737	0.47944573453793154	25-75%,index	113	SPLp	L	exec
8.696494063025384	0.7164397091196228	75-25%,ring	113	SPLp	L	exec
9.218381829436725	0.7808683477287776	50-50%,ring	113	SPLp	L	exec
4.225051543462131	0.3728309067144851	25-75%,ring	113	SPLp	L	exec
6.0531406065120645	0.5178875564208179	0-100%,ring	113	SPLp	L	exec
7.446827570226655	0.6330745464015191	100-0%	113	SMA	R	plan
7.046418424288829	0.5953834378498567	75-25%	113	SMA	R	plan
8.11961790541894	0.69228556125354	50-50%	113	SMA	R	plan
9.129066570026337	0.772333532836215	25-75%	113	SMA	R	plan
7.99078613324053	0.6725098954297581	0-100%	113	SMA	R	plan
2.402071060011924	0.18957624713283064	100-0%,index	113	SMA	R	exec
1.0048959262509864	0.0736785346725736	75-25%,index	113	SMA	R	exec
-0.30250601271316513	-0.0434288198434466	50-50%,index	113	SMA	R	exec
-2.0966300860886413	-0.18981486199906392	25-75%,index	113	SMA	R	exec
3.36975722081752	0.2568811284056094	75-25%,ring	113	SMA	R	exec
4.4088637947302	0.3495596804210804	50-50%,ring	113	SMA	R	exec
4.26861597822358	0.3309535216424591	25-75%,ring	113	SMA	R	exec
4.428885725587151	0.3605730182199336	0-100%,ring	113	SMA	R	exec
0.7583633879021338	0.052289596058106375	100-0%	113	PMd	R	plan
1.4961896694701824	0.1162055247840219	75-25%	113	PMd	R	plan
2.954019772549239	0.24213783822073146	50-50%	113	PMd	R	plan
3.795960576539038	0.31593727628309903	25-75%	113	PMd	R	plan
3.282417825757531	0.27870261189970846	0-100%	113	PMd	R	plan
6.780300260844974	0.6202243254858397	100-0%,index	113	PMd	R	exec
2.433185947031788	0.23348295091073676	75-25%,index	113	PMd	R	exec
3.943240966195479	0.38247389339779403	50-50%,index	113	PMd	R	exec
1.0301709695588357	0.10953421968447712	25-75%,index	113	PMd	R	exec
7.1320875745770085	0.6448228242615742	75-25%,ring	113	PMd	R	exec
7.4040096924058645	0.6599892617134644	50-50%,ring	113	PMd	R	exec
7.051874666663874	0.6444567334149273	25-75%,ring	113	PMd	R	exec
7.130285460983762	0.6479652753318058	0-100%,ring	113	PMd	R	exec
3.331825180508694	0.2944235921228025	100-0%	113	PMv	R	plan
2.4097001585659794	0.24186316572411787	75-25%	113	PMv	R	plan
4.155065920923291	0.4051652523617146	50-50%	113	PMv	R	plan
4.529842406052069	0.4466336748749986	25-75%	113	PMv	R	plan
2.721218584717958	0.2617839913444224	0-100%	113	PMv	R	plan
4.671641358312477	0.4679472338141102	100-0%,index	113	PMv	R	exec
4.058130441308433	0.3706481422384249	75-25%,index	113	PMv	R	exec
4.3977701582945885	0.4178247023551391	50-50%,index	113	PMv	R	exec
-0.3118237531751972	-0.038255135034432106	25-75%,index	113	PMv	R	exec
5.191608858041882	0.4920872926112406	75-25%,ring	113	PMv	R	exec
5.251363646275974	0.487437658037335	50-50%,ring	113	PMv	R	exec
6.415946433686748	0.5982680198017417	25-75%,ring	113	PMv	R	exec
6.6840073906945	0.6261828000422412	0-100%,ring	113	PMv	R	exec
-4.562007580109072	-0.41346980753973894	100-0%	113	M1	R	plan
-5.558460400192545	-0.4938569786140399	75-25%	113	M1	R	plan
-3.0832040460380536	-0.2672784891024858	50-50%	113	M1	R	plan
-1.65657336523641	-0.13298985112114114	25-75%	113	M1	R	plan
-3.1568780098794504	-0.26723865388075624	0-100%	113	M1	R	plan
6.878494832205249	0.6105671485362366	100-0%,index	113	M1	R	exec
2.837680813921327	0.23904376823390192	75-25%,index	113	M1	R	exec
2.571159492864941	0.20971692042153295	50-50%,index	113	M1	R	exec
-1.2027610317861612	-0.14071505923809038	25-75%,index	113	M1	R	exec
5.150209210161944	0.432491564702869	75-25%,ring	113	M1	R	exec
5.841855238381345	0.49159384955264696	50-50%,ring	113	M1	R	exec
6.455901279781772	0.5686640913028526	25-75%,ring	113	M1	R	exec
6.3175873848057424	0.5545122693972745	0-100%,ring	113	M1	R	exec
-10.261718771420139	-0.8977989327798014	100-0%	113	S1	R	plan
-11.545453834983254	-1.0045347836697656	75-25%	113	S1	R	plan
-9.591729421324347	-0.8734459508458909	50-50%	113	S1	R	plan
-7.280436280890111	-0.6522340832695346	25-75%	113	S1	R	plan
-8.924219377288033	-0.8039634839832746	0-100%	113	S1	R	plan
8.525147936352003	0.7600035641386953	100-0%,index	113	S1	R	exec
5.198481213045895	0.46295112864278926	75-25%,index	113	S1	R	exec
5.3901062450617125	0.5261140593807286	50-50%,index	113	S1	R	exec
1.9379495076922573	0.18997754520629628	25-75%,index	113	S1	R	exec
7.616030294088384	0.6716788281506575	75-25%,ring	113	S1	R	exec
9.004446389671374	0.8391076578252833	50-50%,ring	113	S1	R	exec
7.881212476277264	0.7198654364324618	25-75%,ring	113	S1	R	exec
7.830161867342737	0.7302035452324483	0-100%,ring	113	S1	R	exec
-1.965616504564726	-0.17441344942442388	100-0%	113	SPLa	R	plan
-2.4008747959048113	-0.20470891362231203	75-25%	113	SPLa	R	plan
-1.0575529078336119	-0.10984070502180125	50-50%	113	SPLa	R	plan
1.92874930095542	0.1524548450140611	25-75%	113	SPLa	R	plan
1.6274802904672825	0.1346078327708184	0-100%	113	SPLa	R	plan
8.693734660307229	0.7109330482768293	100-0%,index	113	SPLa	R	exec
3.778170937342666	0.30072195183758266	75-25%,index	113	SPLa	R	exec
6.607924795745836	0.5513844440944481	50-50%,index	113	SPLa	R	exec
2.172039285412026	0.17953536541344767	25-75%,index	113	SPLa	R	exec
8.929138866128215	0.733432118302104	75-25%,ring	113	SPLa	R	exec
9.682308093048665	0.7907860858655146	50-50%,ring	113	SPLa	R	exec
7.649545924584845	0.6112265801310022	25-75%,ring	113	SPLa	R	exec
7.271507728331343	0.5790308839802673	0-100%,ring	113	SPLa	R	exec
-7.121720847199774	-0.6987474508189803	100-0%	113	SPLp	R	plan
-8.138606705490913	-0.7933512418358587	75-25%	113	SPLp	R	plan
-4.626857095867395	-0.4973992573958304	50-50%	113	SPLp	R	plan
-2.6274309358485044	-0.34939014166008886	25-75%	113	SPLp	R	plan
-3.985069551974535	-0.42894561480958426	0-100%	113	SPLp	R	plan
8.37654092319558	0.6907161815432935	100-0%,index	113	SPLp	R	exec
2.481030363213685	0.15330834917847017	75-25%,index	113	SPLp	R	exec
6.502163539879852	0.5387707619020818	50-50%,index	113	SPLp	R	exec
4.555959031312545	0.40470785445806784	25-75%,index	113	SPLp	R	exec
6.907605508905525	0.5484851269227349	75-25%,ring	113	SPLp	R	exec
6.931468315834231	0.5546137743172682	50-50%,ring	113	SPLp	R	exec
6.288940858456823	0.5303011647721546	25-75%,ring	113	SPLp	R	exec
7.471557148594823	0.6078658322827477	0-100%,ring	113	SPLp	R	exec
12.061607365721404	0.7912499774200106	100-0%	114	SMA	L	plan
12.45407799008338	0.822905316153167	75-25%	114	SMA	L	plan
12.591114668671723	0.845698472915499	50-50%	114	SMA	L	plan
10.688373739488473	0.707584126463263	25-75%	114	SMA	L	plan
12.109386102088283	0.7868656152557123	0-100%	114	SMA	L	plan
-1.2875206828751742	-0.07880421394215065	100-0%,index	114	SMA	L	exec
-1.9568405780790408	-0.15154514677881256	75-25%,index	114	SMA	L	exec
-1.595497013109633	-0.12227102819174258	50-50%,index	114	SMA	L	exec
2.587962436981701	0.1660217122663849	25-75%,index	114	SMA	L	exec
1.4804400730705725	0.08253261373201216	75-25%,ring	114	SMA	L	exec
0.8213446634647102	0.02511217806232845	50-50%,ring	114	SMA	L	exec
0.662236094578594	0.03518362561228704	25-75%,ring	114	SMA	L	exec
1.406792427272311	0.08314107999134111	0-100%,ring	114	SMA	L	exec
16.00808185939971	0.9283556692541246	100-0%	114	PMd	L	plan
16.44767124931857	0.9573561429559714	75-25%	114	PMd	L	plan
16.275234670471708	0.9524038149983459	50-50%	114	PMd	L	plan
13.221477105774207	0.7752236616609005	25-75%	114	PMd	L	plan
13.877303009615064	0.8087401154964305	0-100%	114	PMd	L	plan
3.125242094762091	0.208882482532956	100-0%,index	114	PMd	L	exec
2.5408991079270047	0.13440403969427786	75-25%,index	114	PMd	L	exec
4.487797535867801	0.25568284198346486	50-50%,index	114	PMd	L	exec
8.97643437156101	0.5200405511308146	25-75%,index	114	PMd	L	exec
7.835582939313223	0.43786386278375944	75-25%,ring	114	PMd	L	exec
9.769456390202343	0.5701782800787843	50-50%,ring	114	PMd	L	exec
8.20676703687225	0.4732657561362551	25-75%,ring	114	PMd	L	exec
11.23625270182799	0.628279695806681	0-100%,ring	114	PMd	L	exec
8.08388213521994	0.7092466514660382	100-0%	114	PMv	L	plan
7.563818042074238	0.6752549207492454	75-25%	114	PMv	L	plan
6.467066834751215	0.5685457837303286	50-50%	114	PMv	L	plan
4.973680823657354	0.47346776756112213	25-75%	114	PMv	L	plan
6.802428455687724	0.5911707375845704	0-100%	114	PMv	L	plan
3.0441067465925	0.2939629703800001	100-0%,index	114	PMv	L	exec
0.7888246327000964	0.06124952054595122	75-25%,index	114	PMv	L	exec
3.0176567199967197	0.25106519027676033	50-50%,index	114	PMv	L	exec
6.05852245217743	0.5231200795650046	25-75%,index	114	PMv	L	exec
6.901292755125879	0.5698141712198236	75-25%,ring	114	PMv	L	exec
4.712976232094707	0.3950323355040169	50-50%,ring	114	PMv	L	exec
5.973063729290624	0.5189845505168427	25-75%,ring	114	PMv	L	exec
6.193392598232976	0.5589882308952846	0-100%,ring	114	PMv	L	exec
14.405519234704542	0.9660021131019201	100-0%	114	M1	L	plan
11.808490119263665	0.7949320590308121	75-25%	114	M1	L	plan
12.678485461582875	0.8543001601829084	50-50%	114	M1	L	plan
8.443605996676729	0.5698238794650958	25-75%	114	M1	L	plan
12.692297902971774	0.8607628688618943	0-100%	114	M1	L	plan
10.119619228650588	0.6130841139628477	100-0%,index	114	M1	L	exec
8.517619118181702	0.49092450762180156	75-25%,index	114	M1	L	exec
12.031371983711248	0.708231385810477	50-50%,index	114	M1	L	exec
14.055196226656705	0.8613507209127551	25-75%,index	114	M1	L	exec
15.646259088777342	0.9810342374343743	75-25%,ring	114	M1	L	exec
17.746589440894354	1.1016057546664793	50-50%,ring	114	M1	L	exec
15.678385136699355	0.9973808760427543	25-75%,ring	114	M1	L	exec
16.77366807913861	1.0684727367911455	0-100%,ring	114	M1	L	exec
8.496541006873299	0.6146353574256909	100-0%	114	S1	L	plan
6.166990024445721	0.4527052303682394	75-25%	114	S1	L	plan
6.381955674788606	0.47329188914811776	50-50%	114	S1	L	plan
2.8862800268332216	0.23577139948434953	25-75%	114	S1	L	plan
3.7901303037442915	0.3003949482581669	0-100%	114	S1	L	plan
17.32120880740492	1.1338441167256192	100-0%,index	114	S1	L	exec
18.229019800778673	1.1695657470628607	75-25%,index	114	S1	L	exec
20.704755779511526	1.3098708700128256	50-50%,index	114	S1	L	exec
23.741581256086015	1.5294158744407924	25-75%,index	114	S1	L	exec
22.945249167712284	1.48215916613198	75-25%,ring	114	S1	L	exec
25.00637583168652	1.6054005593039948	50-50%,ring	114	S1	L	exec
23.400027894757564	1.5193182576717101	25-75%,ring	114	S1	L	exec
27.05979246956066	1.761302258783038	0-100%,ring	114	S1	L	exec
5.87154346476888	0.429904529620292	100-0%	114	SPLa	L	plan
5.463506017080459	0.39470174900042876	75-25%	114	SPLa	L	plan
4.447895962048923	0.32913229882155226	50-50%	114	SPLa	L	plan
3.7736041474860733	0.27384283151715744	25-75%	114	SPLa	L	plan
2.0523974360798354	0.16981628578368685	0-100%	114	SPLa	L	plan
4.5418619720164255	0.3170538034338364	100-0%,index	114	SPLa	L	exec
5.6673676247989375	0.3872332279742868	75-25%,index	114	SPLa	L	exec
8.547458365916832	0.5800660314645932	50-50%,index	114	SPLa	L	exec
11.736609070663253	0.8216344913804948	25-75%,index	114	SPLa	L	exec
9.788129643882039	0.683280794464078	75-25%,ring	114	SPLa	L	exec
11.376132159554638	0.7838812345633533	50-50%,ring	114	SPLa	L	exec
9.297834375122976	0.6560366750832682	25-75%,ring	114	SPLa	L	exec
12.030164961803317	0.8335485717875479	0-100%,ring	114	SPLa	L	exec
5.7589888629871036	0.4640229749623345	100-0%	114	SPLp	L	plan
5.646609517531521	0.4703128174771146	75-25%	114	SPLp	L	plan
4.943458026447056	0.4076209916326403	50-50%	114	SPLp	L	plan
4.529147663104623	0.3769003523417241	25-75%	114	SPLp	L	plan
5.122584573305108	0.42870665883207554	0-100%	114	SPLp	L	plan
0.8386183630074756	0.0969721197021608	100-0%,index	114	SPLp	L	exec
3.0114787186169303	0.24004835659532056	75-25%,index	114	SPLp	L	exec
3.8308748817057743	0.31789398281977416	50-50%,index	114	SPLp	L	exec
6.834615233872058	0.5669000050906133	25-75%,index	114	SPLp	L	exec
3.6913535555046217	0.3323639629748841	75-25%,ring	114	SPLp	L	exec
5.784992408933493	0.4828243360245677	50-50%,ring	114	SPLp	L	exec
4.565536398768452	0.3996643908412943	25-75%,ring	114	SPLp	L	exec
4.575958956900894	0.39207921990394545	0-100%,ring	114	SPLp	L	exec
13.183348743097419	1.1567596315922817	100-0%	114	SMA	R	plan
11.680521600589644	1.0253821887316883	75-25%	114	SMA	R	plan
12.937870310059662	1.1411831594782225	50-50%	114	SMA	R	plan
10.084502486606691	0.8894063937886693	25-75%	114	SMA	R	plan
12.65411866918878	1.1109357758400844	0-100%	114	SMA	R	plan
-4.1093746763984855	-0.35582624779305805	100-0%,index	114	SMA	R	exec
-2.9779509786730176	-0.2815750367781071	75-25%,index	114	SMA	R	exec
-3.763030736246579	-0.34894874391509884	50-50%,index	114	SMA	R	exec
-0.6718173993527482	-0.08660604086923387	25-75%,index	114	SMA	R	exec
-0.2373165904068454	-0.02553611528875861	75-25%,ring	114	SMA	R	exec
-1.2579875435975005	-0.1220016747936755	50-50%,ring	114	SMA	R	exec
-0.3950425145557262	-0.04922227604286694	25-75%,ring	114	SMA	R	exec
0.8961196246053107	0.0708384372237809	0-100%,ring	114	SMA	R	exec
6.482681109542106	0.6368432897056003	100-0%	114	PMd	R	plan
6.267079964487089	0.6086651374726222	75-25%	114	PMd	R	plan
6.903114455455232	0.6723220099186663	50-50%	114	PMd	R	plan
5.7119932484227975	0.5598645417363084	25-75%	114	PMd	R	plan
5.688193731662682	0.550531013133069	0-100%	114	PMd	R	plan
-2.848077722631416	-0.25601693770935774	100-0%,index	114	PMd	R	exec
-3.379550123079136	-0.30585356434467886	75-25%,index	114	PMd	R	exec
-2.4510458671921773	-0.23011563827588638	50-50%,index	114	PMd	R	exec
-1.9155339547917194	-0.17957916873079516	25-75%,index	114	PMd	R	exec
0.23048240540813167	0.029112290195508646	75-25%,ring	114	PMd	R	exec
0.10530163325831039	0.02883859080209581	50-50%,ring	114	PMd	R	exec
-1.4774698803819546	-0.11575698453816585	25-75%,ring	114	PMd	R	exec
1.4075950673538222	0.16116362747765836	0-100%,ring	114	PMd	R	exec
5.761807014800361	0.5495325753285848	100-0%	114	PMv	R	plan
6.0917046683399665	0.584495682845194	75-25%	114	PMv	R	plan
6.6450371817509	0.6308047237890064	50-50%	114	PMv	R	plan
4.5151503256781105	0.43991842975670176	25-75%	114	PMv	R	plan
5.203788410440005	0.4956463640504285	0-100%	114	PMv	R	plan
-5.120474780969747	-0.44002145257779324	100-0%,index	114	PMv	R	exec
-5.225693819526425	-0.4613600982369224	75-25%,index	114	PMv	R	exec
-5.337827807673104	-0.4638641276937081	50-50%,index	114	PMv	R	exec
-2.8087053674497877	-0.22414469749376892	25-75%,index	114	PMv	R	exec
-3.1898442460995846	-0.28408722180001006	75-25%,ring	114	PMv	R	exec
-3.7600000723081592	-0.3215507798959822	50-50%,ring	114	PMv	R	exec
-3.6724690879604216	-0.3050987221684151	25-75%,ring	114	PMv	R	exec
-2.967645929625488	-0.2388827052503579	0-100%,ring	114	PMv	R	exec
5.433698739715015	0.5416953131175337	100-0%	114	M1	R	plan
5.025441996320956	0.4817468118991404	75-25%	114	M1	R	plan
5.298714454572663	0.5186319805667952	50-50%	114	M1	R	plan
3.2192155022256643	0.3295988163757059	25-75%	114	M1	R	plan
6.028125192104045	0.571087526419924	0-100%	114	M1	R	plan
-5.3494572996904575	-0.5004905511144714	100-0%,index	114	M1	R	exec
-6.08993303598954	-0.5724558845370662	75-25%,index	114	M1	R	exec
-4.732949369374804	-0.43301690185495617	50-50%,index	114	M1	R	exec
-4.713747107081964	-0.44498607851633654	25-75%,index	114	M1	R	exec
-2.610629488207117	-0.23206982935704135	75-25%,ring	114	M1	R	exec
-2.7016425378196223	-0.2505022019340916	50-50%,ring	114	M1	R	exec
-3.0401389756817605	-0.28783395669309086	25-75%,ring	114	M1	R	exec
-1.870542608992342	-0.1612177328373608	0-100%,ring	114	M1	R	exec
0.9916329314788606	0.1240802144256025	100-0%	114	S1	R	plan
0.590048063229383	0.0750517185959526	75-25%	114	S1	R	plan
0.9895874275218534	0.1120141837439912	50-50%	114	S1	R	plan
-0.8866344560867198	-0.054710465944053474	25-75%	114	S1	R	plan
0.2155649639655037	0.0491129617004751	0-100%	114	S1	R	plan
-0.9373323569810956	-0.1320838770838085	100-0%,index	114	S1	R	exec
-2.194073492870942	-0.23695995271313575	75-25%,index	114	S1	R	exec
-0.735912389442667	-0.10687337225308978	50-50%,index	114	S1	R	exec
0.905675629817369	0.06012222073740315	25-75%,index	114	S1	R	exec
-1.3601382218371239	-0.12626963808305244	75-25%,ring	114	S1	R	exec
-1.2537769438814959	-0.1442731467105253	50-50%,ring	114	S1	R	exec
-0.8211753378795247	-0.09470138645273304	25-75%,ring	114	S1	R	exec
1.944227648233137	0.13269904079610526	0-100%,ring	114	S1	R	exec
4.496990426938942	0.3943767526593256	100-0%	114	SPLa	R	plan
2.8882622057636818	0.2618545655062429	75-25%	114	SPLa	R	plan
3.0303713105232504	0.2756375062925388	50-50%	114	SPLa	R	plan
2.1409971328433026	0.18772713758157009	25-75%	114	SPLa	R	plan
2.79353511762306	0.23634667423038896	0-100%	114	SPLa	R	plan
-1.1176604299016055	-0.10474973921341142	100-0%,index	114	SPLa	R	exec
0.3268723625984984	0.012829735051971361	75-25%,index	114	SPLa	R	exec
1.5136258084883856	0.11794223217449641	50-50%,index	114	SPLa	R	exec
2.4632630096268406	0.2033394126293547	25-75%,index	114	SPLa	R	exec
2.9711865654205614	0.24252828897741957	75-25%,ring	114	SPLa	R	exec
4.134810446275725	0.3448337097037776	50-50%,ring	114	SPLa	R	exec
2.2210634840339107	0.19132523852285416	25-75%,ring	114	SPLa	R	exec
5.222610108648456	0.44193177488345214	0-100%,ring	114	SPLa	R	exec
3.286794273519439	0.28467255341162784	100-0%	114	SPLp	R	plan
2.1530152647682064	0.18950534814791162	75-25%	114	SPLp	R	plan
1.7709938265806855	0.15492437342246043	50-50%	114	SPLp	R	plan
1.514506511050405	0.14137590660726973	25-75%	114	SPLp	R	plan
1.375763579469523	0.12377775566627888	0-100%	114	SPLp	R	plan
-3.1763099268383277	-0.25892359005017374	100-0%,index	114	SPLp	R	exec
-0.9031988063447153	-0.07373287229509448	75-25%,index	114	SPLp	R	exec
0.85358400694811	0.0731927799234201	50-50%,index	114	SPLp	R	exec
0.36302723454499936	0.03292433263031792	25-75%,index	114	SPLp	R	exec
1.243834201999647	0.11137889206905047	75-25%,ring	114	SPLp	R	exec
3.2818829001466368	0.2615205923337326	50-50%,ring	114	SPLp	R	exec
1.5045632401568485	0.13797754151714509	25-75%,ring	114	SPLp	R	exec
3.120688079102362	0.26598051357083313	0-100%,ring	114	SPLp	R	exec
2.8434615138691735	0.5276674347485864	100-0%	115	SMA	L	plan
1.5890105800857877	0.3409436519629642	75-25%	115	SMA	L	plan
1.841522534958797	0.36106150630624834	50-50%	115	SMA	L	plan
1.1240853333909258	0.2739658752476889	25-75%	115	SMA	L	plan
1.0442687602543628	0.2733572657869033	0-100%	115	SMA	L	plan
2.4523899597448797	0.43746114337221254	100-0%,index	115	SMA	L	exec
3.5945707452811333	0.5985753253667656	75-25%,index	115	SMA	L	exec
2.2752033095392914	0.3820410829495371	50-50%,index	115	SMA	L	exec
4.351701970248021	0.6866419946010744	25-75%,index	115	SMA	L	exec
3.0671668643223198	0.571093183323116	75-25%,ring	115	SMA	L	exec
3.52726699448497	0.5773794745531149	50-50%,ring	115	SMA	L	exec
3.2091773972099666	0.5614954088122497	25-75%,ring	115	SMA	L	exec
2.689230138382683	0.4567648242202006	0-100%,ring	115	SMA	L	exec
5.1845418783222605	0.8178231144432642	100-0%	115	PMd	L	plan
3.174269097483933	0.505035923432919	75-25%	115	PMd	L	plan
2.672886100043465	0.4418457452229806	50-50%	115	PMd	L	plan
2.619250378800189	0.43659512402187167	25-75%	115	PMd	L	plan
2.3417008013810974	0.3833133216955036	0-100%	115	PMd	L	plan
2.788206016668357	0.4110510056330399	100-0%,index	115	PMd	L	exec
5.225109316728717	0.7990520882703681	75-25%,index	115	PMd	L	exec
4.145163381728682	0.6100333217494708	50-50%,index	115	PMd	L	exec
6.47124274467045	0.9316981871451155	25-75%,index	115	PMd	L	exec
6.843808864635883	1.008704025777864	75-25%,ring	115	PMd	L	exec
5.356336008243854	0.8056053588141787	50-50%,ring	115	PMd	L	exec
4.322526533314926	0.6726431779030925	25-75%,ring	115	PMd	L	exec
3.295455478680075	0.5080837198126181	0-100%,ring	115	PMd	L	exec
2.96352809611363	0.49409103917531627	100-0%	115	PMv	L	plan
1.6856169698173524	0.29963470366265077	75-25%	115	PMv	L	plan
1.5321196644967938	0.2750173125225759	50-50%	115	PMv	L	plan
1.139876367410438	0.219944421139633	25-75%	115	PMv	L	plan
0.8867060072507431	0.19450833115444566	0-100%	115	PMv	L	plan
0.8535228483068447	0.10665804583467854	100-0%,index	115	PMv	L	exec
1.570509147050756	0.2486667173058451	75-25%,index	115	PMv	L	exec
0.5986998353498402	0.09518493864743505	50-50%,index	115	PMv	L	exec
0.19032478950081255	0.020029082652585278	25-75%,index	115	PMv	L	exec
2.646541854699522	0.39933425285905283	75-25%,ring	115	PMv	L	exec
2.0025933338605144	0.2765703747098218	50-50%,ring	115	PMv	L	exec
1.276458625169471	0.16226656935441244	25-75%,ring	115	PMv	L	exec
1.3689687308475926	0.18803270221238608	0-100%,ring	115	PMv	L	exec
-0.3768669809508773	-0.02188979732460682	100-0%	115	M1	L	plan
-1.163452077998406	-0.12902267249737337	75-25%	115	M1	L	plan
-3.2415985528857667	-0.4383469902860027	50-50%	115	M1	L	plan
-2.4479968111901385	-0.3217406081644602	25-75%	115	M1	L	plan
-4.1956657409751426	-0.5886664771566892	0-100%	115	M1	L	plan
8.57562038447336	1.2611525739585105	100-0%,index	115	M1	L	exec
10.189218718869624	1.5073165745097885	75-25%,index	115	M1	L	exec
8.24793841938968	1.2016894541509628	50-50%,index	115	M1	L	exec
8.654569107146703	1.226898249611211	25-75%,index	115	M1	L	exec
10.676556938701516	1.5516741766315523	75-25%,ring	115	M1	L	exec
8.645436605738283	1.2775285508969225	50-50%,ring	115	M1	L	exec
10.26042574013407	1.5212399455656576	25-75%,ring	115	M1	L	exec
8.999586525052603	1.3396876893573404	0-100%,ring	115	M1	L	exec
0.22573342051217601	0.07798004440085676	100-0%	115	S1	L	plan
-0.6129470767202272	-0.0287081887988349	75-25%	115	S1	L	plan
-2.8171946965426122	-0.335785037887623	50-50%	115	S1	L	plan
-1.935558843518466	-0.2147276134105246	25-75%	115	S1	L	plan
-3.123118107464529	-0.37791370216895864	0-100%	115	S1	L	plan
7.419348164477642	0.9916718692921747	100-0%,index	115	S1	L	exec
9.261181627176773	1.2573281731734685	75-25%,index	115	S1	L	exec
8.354467589323026	1.1170357811889866	50-50%,index	115	S1	L	exec
8.749573832837196	1.1201690064716296	25-75%,index	115	S1	L	exec
11.514311593454492	1.4725755131984233	75-25%,ring	115	S1	L	exec
9.382324869503158	1.2483586543776954	50-50%,ring	115	S1	L	exec
9.24192759106596	1.2445584872005313	25-75%,ring	115	S1	L	exec
7.700765543976609	1.0545370538253338	0-100%,ring	115	S1	L	exec
9.65866375194985	1.0987210890747787	100-0%	115	SPLa	L	plan
7.827405793065411	0.8825105458920202	75-25%	115	SPLa	L	plan
8.309510761595872	0.9315977801046109	50-50%	115	SPLa	L	plan
7.6275307940331585	0.8755298129728434	25-75%	115	SPLa	L	plan
7.939950014648922	0.8913740219975429	0-100%	115	SPLa	L	plan
6.313024935297448	0.7290885445611839	100-0%,index	115	SPLa	L	exec
8.029042215668888	0.9260193206531364	75-25%,index	115	SPLa	L	exec
7.116986391506003	0.8260579541565432	50-50%,index	115	SPLa	L	exec
8.02137285828215	0.9311785927588209	25-75%,index	115	SPLa	L	exec
9.556147525676346	1.078707118120182	75-25%,ring	115	SPLa	L	exec
8.609596318562208	1.0083341187967765	50-50%,ring	115	SPLa	L	exec
9.506235085748024	1.1121480932939547	25-75%,ring	115	SPLa	L	exec
6.108955492319029	0.7500905020692973	0-100%,ring	115	SPLa	L	exec
7.026130971258653	0.9293326950865795	100-0%	115	SPLp	L	plan
4.945958421272372	0.668851806331413	75-25%	115	SPLp	L	plan
6.883292574217427	0.9073596650674249	50-50%	115	SPLp	L	plan
4.914944666852874	0.6629690968641405	25-75%	115	SPLp	L	plan
8.218622586329777	1.0571061869997236	0-100%	115	SPLp	L	plan
4.864023468430263	0.6353086620153428	100-0%,index	115	SPLp	L	exec
4.158714147743876	0.5738277117166328	75-25%,index	115	SPLp	L	exec
5.1752016042033535	0.6821215613964069	50-50%,index	115	SPLp	L	exec
3.722838743432698	0.5070233188162266	25-75%,index	115	SPLp	L	exec
7.419168996603272	0.9264581965569192	75-25%,ring	115	SPLp	L	exec
5.934087051784829	0.7754774104359474	50-50%,ring	115	SPLp	L	exec
6.126313335155354	0.809122094575249	25-75%,ring	115	SPLp	L	exec
2.8922200938871994	0.4139659820141668	0-100%,ring	115	SPLp	L	exec
2.8377542020174533	0.48295192881309207	100-0%	115	SMA	R	plan
1.9955513409291397	0.3618927711430131	75-25%	115	SMA	R	plan
1.87086187668826	0.3325870639681685	50-50%	115	SMA	R	plan
1.4554586873353204	0.25856956797560504	25-75%	115	SMA	R	plan
0.8901676439215044	0.15354311741383012	0-100%	115	SMA	R	plan
0.18742978334719487	-0.013479461245989954	100-0%,index	115	SMA	R	exec
1.2906071293164494	0.16948925536988435	75-25%,index	115	SMA	R	exec
1.0291832791054023	0.12712228460497835	50-50%,index	115	SMA	R	exec
1.9425215039790935	0.27022726012280285	25-75%,index	115	SMA	R	exec
1.3194544558344543	0.16852466730676058	75-25%,ring	115	SMA	R	exec
1.129570294703561	0.1573504814298418	50-50%,ring	115	SMA	R	exec
0.8188678200453834	0.10074655421117511	25-75%,ring	115	SMA	R	exec
0.9391443430372937	0.14387876010616718	0-100%,ring	115	SMA	R	exec
2.6271589139006517	0.3886090691033659	100-0%	115	PMd	R	plan
2.1760827517609256	0.32438821486208136	75-25%	115	PMd	R	plan
2.478409757790648	0.36040071829638215	50-50%	115	PMd	R	plan
2.548834792113353	0.38418900604998557	25-75%	115	PMd	R	plan
1.7379521766646617	0.250868069665701	0-100%	115	PMd	R	plan
0.5341403336822502	0.07332446767269223	100-0%,index	115	PMd	R	exec
0.6401330517342748	0.09311198493357407	75-25%,index	115	PMd	R	exec
-0.4854259640431997	-0.0754197559445976	50-50%,index	115	PMd	R	exec
-1.082298156973677	-0.15587067313547442	25-75%,index	115	PMd	R	exec
3.487183228860245	0.5295937261449197	75-25%,ring	115	PMd	R	exec
2.235978906245579	0.336270462917635	50-50%,ring	115	PMd	R	exec
2.6071545382003665	0.3982734502193604	25-75%,ring	115	PMd	R	exec
1.4225124005871366	0.22877649972893108	0-100%,ring	115	PMd	R	exec
4.446842483005713	0.5974969177857559	100-0%	115	PMv	R	plan
4.021922291731138	0.5172405904129966	75-25%	115	PMv	R	plan
5.845882361826692	0.7653236213691834	50-50%	115	PMv	R	plan
5.694092605277378	0.7437326640404637	25-75%	115	PMv	R	plan
5.856268338966957	0.7507774377598222	0-100%	115	PMv	R	plan
-1.0711307191509307	-0.19575288920099093	100-0%,index	115	PMv	R	exec
-0.9778146857726585	-0.15035261920175305	75-25%,index	115	PMv	R	exec
-3.929995337997394	-0.5726471571406326	50-50%,index	115	PMv	R	exec
-7.065805333821125	-0.9906882343686252	25-75%,index	115	PMv	R	exec
2.1373004730193945	0.2460181723721712	75-25%,ring	115	PMv	R	exec
4.509846022032547	0.5775613394818033	50-50%,ring	115	PMv	R	exec
1.46990552308437	0.1641088111801421	25-75%,ring	115	PMv	R	exec
1.455442706630008	0.1771574226452938	0-100%,ring	115	PMv	R	exec
3.983544910775715	0.5235748058471588	100-0%	115	M1	R	plan
3.867362861739008	0.5122942808746044	75-25%	115	M1	R	plan
4.514540031089017	0.5910556227459837	50-50%	115	M1	R	plan
3.796442324115994	0.526479018251128	25-75%	115	M1	R	plan
4.827948244940962	0.65577181896105	0-100%	115	M1	R	plan
0.4502454053771299	0.05815895883423196	100-0%,index	115	M1	R	exec
0.6679502195740109	0.10581779223039443	75-25%,index	115	M1	R	exec
-0.1975009822650685	-0.022373399409456037	50-50%,index	115	M1	R	exec
0.15184998238544326	0.020285573561065997	25-75%,index	115	M1	R	exec
2.063536212415562	0.26769670936264817	75-25%,ring	115	M1	R	exec
2.7804491148439006	0.3721913779284427	50-50%,ring	115	M1	R	exec
2.993437579535137	0.40153179365815356	25-75%,ring	115	M1	R	exec
1.0367642971332454	0.15656027454143592	0-100%,ring	115	M1	R	exec
7.998200082363774	1.041191150841535	100-0%	115	S1	R	plan
7.114816449137766	0.9254379356995877	75-25%	115	S1	R	plan
7.558851565208416	0.9691107026351584	50-50%	115	S1	R	plan
7.826466990653333	1.0354141808389854	25-75%	115	S1	R	plan
7.5761606285703	0.9866936661715464	0-100%	115	S1	R	plan
2.7036588843944322	0.3166153631945122	100-0%,index	115	S1	R	exec
3.4595061180362507	0.42587271321800546	75-25%,index	115	S1	R	exec
3.222199441945245	0.3859463805842623	50-50%,index	115	S1	R	exec
3.492426554929113	0.39175511895441434	25-75%,index	115	S1	R	exec
6.548746015383533	0.8112073984309125	75-25%,ring	115	S1	R	exec
5.917450525316025	0.7344245768565242	50-50%,ring	115	S1	R	exec
5.513170154922554	0.6639206477317261	25-75%,ring	115	S1	R	exec
3.455851902435557	0.4346221189052484	0-100%,ring	115	S1	R	exec
6.39258127835147	0.8546627078433328	100-0%	115	SPLa	R	plan
4.98235779527066	0.6631033376889617	75-25%	115	SPLa	R	plan
5.925778488424036	0.7805810548338034	50-50%	115	SPLa	R	plan
4.482900781479139	0.603134141208203	25-75%	115	SPLa	R	plan
4.252180480784627	0.5714667307307536	0-100%	115	SPLa	R	plan
2.013677865678434	0.25692779314934644	100-0%,index	115	SPLa	R	exec
1.9615833346284308	0.2612502042898591	75-25%,index	115	SPLa	R	exec
3.710113336049144	0.48819432228952386	50-50%,index	115	SPLa	R	exec
4.683344967382219	0.6063289865954883	25-75%,index	115	SPLa	R	exec
5.766545398547687	0.7512587374124148	75-25%,ring	115	SPLa	R	exec
4.093685281339477	0.5322358486396196	50-50%,ring	115	SPLa	R	exec
4.4336075045410235	0.5739709827846835	25-75%,ring	115	SPLa	R	exec
0.7794848934461708	0.10620031111676427	0-100%,ring	115	SPLa	R	exec
6.07552552278519	0.9159175608455273	100-0%	115	SPLp	R	plan
4.869177055288149	0.7363230859947346	75-25%	115	SPLp	R	plan
5.916861202222392	0.8859196864989257	50-50%	115	SPLp	R	plan
4.790707576356559	0.7373020956689794	25-75%	115	SPLp	R	plan
5.502943535683472	0.8268260240363225	0-100%	115	SPLp	R	plan
3.8531536609752512	0.5805619998898687	100-0%,index	115	SPLp	R	exec
3.8715886437948117	0.5882252663250153	75-25%,index	115	SPLp	R	exec
3.954766627572999	0.6014540230060373	50-50%,index	115	SPLp	R	exec
4.172049882487884	0.6171773930936334	25-75%,index	115	SPLp	R	exec
5.464276647059695	0.8178516944120097	75-25%,ring	115	SPLp	R	exec
4.866215207849934	0.7466439830293251	50-50%,ring	115	SPLp	R	exec
6.02943457319288	0.9085166169495243	25-75%,ring	115	SPLp	R	exec
4.1285639243562375	0.6317880379578826	0-100%,ring	115	SPLp	R	exec
