102	103	104	105	106	107	108	109	110	111	112	113	114	115	time	GoNogo	kind	Hem	roi
322.28709647050346	255.68290605784503	269.2113830943289	229.84881265227116	257.35975286962315	269.6072889025614	288.4066920156902	293.75080721954004	232.96207142165758	207.29956861888914	232.50698897773907	321.71719064666286	313.3404191976843	187.38547422381993	-3.0	go	raw	L	SMA
322.4070099863459	255.51614149396454	268.96844953154704	229.14001874593444	256.9202337381776	269.085304224753	288.12109690315793	293.4993219438297	232.87698301493094	207.16513568147099	231.84344202627076	321.58438329461706	312.9888784610247	187.54231917305185	-2.0	go	raw	L	SMA
322.243142745471	255.42595871317695	268.6876758910236	229.06341613979907	256.4848293171848	268.7719234011333	287.62548253084464	292.9151490006805	232.70850759093042	207.15534394959718	231.1260686274076	321.266870594189	312.74440533865175	187.957049713759	-1.0	go	raw	L	SMA
322.2995426167527	255.34592401094156	268.9159160003375	228.53190522184045	256.45050754526557	268.6572616793417	286.25249000166843	292.4587923181082	232.59513657978033	207.35367658451088	230.47539159895942	321.17653809137926	312.9465952485741	187.5319366648846	0.0	go	raw	L	SMA
322.21652004131204	255.47339003059022	269.2138511151295	231.17186537646916	256.8366491670155	268.8855963797759	286.73301818850115	292.1163599351664	232.674091560339	207.72544796486	231.71855691645862	321.38453827187936	313.98946778015005	188.67943595412356	1.0	go	raw	L	SMA
322.7291265138027	255.80313019191098	269.48936694143543	232.51299647882044	258.3357235844591	269.3647436356186	286.999390975422	292.35937305955053	232.9081084601168	208.4051970931539	232.5813920194953	321.8386874868612	314.75429672845064	188.99707646939936	2.0	go	raw	L	SMA
323.2349240077686	256.12626324738164	269.7074567566498	232.9556494298518	260.06565468849885	270.40193739061004	287.7750700069827	294.35026263954825	233.32363369996088	208.15390330556397	233.70662462794755	322.68268866593644	315.35898408352267	189.21375714035588	3.0	go	raw	L	SMA
322.8595838228044	256.2027597456739	269.9946859961017	232.44587071078766	260.07621001567384	270.73721321518315	288.4072716135051	295.18927790813336	233.3752791082411	207.45543199511772	233.87360264584936	322.8141682430865	315.15359526672995	188.66239783432022	4.0	go	raw	L	SMA
322.7590478889116	256.10486865556413	269.52447917414224	231.57346807318513	258.96716811360386	269.87659350156	288.3179167618588	294.2450061820261	233.04801208833666	207.26306620825284	233.16229582868328	322.3306603309617	314.23581783201405	187.67783665001053	5.0	go	raw	L	SMA
323.1459755358478	255.88208968987914	269.52797089998523	231.11830128085685	258.01620099939987	269.40454406287535	288.0975622540005	293.8219359752864	233.02307034309752	207.197520112802	232.63829268613165	321.64960047710304	313.3449902485937	187.21081252821284	6.0	go	raw	L	SMA
322.70391827842906	255.6054092284782	269.47393750258993	230.42916820095974	257.07253704566193	268.903654431205	287.7866640009128	293.288661650461	232.9325165786686	207.15596595560342	231.4911055759387	321.16979116432975	312.8424396106377	187.3270291571272	7.0	go	raw	L	SMA
322.47788906993617	255.20949227415986	269.027367099712	229.65540844091785	256.69037675832135	268.465960559116	287.24857009242857	292.6379931296489	232.7542295764028	207.02555700579336	230.80600691100366	321.0094781852521	312.56457802917396	187.81116479701237	8.0	go	raw	L	SMA
322.57984708213183	255.0275986814347	268.78026104882247	228.8128911144518	256.1748870873228	268.29610975200495	286.4834261911396	292.34197245288885	232.643719217549	206.8307787223572	230.27901158285414	320.5886159995658	312.5196032792886	188.27727065853497	9.0	go	raw	L	SMA
322.30563569962766	255.13390553018482	268.9372059774606	229.07551477220383	255.90878898921633	268.1664117482342	286.0466045530418	292.0785349795636	232.5571383225136	206.98747588245197	230.6105167113398	320.674818960832	313.09073111743555	188.66979793875095	10.0	go	raw	L	SMA
322.05502219066165	255.149288106757	269.02086427725527	230.19411820737574	256.3329522277556	268.3652662735932	286.16259486618674	291.93761927021023	232.5633455624707	207.49062737235272	231.46692982623037	320.922184002052	313.91405180892775	189.150121763876	11.0	go	raw	L	SMA
322.22599375467536	255.28642252292076	269.1839251480549	230.83558839646042	257.2735467915382	269.06326260015265	286.42212919728104	292.5886636836453	232.76489823453838	207.61135978851289	232.33504367958318	321.34162008223353	314.4194999696918	189.15524129608468	12.0	go	raw	L	SMA
321.8694565382709	255.5318268304455	269.3213240378252	230.79194679629484	257.77443038633595	269.71171288819187	286.9022116037868	293.3593986507625	232.84926131866814	207.1710050730208	232.83349360382013	321.7561671380046	314.5825732594496	189.0060566396263	13.0	go	raw	L	SMA
321.6907522942372	255.64377856916732	269.13413267935147	230.19763211294168	257.4654557207037	269.73177853070536	287.1009153745304	293.61949157467564	232.8812894472384	206.77517521952342	232.67876143170363	322.32141243257564	314.1572630612946	188.2495050291466	14.0	go	raw	L	SMA
321.5598772978614	255.60082273059666	268.9507290322841	229.6921758976019	256.8956989423236	269.44875982227256	287.19512058293043	293.40610305191075	232.8315951072474	206.64032173050992	232.3179369141353	322.1646908272359	313.3012720796662	187.5927102054716	15.0	go	raw	L	SMA
321.5495085988088	255.5296684429706	269.05350129275695	229.24367612344204	256.2687414305085	269.3045844117846	287.01636562787604	293.31208468436307	232.84172419092974	206.86029658966598	231.76036143191857	321.64012044123393	312.88968701441036	187.37383792377702	16.0	go	raw	L	SMA
0.05076481035591058	0.1181147655435616	0.07558677928663447	-0.9382810289807618	-0.061726561797542635	0.43899528926660575	0.319110822170851	0.6022383554164668	0.08105135659958172	-0.2553191227462434	0.10207704383420899	0.5267484026380198	-0.24231057138490167	-0.3330998433304698	-3.0	go	hat	L	SMA
0.1316687754637118	-0.07555591272903607	-0.18209908469316025	-1.8451476235635462	-1.0123611301474784	-0.1801732094419962	0.11129468533588649	0.2421410136738247	-0.017513531086230546	-0.369333480543355	-0.5010466125482524	0.2613764128540204	-0.7000043437474375	-0.4830014778333133	-2.0	go	hat	L	SMA
0.12560226583078693	-0.23100744923466443	-0.3874564316998271	-2.161757732808065	-1.7221667793199888	-0.6906746014405846	-0.10771407832044484	-0.09294413678126037	-0.10478366538232461	-0.41146196918976513	-0.9269079209333907	0.06306973043305754	-0.975508040189474	-0.2618452225783639	-1.0	go	hat	L	SMA
0.0363994987112937	-0.24764825821100678	-0.3836342656131593	-1.2837139541977691	-1.6231077758575891	-0.9504562340800158	-0.3837962477988464	-0.43773869659311293	-0.1541975766844458	-0.19137999733553945	-0.7901941884551413	0.09155349502116499	-0.5564746726259175	0.2119045332826064	0.0	go	hat	L	SMA
-0.13834568124911806	-0.0978030417447229	-0.13598577016875865	0.21283009986877005	-0.5938125820487037	-0.6286832623035918	-0.6530061230009865	-0.7068928457005949	-0.14057340416005748	0.28213303166309867	-0.05272388396812809	0.37123173193051723	0.5595359403567528	0.708279793083142	1.0	go	hat	L	SMA
-0.33819452582090814	0.2168506031738883	0.3021132152500167	2.5132907896067396	1.0606258037001022	0.3313578484404292	-0.41989969480528655	-0.28624201902143864	0.008643464316346194	0.6333959723096769	0.9602861810488588	0.8284484800467049	1.5437917247017656	1.21103749122376	2.0	go	hat	L	SMA
-0.3728953715493904	0.585211851253788	0.7725277970001965	4.087517884461008	2.6901292746812264	1.3168489215731045	0.38106932983746106	0.8670919346287571	0.2549301045121868	0.6388652898734792	1.8359627628023951	1.2992780950159875	1.8243092534766296	1.1578208572908222	3.0	go	hat	L	SMA
-0.12722282609471736	0.7939474526635355	1.0104228144050487	3.913395708931552	3.416128196888306	1.6557042669356627	1.14037434886169	1.8870628565911896	0.4360941625193096	0.3990081982683313	2.1239281519344186	1.5287209827802686	1.4677032571220894	0.7369428023795336	4.0	go	hat	L	SMA
0.27532635389572435	0.76036331301267	0.9270949112821111	2.5383810589720146	3.007826339586622	1.2473914385830749	1.4279553955703699	2.1902588718322087	0.46427560498850495	0.10120832772390889	1.7576621968187265	1.4339095546927776	0.8163422198654089	0.28110250616825	5.0	go	hat	L	SMA
0.6158221187399195	0.5482863897891139	0.6239767571042387	0.8643056428399354	1.8714559736279082	0.44403803920504054	1.255168759597499	1.837044259791024	0.36584747435228326	-0.14005421566504514	1.0063584394094067	1.1140109515562042	0.15483058994261403	-0.06640842627241582	6.0	go	hat	L	SMA
0.7623115953028986	0.2659346293040621	0.24755073144036918	-0.5956752686385006	0.5281566310391324	-0.3611775210692308	0.8457488021578757	1.1812092542970933	0.21223229428184745	-0.29942651652975294	0.18085883626798263	0.7149740415129368	-0.3939857330098465	-0.3195792321265408	7.0	go	hat	L	SMA
0.7126587388393446	-0.0034175095423141415	-0.10084199156235697	-1.6381895735534244	-0.6726215044055346	-0.9632218254296319	0.40363550489931843	0.5287342646155976	0.0613883331488523	-0.39176154958752396	-0.5223334393137412	0.3441668715645944	-0.8130758226787058	-0.38499895445992205	8.0	go	hat	L	SMA
0.5363362094876353	-0.17472437191117685	-0.30512772807133065	-1.5859857920155562	-1.3083439613668384	-1.3063491440217678	0.0040040209290914406	-0.026222219176440804	-0.05437697887913227	-0.32978395215009654	-0.8350194628510534	0.14042030215272255	-0.8587536156705798	0.03476837068010953	9.0	go	hat	L	SMA
0.2990765130563632	-0.1818279151326166	-0.24245328365746632	-0.5494381889843459	-0.9482602747759424	-1.2358145411778352	-0.36293453077746407	-0.5133994288426024	-0.11211071255634163	-0.011691137202821835	-0.49494709805710424	0.22345572793399324	-0.1932296473534474	0.45705792224599284	10.0	go	hat	L	SMA
0.05317026520602894	-0.057589915328458745	0.00961015514169266	0.7032659926311455	0.037922645213920914	-0.56185794628573	-0.559919537057704	-0.7070395059084426	-0.09036396130288615	0.33687482646964095	0.22300284268797987	0.4860616677766027	0.7354368243262038	0.7712153036780176	11.0	go	hat	L	SMA
-0.13455369512913953	0.14000711718773284	0.3106482466024252	1.645205681223882	1.0002413461265243	0.4706553501152998	-0.43316204971227407	-0.32243266894587036	0.013552112293070791	0.4615054193734145	0.8937969676589969	0.802491033758213	1.2537431018365117	0.8133965805490493	12.0	go	hat	L	SMA
-0.2250737067506754	0.3026332372065213	0.5100267205778919	1.710817356927945	1.4542941111491121	1.2769901473797962	-0.11780636866707425	0.3700087126297799	0.130987704002996	0.3617196709881197	1.2069747598685836	1.0252021383744767	1.1803712455291984	0.5464353556252234	13.0	go	hat	L	SMA
-0.23641293691100038	0.33947591000878136	0.5151195381817051	0.9871587411106548	1.2425894492552387	1.487048616768295	0.1313913345698309	0.8609311633726863	0.1836920517218347	0.15979009800208835	1.0655855231644122	1.0453731812933122	0.7380141169129516	0.19158946718645922	14.0	go	hat	L	SMA
-0.21289302247513578	0.24861050554193798	0.35090692466390877	-0.036712996034327074	0.5511536762124475	1.153328135363513	0.20132218473381297	0.9401987656454263	0.15403166827903114	-0.04099189161025433	0.6044864359614361	0.8787017090109657	0.19925328543231433	-0.10128559065292492	15.0	go	hat	L	SMA
-0.18931718828020813	0.0852762117249016	0.1049614607946273	-0.9892614564887032	-0.3141216063142867	0.5499350367283639	0.12853852169679902	0.7106304473658931	0.07265982140438763	-0.195475383941016	0.03541575282639392	0.6150491371278136	-0.28099361940318857	-0.3081864876768475	16.0	go	hat	L	SMA
-0.42232840499693397	0.1874818547724215	0.21813308017745925	-0.4044710182243263	0.047150420682629694	0.4003306605724266	0.8724193827087096	0.6738866092934981	0.1577958471984608	0.032329517086766936	0.5241937672012608	0.7294518409537832	-0.6173350692190046	-0.8433632855501676	-3.0	go	adj	L	SMA
-0.11042695124663693	-0.025412942640471874	-0.14949223233018538	-1.6464821118718018	-0.5658941828266681	-0.4338201099909482	0.6062535635499118	0.4520931011836941	0.06927108709330691	-0.2858529781429356	-0.22290694119103113	0.6023978183682378	-1.0167073211860067	-0.5842815584214791	-2.0	go	adj	L	SMA
-0.44617540046559756	-0.13068491698898735	-0.6293290187185261	-1.7096128923707234	-1.2904325916575614	-0.9264066934259572	0.03319503244646909	-0.3598913783604548	-0.13783412619881277	-0.3915820029033736	-1.1811571378653531	0.19278657184780845	-1.3938373674222682	0.07863424925679291	-1.0	go	adj	L	SMA
-0.33231028156003484	-0.2520577860670235	-0.27939292732033477	-3.0844623553455794	-1.4957214274687982	-1.0850955708180718	-2.169646799370921	-1.0273991034380512	-0.30552327033602755	-0.12666383981023868	-2.2373060438487844	0.056641954743861585	-1.1749415465801116	-0.9679113659794731	0.0	go	adj	L	SMA
-0.5003906131410056	-0.09334257383367359	0.13965907447649903	1.6224198995966104	-1.05984432904701	-0.7494472693014844	-1.175238612796631	-1.6714285665408086	-0.22797807397019607	0.48141839410155685	-0.44216936554625885	0.27260465036167075	0.3823065044244408	0.899008840849007	1.0	go	adj	L	SMA
0.41002270940045993	0.34915832893001275	0.5002236720050403	3.6049742457963605	1.3822177799110338	0.017639023809718678	-0.7608921878350143	-1.444425258054857	0.05941989920308623	1.7913231142136936	0.6313232392386849	0.775077559061759	1.446698877277335	1.248806367632284	2.0	go	adj	L	SMA
1.333122695838338	0.7955242291557917	0.8022229211949756	4.210077982291009	4.312191433336154	1.9875226295096873	0.4947917272707893	1.935761059401228	0.5885418974785771	1.321073788253775	2.2288937643915414	1.8507379626211946	2.3856348655025377	1.6719808459520362	3.0	go	adj	L	SMA
0.6034987449746952	0.903343049651821	1.2763497297942057	3.202743808454454	4.293081571626572	2.6428292225742034	1.4670007807470267	3.294012999432738	0.6613415538197478	0.05823472067315183	2.4760273208006205	2.0337398240843108	2.1177201973884237	0.9108406975595689	4.0	go	adj	L	SMA
0.4157590224430928	0.7937539823018397	0.4866172461100207	1.7611032428168647	2.4266774293115088	1.0197857326636814	1.2619329013666902	1.569699841871253	0.2561727867078123	-0.1372597678729335	1.5113781069995957	1.4593129600600443	0.7656920208855197	-0.5509917680185887	5.0	go	adj	L	SMA
1.1121564392149188	0.52132739959113	0.5817892730569637	1.3986739646116824	1.0038797871034524	0.37857801232313953	0.9849928926625282	1.0136619704569731	0.24425732952235696	-0.09578644450439662	1.0298787097560607	0.6723844891773535	-0.41385585214526444	-1.1547799352911556	6.0	go	adj	L	SMA
0.46842839456179997	0.191094186437582	0.5971337168362506	0.4893164519160156	-0.28581857630974594	-0.34958531028838924	0.6566931372497472	0.3595264891143371	0.15784223232439715	-0.09753180279836224	-0.4273923281526986	0.14774931905899522	-0.9781680179120046	-0.9205354398445049	7.0	go	adj	L	SMA
0.15037522863027095	-0.3216483930774431	-0.09110354007338445	-0.5739154052768277	-0.6315257821490902	-0.9908720765620429	0.012314103271992867	-0.5003691193552876	-0.034706457607400085	-0.3111939795357739	-1.2113459108025917	0.033675897629183146	-1.2859566377561495	-0.21857998575868817	8.0	go	adj	L	SMA
0.4668468193972874	-0.5423300831323534	-0.42349366718278464	-2.0605768500521173	-1.3413576490899841	-1.1669424724116975	-1.0262549980866558	-0.7818051273672799	-0.161756658366255	-0.6692583238229963	-1.921667251507646	-0.5169837612396226	-1.3768754061854105	0.35159951523793065	9.0	go	adj	L	SMA
0.14130324042171305	-0.36562391608026257	-0.12240241449329896	-1.4822373222702614	-1.783340075353921	-1.3757980193641648	-1.5914665798194128	-1.1456013420243452	-0.2790624755299474	-0.38931632946267475	-1.4611794421934086	-0.4080842411457404	-0.5439244816135522	0.7783817090913328	10.0	go	adj	L	SMA
-0.1710145740347424	-0.3552083799511448	0.02252343387577253	0.486820187313228	-1.0687711008108025	-1.0725780758750003	-1.2939697681309925	-1.4465199486156224	-0.27906523309176134	0.5967372644190699	-0.31745255365585023	-0.1277339202158735	0.6488882720226815	1.4771634534266291	11.0	go	adj	L	SMA
0.3820030453192733	-0.17220681745194483	0.2882778585975204	1.6243874330550634	0.5671843453402446	0.1596296823427089	-0.8622379752712024	-0.3848958339031365	-0.025998749608963773	0.891182045354128	0.8242265567892219	0.35740361222434824	1.3562809537221647	1.4613635677698324	12.0	go	adj	L	SMA
-0.16211144638899008	0.16955850029528866	0.5437003748661824	1.5804720873934976	1.4552518318370615	1.3207617513356413	-0.09255149675000234	0.86770713819839	0.08202398181769974	0.10664896639887439	1.4881277642553132	0.8143420736356666	1.6345963981815053	1.3862701749629076	13.0	go	adj	L	SMA
-0.2388172499181555	0.3250253679601486	0.24333282892016136	0.5815619247971557	0.960476763262629	1.3006478143453866	0.18102725752812635	1.2224006806518426	0.13419401013660737	-0.5676829873563979	1.2680708918375088	1.6040556543981586	1.0313623266398113	0.31400457922025166	14.0	go	adj	L	SMA
-0.40597660101813743	0.2694683697540654	-0.0176075428951601	-0.077367897705934	0.07427105003912453	0.7946393201713511	0.3355004282502111	0.8028445595162743	0.08370323462929018	-0.7110412140264462	0.8691394569979514	1.414231542735318	-0.18029102453310117	-0.5738270544835646	15.0	go	adj	L	SMA
-0.2887216000615917	0.1867852253877981	0.2312577948518744	-0.6252408025948067	-0.8394649473453485	0.6490653971638796	0.09251041300020417	0.7067573663548014	0.11900070940609998	-0.23131102145390234	0.24230509004008177	0.7577187088293257	-0.6304402168463608	-0.7989519132581179	16.0	go	adj	L	SMA
323.74516043794426	255.43407535738672	268.5651705859145	228.91069408849785	256.81022724526537	269.28609660472364	287.6578418890049	293.68067681892353	232.97777055435483	207.29769542940855	232.17515133659924	321.4530960629356	313.0035575071198	187.42984414332142	-3.0	nogo	raw	L	SMA
323.215696840371	255.27277218232106	268.2471204115478	228.8770450400771	256.3133114805213	268.6223146686895	287.2457951939675	293.17740392139274	232.82357503086334	207.2785839039725	231.53548328148597	321.07359577425797	312.7978284980489	187.73199858890513	-2.0	nogo	raw	L	SMA
323.4624859475092	255.2053877215251	268.124189168327	228.85611355533752	255.85652185199896	268.31166980628825	286.77300861230594	292.8502524952929	232.6331729041586	207.1579873501389	231.4233516028233	320.3916969625374	312.7859199239403	188.0751396842852	-1.0	nogo	raw	L	SMA
322.76831592954784	255.28219896426356	268.22299939560673	228.82257687037531	255.727626965595	268.17464136597005	286.4247168289382	292.5619914064818	232.59655548867084	207.17304661011582	231.82905890547477	320.00968433833987	313.43503225093247	188.31289971649838	0.0	nogo	raw	L	SMA
322.2740618744384	255.23457312616216	268.51578873675726	228.99370944302362	255.9755382433953	268.5142923762622	286.5103503368184	292.36368341170765	232.50167869042247	207.29808606541116	232.51032714294593	319.9533039411284	314.2028007949394	188.41638938594372	1.0	nogo	raw	L	SMA
321.96264430608824	255.3366013292191	268.55129677226284	229.4122503880465	256.60429264504205	269.06688287186114	286.64865592219513	292.14152952806745	232.56228467364176	207.33544149641736	232.84419804704902	320.08026342445504	314.6512079388836	188.35176865904944	2.0	nogo	raw	L	SMA
321.8809281267293	255.55160925882714	268.5647781678901	229.69466612326093	257.4086379371384	269.6446449028157	287.0361772072168	292.60983188354965	232.6489250208399	207.08965479178593	233.18500427778363	320.97201487842193	314.6005438431766	188.34531930312392	3.0	nogo	raw	L	SMA
321.7817620610055	255.66774817496938	268.4725547445914	229.74485430294447	257.7393635235053	270.21437158343883	287.4434675094214	293.5616126524461	232.7198596888064	207.181521585128	233.42751733206	322.43675667430665	314.1156488519207	188.13260458377655	4.0	nogo	raw	L	SMA
321.0007310824291	255.52040687771824	268.10348648663603	229.38744652571464	257.3963160046562	270.4931724170677	287.71862118571084	294.23030499148894	232.91221392350081	207.17677973176663	233.23221372141523	322.8438341644414	313.3228296335348	187.67399404775864	5.0	nogo	raw	L	SMA
321.4702966725149	255.6010915745831	268.0696769308017	228.6048847892931	257.16440448818184	270.30151917911314	287.859617609726	294.53817293803644	233.07673668421336	207.37487663606268	233.16934865023316	322.3940818427768	312.80047242598465	187.56411803623044	6.0	nogo	raw	L	SMA
322.4915545893313	255.8311946407892	268.09598564829315	228.1273303473687	256.6887765948719	269.85872407783097	287.8303471559874	294.58942164548426	233.0303031425483	207.4159785986741	232.3658520616626	321.9575403973748	312.56144277476045	187.47660167478412	7.0	nogo	raw	L	SMA
322.4549222187206	255.83987766473933	268.03901102594807	227.8710727417417	256.1931877841372	269.43993665606723	287.34753506262655	293.9671566331356	232.89633398055497	207.3271298599746	231.71390261303725	321.53767529414387	312.3699351043687	187.6136311410172	8.0	nogo	raw	L	SMA
322.5131301185301	255.76257710846315	268.2577153596364	228.0160265906663	256.17681765193043	269.1923252075867	286.74319842160025	293.12523620920894	232.63722924546593	207.60433390427073	231.514474832286	321.1475088900195	312.7569508802424	187.35300657402928	9.0	nogo	raw	L	SMA
322.3443926581708	255.77816212844266	268.54810907330886	229.65789566399783	256.67883474234253	269.3408126927658	287.14243260027297	292.53210014286003	232.6880939886769	207.7128285223198	232.16063600257513	320.76129408777	313.4491626976287	187.9597336935223	10.0	nogo	raw	L	SMA
322.630166477473	256.0362678319793	268.7624922152443	230.79881372034066	257.7857997201562	269.6757228591559	287.4232808842445	292.449033061311	232.86357219251957	208.11346280808135	232.82311633032938	320.8787210242527	314.1497634759882	188.15324136205217	11.0	nogo	raw	L	SMA
323.5441432172917	256.09956205920923	268.7873835945629	231.0986656234305	259.3588507079446	270.0543453817013	287.7796322534628	293.8506003757258	233.1651479206241	208.1367553665915	233.4141115370235	321.3442778684549	314.6813643068885	188.18512582178448	12.0	nogo	raw	L	SMA
323.35210798053515	256.05653871418724	268.9559053888151	230.71903340508098	259.5939340893643	270.0955648558877	288.45327542734043	294.49752602205103	233.1288598376428	207.96676090718233	233.61509783791846	321.6313183932177	314.67409369466577	187.87024869736572	13.0	nogo	raw	L	SMA
323.2534716212536	255.89601586927537	268.51083463462743	230.5022177560726	259.1610867917095	269.412146637358	288.3083541499332	294.4964991643239	233.01459598207816	207.82528656432498	233.12256797634473	321.4790090464021	314.0818659965396	187.06931792534598	14.0	nogo	raw	L	SMA
322.87730941051757	255.73053062908576	268.5074580274102	230.02687751780607	258.53178235644145	268.8257130503071	288.24768272687635	294.473555843645	233.0652235534325	207.64508732325723	232.7316932468685	321.22164680234187	313.4597482886461	186.86113186999518	15.0	nogo	raw	L	SMA
323.2217218890456	255.545360113337	268.3613716399313	229.38738174991647	257.9485390590109	268.3627811846563	287.99553118018446	293.8705596739969	233.02325288828382	207.67807648934712	232.0847009004133	321.22532640106596	313.0260109129573	186.91484016626097	16.0	nogo	raw	L	SMA
0.5608518447960323	0.025742499691416003	0.07880302282466135	-0.9447813888952825	-0.2564134737178	-0.11165084044470408	0.5149941390833066	0.927247691206723	0.08050606921990708	-0.27260106929049366	-0.24548967328902882	0.5143545602302405	-0.5910211879061933	-0.31275407359404456	-3.0	nogo	hat	L	SMA
0.4982742008642216	-0.13245803048921112	-0.1661094665939566	-1.562597330220347	-1.11148388399655	-0.7591927820305516	0.2831423854989418	0.4672238515183383	-0.003015736032391491	-0.41784821336016764	-0.6849677931424492	0.2645820854666842	-0.9648491221462391	-0.31258659035446207	-2.0	nogo	hat	L	SMA
0.37436863771476353	-0.1754366468930545	-0.24840397008465903	-0.8590172834266354	-1.296436540780946	-1.2317201575845074	0.05118704568418795	0.11402515429868809	-0.050626245629196924	-0.3752114587150508	-0.7067179919143307	0.19032613565551246	-0.8991678809043328	0.1962249490209437	-1.0	nogo	hat	L	SMA
0.2076458831222721	-0.051539110023828154	-0.04865914490621251	0.5787701588181283	-0.41810501493190344	-1.2847891611107818	-0.22130201534023922	-0.17084069776846839	-0.0474047288709719	0.0002245852453052004	-0.03309586071499289	0.39678786475464506	0.013257328923641532	0.5731538996876293	0.0	nogo	hat	L	SMA
0.009519670935345635	0.11372434050636465	0.2449642722167022	1.2733684557520009	0.7320377394154927	-0.6368549037093194	-0.4704523594505615	-0.38906259243622776	-0.024854653079409653	0.4525201839965515	0.8030950525950186	0.6890769073276667	1.1747613710949405	0.5194301983937403	1.0	nogo	hat	L	SMA
-0.18044757987478388	0.19191372311451638	0.39648384339882575	0.9865370282137784	1.2627585976052302	0.528225654178535	-0.6116667712639741	-0.5022176283955323	-0.017321544678701957	0.6733050483850995	1.1941622218256398	0.8400693345104661	1.7926273107594084	0.2590515042582642	2.0	nogo	hat	L	SMA
-0.3168499878264346	0.15788138180689376	0.3501105420638897	0.21393490121397365	1.008985003060211	1.638737831456861	-0.6328124991173528	-0.510960558119044	-0.033493139490817996	0.6011527375174501	1.0312734398985863	0.7963540540473611	1.6789664624070841	0.00020042086149018904	3.0	nogo	hat	L	SMA
-0.3797455974068266	0.05354433002529714	0.18154855641926632	-0.5790161931154733	0.299434137051872	2.222377925668691	-0.57457768811939	-0.45504127550277423	-0.06404656622262166	0.3506643747128981	0.54745228819161	0.625886104212042	1.106176783142566	-0.1815150642346583	4.0	nogo	hat	L	SMA
-0.3792756632800535	-0.07093353177289187	-0.01649794106155817	-1.1918921286585684	-0.4957926731695112	2.1636533357513414	-0.4824547521550429	-0.37886481647129633	-0.09642870956323737	0.058845421672744404	0.007157490660208577	0.41665500763248314	0.4103608901669435	-0.29213365663809737	5.0	nogo	hat	L	SMA
-0.3410963066818648	-0.18445636239625543	-0.19148485413071745	-1.6312230255534903	-1.1845436555168534	1.626552669967986	-0.3847920350420122	-0.3111916156514877	-0.12353446646194992	-0.19299374634096553	-0.4475333974101035	0.2267980385077221	-0.20888450428496116	-0.36916485425155293	6.0	nogo	hat	L	SMA
-0.2925552027634317	-0.2758868239938429	-0.3330613833627665	-1.998131983781388	-1.7407494593605073	0.8592016501644897	-0.298482890019861	-0.2655651650468851	-0.14466073085969788	-0.38643716377844806	-0.799610619367246	0.07672355859961535	-0.7101965852176962	-0.44327852402305207	7.0	nogo	hat	L	SMA
-0.25457526031500793	-0.3211685017065201	-0.4195157083133171	-1.9009176616636265	-2.0588068527327907	0.06518260703918292	-0.2573256417682946	-0.23712180811713088	-0.15699000293797877	-0.4725705050303262	-0.9788054331936895	7.088309351051684e-05	-1.0188219554068556	-0.2547934041778718	8.0	nogo	hat	L	SMA
-0.23815498613602787	-0.22727563377457574	-0.328618722300369	-0.8339504965481526	-1.6468250354704501	-0.5223421945467267	-0.34971694698925126	-0.23165766740899796	-0.14694089261793072	-0.23366146291914863	-0.6220356372204382	0.12437580985754842	-0.6683074639419223	0.16514822792488223	9.0	nogo	hat	L	SMA
-0.26104056330860176	0.0010402505231904948	-0.0649282248325698	0.5051732252177678	-0.5065363213593271	-0.5389573451775945	-0.435982629554839	-0.2319905445370755	-0.101655563004004	0.2492755257744333	0.19038118131340154	0.4063957164083473	0.3238784242072726	0.5023946498611538	10.0	nogo	hat	L	SMA
-0.28757831929905703	0.2885867724340714	0.2521391989460068	1.909658993566398	0.9622418530933116	0.08318576282235682	-0.11119899187903502	0.0262910218686372	0.01912749391884679	0.602371512907586	0.9919409463525937	0.6964694292084894	1.247714411899542	0.6837393270332788	11.0	nogo	hat	L	SMA
-0.15497963455546884	0.5226715710969037	0.4992557879641064	2.629813368492692	2.1593549007500994	0.8646352572310991	0.550238309691798	0.5994602764697442	0.1807583466820409	0.6502419416193428	1.4629172612071568	0.8919370269418159	1.6021328963687897	0.566421467972902	12.0	nogo	hat	L	SMA
0.22133354795483107	0.6011682348299887	0.5731862739313933	2.298486663755934	2.539298135922545	1.2648826136382176	1.0949540193726728	1.1011437823563375	0.28876386473903054	0.4619275280339388	1.4528701186415585	0.9228337883590872	1.3756472903162915	0.29466481223799873	13.0	nogo	hat	L	SMA
0.6984247633158107	0.5165183694577969	0.4701941949154531	1.3183161723306356	2.070726140677655	1.123975832136766	1.2528555353626059	1.2328812945301826	0.29844028391668703	0.18211555193754303	1.0436578451394956	0.7997498898461882	0.8208712881224873	0.03387723464010521	14.0	nogo	hat	L	SMA
1.050908044876615	0.33210891134519105	0.262966623575587	0.2122201220184589	1.1178486085764918	0.6170616412026497	1.0677966174418612	1.0140536669213724	0.23134042503744143	-0.08150348872757582	0.45039609309667494	0.5910720266025261	0.19741739014583845	-0.1570992359544672	15.0	nogo	hat	L	SMA
1.154624781185395	0.12038514927221075	0.028367935959377262	-0.7542420564956951	0.05553280797697294	0.000597834312147041	0.7201496020885015	0.6271238358835214	0.13221621599280725	-0.28648470733786446	-0.14301691352575244	0.36617425482108334	-0.35530021264500145	-0.3013455925689403	16.0	nogo	hat	L	SMA
1.4883403514866662	-0.21631415843906826	0.050023626986385746	-0.7742139708426744	-0.35834413838583185	0.10324350783124116	0.31384443705103954	0.5802870418734444	0.19461186153700372	-0.25729819889784805	-0.20284551766355038	0.7199876731712201	-0.8393111398706737	-0.6388378015481503	-3.0	nogo	adj	L	SMA
0.5185319903801108	-0.4016210043643172	-0.4055938924750399	-0.6034492199336817	-0.9720931067205878	-0.91676324941502	-0.20701952229858864	-0.09991093940252427	0.020641993465354336	-0.26233538447231575	-1.074258531742579	0.34261465012335873	-1.0602580837779891	-0.1659875476489127	-2.0	nogo	adj	L	SMA
1.2141335626685383	-0.47729852179637805	-0.5542674121630441	-0.5557872298170887	-1.6366555896263286	-1.3436008761169824	-0.8486396618620093	-0.4776731260802625	-0.2055757017681165	-0.5031522243094791	-1.2202232577173702	-0.4739573560049842	-1.123270433528517	0.3222539509309399	-1.0	nogo	adj	L	SMA
0.15016522918223466	-0.35650492615802254	-0.35830439296683486	-0.6757420864171858	-1.9017301633543304	-1.5661997026489058	-1.3452892814009583	-0.8373240943365287	-0.2471974500727076	-0.4690073729797598	-0.677653652931974	-0.9082862584228363	-0.17029362838804238	0.6263197399886354	0.0	nogo	adj	L	SMA
-0.4700217870689262	-0.43957737428307786	0.14113727557162573	-0.41674121962588995	-1.579604475541378	-1.0387187964248303	-1.1557076203268986	-1.1361276682057029	-0.37543371148064697	-0.21315719861923624	0.20971332023468764	-0.9607929209056133	0.9433529634192399	0.7529750901826033	1.0	nogo	adj	L	SMA
-0.8194048148574288	-0.3089207647590338	0.18388734683798316	0.3098719634234074	-0.5837732352425934	-0.2114522093887568	-0.9699203926418185	-1.6115481142586123	-0.3094303109442365	-0.11336050165789324	0.5303711170222087	-0.8954626493987071	1.579764491173744	0.6444599907156281	2.0	nogo	adj	L	SMA
-0.7896110457944978	-0.01580983395106387	0.25285962381071314	0.8424896702643452	0.7098543132315104	0.6641023833232303	-0.43496812926662914	-0.9549825968023415	-0.20690522932987573	-0.5815948115990142	0.9470044297000808	0.15501296836910355	1.5273718518926576	0.725371740219547	3.0	nogo	adj	L	SMA
-0.8057194643108934	0.15075210933986574	0.15419574354863536	1.0514799917572268	1.2394698643507789	1.623666092275051	0.17086380124506823	0.509580714869432	-0.11632177373614624	-0.4012131445365012	1.3381245456635849	2.039991153635623	0.884683523753176	0.4921360199647597	4.0	nogo	adj	L	SMA
-2.298432385519383	-0.07535100284060789	-0.41274810277280566	0.514884132285125	0.634882054747428	2.152829628412694	0.5873354911038285	1.4657028269562922	0.1333392935288478	-0.42032066895627074	1.1054598351828357	2.4922622446850062	-0.20217408469452472	-0.1764583586605489	5.0	nogo	adj	L	SMA
-1.3190513476840446	0.03263268695114791	-0.3948899997449598	-0.8223783659076113	0.263729279121772	1.8134144935247005	0.8199629434005072	1.8897120374991356	0.35677541088489606	-0.0890375723656726	1.2131986877147865	1.8108409908441505	-0.8207957136974726	-0.2190488702547726	6.0	nogo	adj	L	SMA
0.39365585736185194	0.3615313072857801	-0.3268284503495769	-1.6043581608642699	-0.48329570366251207	1.0480415074729459	0.8535096812820951	2.0236037394647557	0.29981455628960557	-0.07465800927999915	0.1275626910325047	1.301252466280602	-1.0616986357305134	-0.3079117303248112	7.0	nogo	adj	L	SMA
0.13843846853390068	0.3610929854130864	-0.44576319434729705	-2.085162706518376	-1.3492542121207598	0.3611369144954659	0.12094548548426837	1.0599596417189099	0.12355487191661338	-0.36473108376625996	-0.7679591792162725	0.8470437823273091	-1.3721610899323458	-0.033580724017019864	8.0	nogo	adj	L	SMA
0.16780435314631204	0.23597985638102234	-0.12632339596927736	-2.017863972270308	-1.5423785889842878	-0.018985723916043584	-0.8554375942167296	-0.240547861309218	-0.2274792588357375	0.05051770356344328	-1.0747938120463447	0.44012248475924304	-0.8256435025309603	-0.6078373815607858	9.0	nogo	adj	L	SMA
-0.1834797997607407	0.23840006208967862	0.2910927689051574	0.7770000674149771	-0.9230727729587467	0.32690484237584055	-0.11096111064248347	-1.1816025244802573	-0.1697154189629051	0.1525119200341482	-0.1754175756019184	-0.034382479313007454	0.1591615511435468	0.4122255247649072	10.0	nogo	adj	L	SMA
0.1613479322188185	0.6113612119151655	0.579203891688164	2.5694550735021235	0.7689466896603355	0.9578041458244635	0.32264253010898025	-1.3952405272614683	0.05061493750808005	0.8393238826404249	0.6958213297813414	0.13335026307936795	1.1374809688990932	0.6831793712653059	11.0	nogo	adj	L	SMA
1.7951398810097847	0.7004448686442903	0.5774033084199989	2.9087265126599693	3.323251027496797	1.7381615841206584	0.8326452837225019	0.9561011371801308	0.4404571988446071	0.847850382814039	1.4958529724308294	0.7632576826670433	1.9144892167711043	0.8092698703038009	12.0	nogo	adj	L	SMA
1.3221995602213303	0.660602183631089	0.9073810194160671	2.090773616047669	3.6052103482469113	1.959654805999854	1.873164681363564	1.9251402876542771	0.3972519124732197	0.5390431836265727	1.8240584441821897	1.1395626582220373	1.9129781742502403	0.4484724904878395	13.0	nogo	adj	L	SMA
1.128503659714415	0.46607264140975097	0.18187964237843499	1.8975937593505423	2.8411383484448365	0.8195741451759319	1.5893648910667104	1.8333453959009673	0.2536699772905045	0.3365886797195075	1.1747487496154554	0.9498996811267041	1.0323255410527887	-0.7890573702196173	14.0	nogo	adj	L	SMA
0.4007363828628508	0.2747512443260903	0.27082568765701404	1.3201486421535205	1.862259369665633	0.0036622901545357027	1.5647611685151521	1.872717892504082	0.3313324673519579	0.0870653668661345	0.8337790028228209	0.6453486190372267	0.1919486619292874	-0.9962931203942599	15.0	nogo	adj	L	SMA
1.3071963889370113	0.05385898622866534	0.09965404137407301	0.4539464770417943	1.0921492444497984	-0.6274619108243302	1.3057146801594046	1.0295135078208133	0.2997187240254367	0.24830732667330238	0.09807329432534558	0.7267389086010576	-0.3375369230768677	-0.8958807661284033	16.0	nogo	adj	L	SMA
298.54147840087677	285.8909900474949	319.13347842617367	259.48770438177104	280.6944436911868	285.4489138038463	268.35179815013805	302.2440460087287	256.2175480029883	221.30996103483756	245.54942774989738	325.38467753731226	361.3136132451029	183.42873436228842	-3.0	go	raw	L	PMd
298.97734497474727	285.8207020869152	319.0310872322233	258.6763851723863	280.34386608567036	285.00206710847897	268.2194542730692	302.0325657861658	256.14559065803826	221.10507530823838	245.0499690088391	324.91337209074743	360.8444392527258	183.77576524473506	-2.0	go	raw	L	PMd
298.75803984365746	285.67813643949245	318.84280610247555	258.7986332918772	279.87397466255646	284.5691283424924	267.8173108386451	301.5444891851326	255.94957251674944	221.08208219092126	244.55621265580726	324.3293641333298	360.31618470849594	184.02602878432603	-1.0	go	raw	L	PMd
298.7302616519415	285.641684157655	319.0277530064099	258.57883694213666	279.9436972730459	284.36220508321054	266.4350005078092	301.43293545261895	255.89065944030904	221.28729502306166	243.8744877848809	324.4638573060535	360.44274430216245	183.05534826255933	0.0	go	raw	L	PMd
298.5971975362991	285.978778032807	319.8036395868493	261.67286307644343	280.91983985525997	284.99001173631706	267.2001556185185	301.2552620135628	255.99681219283295	222.18164339990636	245.37939879358666	324.95683293192633	361.6056323245456	184.52844158262627	1.0	go	raw	L	PMd
298.9789479889704	286.5412940509737	320.3722172772308	262.69975976771224	282.4510972254346	285.6735851383172	267.6551599493729	301.64371882707223	256.262212265916	222.94315849023633	246.37430998501347	325.4822611133719	362.9228113138366	185.0641608710705	2.0	go	raw	L	PMd
299.43003634292614	287.1498773085131	320.6785088568756	263.107256336982	283.5841349739737	286.1400669463431	268.17510364474794	303.1115104633757	256.59202758326967	222.68586166336746	247.20265706493922	326.3391752219079	364.0371467612058	185.32050674855677	3.0	go	raw	L	PMd
299.4645965968471	287.1738498166538	320.7735835349903	262.54446107866266	283.0482903544016	286.4227504515963	268.71562124874356	303.47737142780477	256.5506748909228	221.84777281007155	247.13523716035775	326.5920993938497	364.3237048238555	184.8629769677134	4.0	go	raw	L	PMd
299.0733619220077	286.5891347218891	320.25487608236506	261.7077435549259	281.83030380879495	285.76590999351896	268.428501693734	302.61256552926517	256.3439471674245	221.4162430492242	246.44189268609728	326.23378448035595	363.18463806586175	183.70100079406095	5.0	go	raw	L	PMd
299.5287033747305	286.0527988014296	319.9075827502541	261.1497631158771	281.2621029836903	285.3304711657896	267.942314176334	302.331958452064	256.3187726874719	221.15738352043002	245.64704670308163	325.7910331439041	361.8588647245843	183.4704602523238	6.0	go	raw	L	PMd
299.2085342390317	285.73502305794494	319.7319212762805	260.4097988476333	280.6808725286632	284.8670459966122	267.69423896414906	301.80843065471737	256.2172434377852	220.88266689080461	244.61978522524217	325.26044908276873	361.09766180949276	183.82783554825545	7.0	go	raw	L	PMd
299.08332272703444	285.4065959559091	319.440798880313	259.77224211521343	280.30931300204935	284.34439563362304	267.4187783638616	301.3060837387231	256.05970907372847	220.7877070141552	243.9783294644302	324.5957070238837	360.5339671281443	184.21242016118606	8.0	go	raw	L	PMd
299.06467495582524	285.2657064503013	319.06155393680245	258.7598936348564	279.90228825395513	283.98499177549115	266.7954608448878	301.10620006839	255.90219995704408	220.6592539537887	243.5570029146926	324.04870317488906	360.14327649664403	184.35997487022945	9.0	go	raw	L	PMd
298.70494667172534	285.39523675553215	319.3417798591222	259.16463418110516	279.899909313204	283.9487405603285	266.6899964023241	300.97641854562755	255.8386659079305	221.04782118099217	243.90555652742572	324.2072335400096	360.68303943410314	184.59515851589921	10.0	go	raw	L	PMd
298.34988285413084	285.7328070681677	319.62970245962424	260.0694255201107	280.4511292604634	284.304981687622	266.9287755990127	300.96016440753345	255.90676442979432	221.77843274131976	244.77008615881024	324.4949110170974	361.71356311516195	185.1868709342383	11.0	go	raw	L	PMd
298.3944203643527	286.0012543844447	319.6651585562144	260.5842773558526	281.26977147036575	284.8268778818353	267.17455158032817	301.38968141334453	256.01510924131463	221.92939907595468	245.62784533115797	324.8662157388033	362.5739490146211	185.14505867896534	12.0	go	raw	L	PMd
298.28937716539207	286.2638884337791	319.687758119424	260.51974348914575	281.4659602524573	285.16807929884715	267.447516079555	301.9879213336097	256.01236618904977	221.41163314301272	245.91558647430605	325.312778762903	362.8198062073224	184.9189255267673	13.0	go	raw	L	PMd
298.0355390497896	286.12907551774333	319.3771145770561	259.8431162298324	280.8903553487743	285.4486643526124	267.50853429119644	301.9614952795421	256.0090664332283	220.92985452119007	245.75955850253266	325.75954260762273	362.3998118892325	184.0833597257489	14.0	go	raw	L	PMd
297.949862722482	285.797617500931	319.0925994111206	259.3309339807756	280.2456906707398	285.2552323140121	267.31657181518466	301.8808196060765	256.01730741905425	220.68082078241702	245.30222588149985	325.6912956962267	361.22094813701176	183.45229100804696	15.0	go	raw	L	PMd
297.79664442765153	285.6828597135383	319.0918403241484	258.6889218421502	279.793090195232	285.21350682400356	267.2267706802402	301.80697195411807	256.0694829562636	220.7331954930433	244.64952878484044	325.22317316831254	360.6393375915088	183.3745599248643	16.0	go	raw	L	PMd
0.23129424013497077	0.06260739176356925	0.006086936041455276	-1.1163137737164475	-0.29732048140815565	0.41027528093307475	0.17739548311745454	0.407560105456477	0.08259709077511439	-0.4417892981411713	0.06036386498259497	0.8605651831289814	-0.081585277826467	-0.28159982405351425	-3.0	go	hat	L	PMd
0.30260080939774947	-0.2558780556655732	-0.4156990418462996	-2.1689361548593045	-1.171580522260594	-0.15057941914356693	0.00485202754698762	0.06387810160691736	-0.006949652897722342	-0.6525477407973017	-0.554713155880172	0.40850360837441857	-0.8932272620283316	-0.44909184634526333	-2.0	go	hat	L	PMd
0.2656985606138528	-0.4766844383898771	-0.7388383268513171	-2.4996547010695065	-1.7785611164591753	-0.6195559138141872	-0.15965666460465594	-0.21822063859618643	-0.09089309063428601	-0.7286153263687147	-0.9805817430863705	0.056801685090637974	-1.4566061816206672	-0.2762008879962805	-1.0	go	hat	L	PMd
0.13389930823804638	-0.3737722161507964	-0.659084766795682	-1.3446369352199565	-1.4554961093086058	-0.8669976047337805	-0.304925039112565	-0.36056447082985177	-0.15064232515680587	-0.3215931377668708	-0.7938799590614629	0.03791170604637458	-1.113263075381974	0.11758819931452222	0.0	go	hat	L	PMd
-0.08602229177546312	0.06672494511351991	-0.11044331114815609	0.4794692601381747	-0.12953565933439506	-0.5905392788550897	-0.3918152361306518	-0.2980999535185848	-0.15667385327288527	0.5473024515531978	0.03280921865546541	0.3948213661871654	0.17841019695921198	0.7288159874636422	1.0	go	hat	L	PMd
-0.3145435241401239	0.6242478910821253	0.6772104837601041	3.0201202259156976	1.5241956469526596	0.26828226151832346	-0.1568424526418648	0.2374348471140903	-0.016499597513620772	1.1641416814006078	1.087189909184021	1.1124009868261793	1.6838796112515204	1.4909498376940356	2.0	go	hat	L	PMd
-0.3199096374838179	1.0542008602962125	1.36437140874469	4.657189393868939	2.745373141117406	1.1651188158686998	0.410362331191996	1.1367269100069444	0.24011854559140472	1.1225161563309083	1.9339944692230118	1.9705432248195685	2.6976392304286634	1.533730517675483	3.0	go	hat	L	PMd
0.028376141058962655	1.1674375501635794	1.6100015627977777	4.355661989666401	3.000381535544271	1.4937228324770435	0.9019734587950274	1.782726563139967	0.4406010733930678	0.6425270089262396	2.1654260055207537	2.468683766166625	2.8185499413870634	1.056342695025748	4.0	go	hat	L	PMd
0.5605570364119986	0.9655258015306608	1.3702282552709013	2.7578832651088225	2.34864649467589	1.1524591807357223	1.046965301781952	1.8395465830261475	0.4847680964654674	0.0887900383273742	1.7516252383736064	2.3931614703287774	2.1620839873740563	0.498362100222346	5.0	go	hat	L	PMd
0.9932378784813395	0.580005083384499	0.8381616256486495	0.857775378062615	1.2236329712034026	0.4464193339325639	0.8734328179752755	1.424350394969371	0.39459739330938587	-0.3338472519871442	0.9722058605577609	1.8893897660331131	1.1309756383615697	0.06601925867008908	6.0	go	hat	L	PMd
1.1609489282851675	0.15152092258251165	0.2310841440916448	-0.7942800813274297	0.030066315663665785	-0.2756558821428619	0.5448694296719064	0.8243289721503704	0.2432887724935873	-0.5944593049066672	0.13250833235730675	1.216076946210447	0.0729890896662062	-0.23913122704487713	7.0	go	hat	L	PMd
1.0676727257195522	-0.22481071208227213	-0.3135341637254133	-1.9702767150298357	-0.9925141094810314	-0.8279318247558413	0.20468045736894114	0.26543656567750795	0.09169329558211342	-0.7343077407725519	-0.5769990647719433	0.5742774686496478	-0.8297622388457433	-0.34211031000192804	8.0	go	hat	L	PMd
0.809362314187009	-0.40106236894377373	-0.5925046535701176	-1.807117204292743	-1.4205502642113919	-1.15646625027908	-0.06807797801785934	-0.13076534895874573	-0.029557450676836818	-0.6030594237891648	-0.8705300406405924	0.18460942297334146	-1.1944852457011588	0.009601289286194553	9.0	go	hat	L	PMd
0.47935367681372015	-0.2359058243634559	-0.36429139093574975	-0.4852137781366904	-0.769911654456247	-1.1167447080797985	-0.2532133095255353	-0.3195461504618055	-0.10476014391209201	0.0034252462713272066	-0.46721215337728145	0.22271678283860133	-0.5713275508314236	0.3945102263715141	10.0	go	hat	L	PMd
0.15682770008050287	0.12428708286016951	0.1708263518806459	0.9706464194250523	0.4512119248003988	-0.5300304770419644	-0.3039534599334684	-0.24354592174166198	-0.10762187481448873	0.6810564823680619	0.3133378525045987	0.5731040896792937	0.5601600978263841	0.7898028342418025	11.0	go	hat	L	PMd
-0.06544533239568548	0.46230350291633915	0.6551276215492045	1.9823590931568769	1.3869789723457753	0.3922776555264697	-0.18279579804916854	0.15957444668312334	-0.020836899733676507	0.9188170952701382	0.9875946082115629	1.0832059742308189	1.4376857571549972	0.9279066263267365	12.0	go	hat	L	PMd
-0.13896567849180036	0.6221224797442954	0.85990272637394	1.9842521765407264	1.6065420640086525	1.1294020371112148	0.005242322530489727	0.6576761982799718	0.09462320541828084	0.6923062366982901	1.253515313408829	1.4928504421247761	1.6793699155411155	0.682713334488463	13.0	go	hat	L	PMd
-0.10291922466046262	0.555639812344446	0.74143036927004	1.1122794776296072	1.165071077083736	1.3438237626286464	0.1181231557812078	0.9201554576804417	0.15631204120394407	0.2647291619375083	1.057673976730338	1.5804626684428622	1.3244452251186476	0.2993078838508733	14.0	go	hat	L	PMd
-0.03671297522458352	0.3238547523207076	0.40499687856043354	-0.07757954185568842	0.3689399817614966	1.0699119966660342	0.10994072765849584	0.8513123430534356	0.13904481751569275	-0.1371919345984607	0.5612430721216762	1.3469045182206703	0.6327349354100549	-0.0319076648686477	15.0	go	hat	L	PMd
0.001978453165040986	0.02512967051742796	-0.006867704392810741	-1.1759684674300812	-0.4876820027847408	0.5425621308013769	0.018945551448685437	0.5663449084163726	0.06863145504161997	-0.4236952662708437	-0.022507758386632205	0.9356541200283485	-0.13679812918320597	-0.2663116394757239	16.0	go	hat	L	PMd
-0.4512870693155931	-0.15064692073215252	-0.313392061537889	-0.7239359224224111	-0.06522781095737594	0.5171835738471413	0.4928299655176168	0.5490349565531677	0.15343432231943727	-0.21343741438602581	0.23109960458484538	1.2829176306110082	-0.7532890833023639	-0.6841406955337229	-3.0	go	adj	L	PMd
0.405235207341824	-0.19630100824632532	-0.4564973840406926	-2.209531257236279	-0.5804156159479755	-0.19474554440149025	0.4759070733658523	0.3498074349131883	0.07965254383161016	-0.6363530620889992	-0.2960005287169911	0.7059456199674008	-1.2364861318146707	-0.07642230168258012	-2.0	go	adj	L	PMd
-0.03555084109386595	-0.3807508167890962	-0.8169297028478409	-1.9555057696496934	-1.4543495223744916	-0.9407152724315734	0.019880997047214622	-0.3769103220497208	-0.16858365103894687	-0.7701708397170042	-0.9621408531604505	-0.07137368637616992	-2.0290874054499772	0.3362769468140777	-1.0	go	adj	L	PMd
-0.053080081868738395	-0.4518990166498536	-0.6483695454555082	-2.7899506871929485	-1.5254063327866487	-1.3202065443194921	-2.3097198119673576	-0.4972979221958721	-0.26465482556070474	-0.5494149653312516	-2.1391190693083737	0.10545777151967754	-1.943263074987566	-1.6715549826811489	0.0	go	adj	L	PMd
-0.36181857673313417	-0.01524241203334947	0.48617399586479704	2.773064576444683	-0.03826758914072379	-0.18682752633295455	-0.8945926405249915	-0.8993493681864758	-0.151475242339037	1.0342614001581905	0.024364884621532475	0.697452737844251	-0.2720807309205711	0.8109976475950031	1.0	go	adj	L	PMd
0.31716039808739444	0.731667213523325	1.2498131668409347	4.029346790103209	2.486401504602922	0.9781271722509818	-0.1788721749027395	-0.382213788889779	0.1787857263840942	2.4273371007818425	1.3272510931755013	1.2553333165144713	1.5972755768826998	1.498273564340871	2.0	go	adj	L	PMd
1.1440713881826705	1.5896322619153784	1.6462684160767307	4.592794809599409	4.376275541505254	1.7876978922940079	0.6301155617666581	2.11542159162481	0.597318878104034	1.948674558653967	2.5053887481929125	2.32176025126464	3.2622894282997192	1.9218352414199764	3.0	go	adj	L	PMd
1.2299381820444748	1.648275402049917	1.802647698508754	3.5176586674616415	3.3945280978898444	2.340596088322844	1.4980686274164348	2.6962999030215253	0.5516117410340268	0.4804188211313887	2.4593259851423506	2.6357779696368597	3.757321497662329	1.3002978085874184	4.0	go	adj	L	PMd
0.49929001592308025	0.8727882625880484	0.9840381587283091	2.193815491470621	1.3560687893513863	1.120129191026884	1.0044638867452578	1.198044024119528	0.30240680790174973	-0.10234783358638459	1.614134334153104	2.199929905468826	2.0242263673514764	-0.5448374155125576	5.0	go	adj	L	PMd
1.3117883180382146	0.19964556024306068	0.543972967385392	1.6685802851668077	0.6282700341915012	0.5599367242905617	0.29724138132563777	0.925904929291724	0.2914289927311064	-0.32868991281379417	0.7422407213268423	1.7322153507293303	0.20512548104263936	-0.767865544349886	6.0	go	adj	L	PMd
0.8249374562159305	-0.15395896925347977	0.4232779395200508	0.6832679161680999	-0.06472036284735484	-0.07844724286553297	0.08825973233909058	0.2632753526727507	0.19109249187886646	-0.6977406858156445	-0.5082336300523949	1.1680049794621514	-0.6283928470901831	-0.12985128582001138	7.0	go	adj	L	PMd
0.6964447914012162	-0.5521648214709395	0.03733082108645718	-0.0795327767705802	-0.48680796121804437	-0.8551266155782159	-0.14630524457257366	-0.37721851288831093	0.021561708274710097	-0.8168401323680585	-1.2430779033412085	0.3932406798423789	-1.269082023755587	0.4196301687015	8.0	go	adj	L	PMd
0.7861461835205309	-0.7090376219652466	-0.5236166510876827	-1.8635287171573889	-1.0992025409070456	-1.36536877197763	-1.0481047755878572	-0.5400478900282168	-0.16491247297422854	-1.0764106291695548	-1.8112684573588969	-0.2874761069146761	-1.8491019421259243	0.48211837434426336	9.0	go	adj	L	PMd
0.2901172447832571	-0.5215416316352135	-0.029088197245236574	-0.9308917536854485	-1.1139860704074356	-1.3471620241685758	-1.123228303817156	-0.7008634069346564	-0.24483787365102172	-0.3889048733817172	-1.3376398078615872	-0.03161569131700697	-1.0411022429148367	0.7080232171135848	10.0	go	adj	L	PMd
-0.20268727510830295	-0.05341275974663194	0.4524657677875431	0.6933258903690609	-0.17398744662542467	-0.7230597740407464	-0.6959186059723173	-0.7733509463407595	-0.1608804428422134	0.9884252892925	-0.17489152044408937	0.3180804304251409	0.49053381957174735	1.6707239226549027	11.0	go	adj	L	PMd
0.12441493214967694	0.3033623356775601	0.5080677105766557	1.6354746161347695	1.2667265328807695	0.1501510886270923	-0.311052488792822	-0.08342000660734954	-0.023466846437511443	1.300630961556733	0.9941767166239822	0.7443833106510112	1.7646887445418113	1.60301632609323	12.0	go	adj	L	PMd
0.10338427774161864	0.6865589257454645	0.6033311322222681	1.6697683340541203	1.645309151612233	0.6672741705632369	0.1222746682032557	0.9157642077768655	-0.02218234115107123	0.3744395658410789	1.3801022464828396	1.2788025131998848	2.1695063578037166	1.4164582228081808	13.0	go	adj	L	PMd
-0.1993127533580923	0.5158741878311998	0.15882200883378356	0.5763014085788949	0.7128974295270316	1.152072135527639	0.21714425255572062	0.8165445049828849	-0.014056365403875809	-0.4301305693091541	1.223959567434763	1.8988289761825936	1.6021105758807628	0.20860563843983088	14.0	go	adj	L	PMd
-0.24336238062700416	0.07887463394616527	-0.2183616983475619	0.02546121471691072	-0.2698013126694703	0.8013658251010827	-0.09863606496597478	0.6946225061980726	0.01154362793150702	-0.7349267056218294	0.7181012867502746	1.855346678417961	-0.07969741356778035	-0.6469231224152129	15.0	go	adj	L	PMd
-0.4099789945087738	-0.03251240848714304	-0.10449224373814778	-0.8529394810858059	-0.8537465853730304	0.8467781770693227	-0.16514727285527156	0.6687332563161908	0.09789450308989663	-0.5200977727202105	-0.05093708832406725	1.3144858852185406	-0.7001331170383737	-0.6455581924544054	16.0	go	adj	L	PMd
299.5582877761073	285.73604428205704	318.79321222274183	258.6763440514645	280.05425271825254	285.0327047065661	267.9974798483401	302.2011032906326	256.2549795099484	221.37380449563034	245.56411711459734	325.03506331138175	360.86383849159193	183.63047047426997	-3.0	nogo	raw	L	PMd
299.20881362848553	285.57813308877115	318.52114202050814	258.88078042094816	279.6187838229183	284.44656761858863	267.6710912220888	301.7402042158819	256.17621757932983	221.45315619346897	245.00416729451337	324.39636483273046	360.3648505204939	183.91117954377304	-2.0	nogo	raw	L	PMd
299.2531958005387	285.5442284047398	318.5064308367344	258.5980733056231	279.3327541795063	284.11609380690817	267.33012365427373	301.65067408987517	256.04608885690783	221.39591440729643	244.9271362155166	323.7225638367649	360.2387234884649	184.26015725803498	-1.0	nogo	raw	L	PMd
298.68363150159036	285.80064649949963	318.78896187334027	258.36778648195474	279.28759412700515	284.01796322035074	267.13522611846196	301.4979761880009	255.97060005365338	221.53511779975685	245.07501517519455	323.3924542943134	361.0374322808583	184.55605603991134	0.0	nogo	raw	L	PMd
298.1884802891146	286.10241169754306	319.0507626427517	258.45870587396615	279.7564355284415	284.2137131748821	267.100578224127	301.29905170932886	255.84567904157376	221.82358547187025	245.66498312582394	323.3568786488045	362.07617939312973	184.71559403982195	1.0	nogo	raw	L	PMd
297.93286753198083	286.2122558046722	319.0137017173197	258.91799587250784	280.40340030057536	284.70651139002865	267.2211706797977	301.2788911555044	255.71724868061628	221.81990048191327	246.02945275080577	323.5585285422209	362.5275157478791	184.57772203528668	2.0	nogo	raw	L	PMd
297.8599393596774	286.2998682555744	318.78831195605835	259.31587353847283	280.9705407326668	285.043967769357	267.47259466508933	301.6658920579419	255.68160857231925	221.53590632802806	246.40273955810667	324.356711107309	362.1667738136669	184.39496608382106	3.0	nogo	raw	L	PMd
297.6277900102708	286.2349987479512	318.440813980268	259.3515693454313	281.0966137670529	285.5699698044022	267.76464032590627	302.5067126391415	255.79464383653655	221.5512383488167	246.57820307158642	325.5699333512757	361.3869869205561	184.0009865457093	4.0	nogo	raw	L	PMd
297.21272396961535	285.9144807499497	318.1749114122459	259.059794393599	280.5641470298011	285.9811851442478	268.0431922842926	302.96475436580965	256.0465265244105	221.43378439370713	246.4807291810651	326.1667331202897	360.1624564334083	183.44116461348716	5.0	nogo	raw	L	PMd
297.7006213812937	285.9141974011067	318.1373166184714	258.0479101768795	280.0420093024743	285.9368273785296	268.2944322491622	303.09648106592806	256.2893619129993	221.62744822782133	246.31753938567743	325.6917559167107	359.6231025486479	183.30244490726065	6.0	nogo	raw	L	PMd
298.4845667279696	286.18530554829016	318.1269610507415	257.37560044031227	279.46093731595073	285.6013719592122	268.44878063356316	302.9900059512079	256.39878760019496	221.65636521963492	245.8115132192288	324.9921017598644	359.50818608072444	183.28599266950394	7.0	nogo	raw	L	PMd
298.43634367915763	286.162343355934	318.18748474443095	257.0867969205382	279.0662508709047	285.1367822606962	268.0418611290651	302.3695106711787	256.2262378494454	221.63489558015604	245.28155007933734	324.3534992420419	359.2294716900616	183.37270534780967	8.0	nogo	raw	L	PMd
298.66456937122683	286.1962783352415	318.4934882688162	257.37452190961653	279.28551546654177	284.95443211022325	267.39688950642875	301.83916511637926	256.07830739976265	221.9321089160608	245.13494008892192	324.1250842089604	359.7538873925668	182.96751428190115	9.0	nogo	raw	L	PMd
298.38785113512864	286.4769776179406	319.13530650834895	259.05340776060484	280.15609700418287	285.2041990657774	267.83180866110865	301.4893198773841	256.07000393635525	222.27970677905247	245.93214288943722	324.081057353391	360.6756827628615	183.76137838266555	10.0	nogo	raw	L	PMd
298.81795418956386	286.8839102624694	319.4464827140128	260.15805451462273	281.3147746989248	285.73891049528874	268.08807057373576	301.5810689017495	256.16574412832296	222.89346804376777	246.67831504118323	324.3060592144366	361.7427229012509	184.1115073180776	11.0	nogo	raw	L	PMd
299.92892989612	287.09669915072897	319.5370885939812	260.4257610695179	282.32100556260144	285.7546232963228	268.2779081665196	302.669619790266	256.35012303810936	222.80851543706459	247.00068356077068	324.7386009299517	362.5512143742248	184.2489139380957	12.0	nogo	raw	L	PMd
299.54917861051695	286.8271686715175	319.4482435491896	260.1566935404873	282.2660274111589	285.78671230944883	268.86428767591013	303.1961497165026	256.28844521513645	222.5111154911026	247.0179836750723	325.10020775388125	362.90702583899656	183.7918570779293	13.0	nogo	raw	L	PMd
299.2127742816066	286.3138362367212	318.9867044679593	259.83714413244564	281.778550601428	285.165420506198	268.55651620730237	303.0852854689446	256.2545043331868	222.22831992117904	246.56046272294293	324.9874781015442	362.2373113921291	182.9144980591727	14.0	nogo	raw	L	PMd
299.02759883253384	285.8693990545605	318.72540076235	259.3809341440031	281.41105271707005	284.52050872019083	268.30104659149833	302.9710457558197	256.3363465848886	221.88779541264347	246.08259954972266	324.92089622249284	361.30919829466836	182.7244489161981	15.0	nogo	raw	L	PMd
299.31827304121396	285.6508838936288	318.4817505645689	258.66208707862626	280.8818863465981	284.2587657016353	268.1148295970856	302.35456272092625	256.34541307403623	221.79970246688708	245.54791772000172	324.8020199611234	360.7195700383826	183.00498449749134	16.0	nogo	raw	L	PMd
0.7833091320227051	-0.19100190432479058	0.0041328314065748354	-1.2229733059823265	-0.606708245596369	-0.05655183025177597	0.34082377689059185	0.6939425446410507	0.10769632168173165	-0.5616051389631856	-0.30041311756145556	0.762302616964031	-0.44522969376388255	-0.2367526356296585	-3.0	nogo	hat	L	PMd
0.6892249387999941	-0.4222274416437955	-0.41586646347480766	-1.9205972107467777	-1.3842974565826467	-0.6414662424805323	0.1255551437103294	0.24390274138758752	0.02064819873661966	-0.7973412254828999	-0.762457682674495	0.3671919076247413	-1.113195716173023	-0.2653674684497026	-2.0	nogo	hat	L	PMd
0.5238324987913474	-0.4086894553599973	-0.5262574152821569	-1.0000257419307206	-1.4297805366068521	-1.0770947939977904	-0.03979103136088439	-0.011307914428602312	-0.0382538334232442	-0.6906428507020244	-0.7647267749924671	0.22182720308260157	-1.176972319984722	0.18913787524738085	-1.0	nogo	hat	L	PMd
0.32184191951865054	-0.015502138421782946	-0.0912026849111143	0.7987297120101925	-0.29010515380531	-1.1374029241971906	-0.1505039879953968	-0.020919097511210148	-0.05892085365338151	0.016311360477839317	-0.008287997475513748	0.4868211993371302	-0.11578488842690965	0.5223281798682546	0.0	nogo	hat	L	PMd
0.10229441490531524	0.4582433354045614	0.5159934744599151	1.6615539174819984	1.1254079690091343	-0.5639138795049053	-0.22451753784755119	0.06731963017596936	-0.06088491912990675	0.8540429351563679	0.9150039389949289	0.8924826483200369	1.2953880669429696	0.46382808920719787	1.0	nogo	hat	L	PMd
-0.09897437854620154	0.6952603259888954	0.8291560074314127	1.308982063048756	1.792690059192924	0.47982669289455243	-0.27337141504934426	0.10647441656822959	-0.06591441642494286	1.2615244818228997	1.3423684824313793	1.1091913979056038	2.037543096127608	0.21956102961445348	2.0	nogo	hat	L	PMd
-0.2428805658398465	0.6343299965512036	0.7409607568435512	0.3593624947769183	1.5284153036768124	1.4774325108957362	-0.30223879904748824	0.06088323044842018	-0.08073680672068347	1.1300505241254442	1.1608564681340874	1.0523596209455277	1.8657165684717827	-0.021211924827384963	3.0	nogo	hat	L	PMd
-0.31271118456130764	0.38388140404753496	0.404859201171956	-0.6128078858094981	0.7229062905391949	2.0014582443161384	-0.3143036007511875	-0.0342810802554412	-0.10132368574259812	0.6718911940756609	0.6291431611694746	0.8142985289425452	1.120082407585181	-0.19020353292622683	4.0	nogo	hat	L	PMd
-0.3189407591230033	0.0739091165971111	0.007383937633021051	-1.363527568630165	-0.18956156977932362	1.9472203345163839	-0.3121204372937513	-0.1350265547730702	-0.12122503664140741	0.13948987792658957	0.037188597867645244	0.519262979352519	0.22250140475538974	-0.29237385878678807	5.0	nogo	hat	L	PMd
-0.2864460519540206	-0.21368236216030628	-0.3454779063682698	-1.903642703686541	-0.9830253553565095	1.4626177495382537	-0.2991794992927334	-0.2180446935083235	-0.13689636721410353	-0.31699760390840076	-0.4603660273193928	0.24993856845934706	-0.574906424728599	-0.36206922148159876	6.0	nogo	hat	L	PMd
-0.2416008790105303	-0.4473413871921238	-0.631456852164399	-2.3568279610465117	-1.6225888256120735	0.7707013200716032	-0.28352067466256264	-0.2844192812090603	-0.1490557348468766	-0.66288287959263	-0.8452782194490314	0.03500092206575553	-1.2198459230296332	-0.42896717449769395	7.0	nogo	hat	L	PMd
-0.20513524374255768	-0.5639644486277271	-0.8074786253793446	-2.2153150679255718	-1.975378121652735	0.0533103442387342	-0.27143318307816816	-0.3115939006457888	-0.15700127821263887	-0.8156052492532826	-1.0383153514763614	-0.07714153074950203	-1.6206220835837055	-0.26596875582651663	8.0	nogo	hat	L	PMd
-0.19289842773127688	-0.3302062440947111	-0.6291777164769176	-0.8662858526404059	-1.4661208106403831	-0.4781176618330294	-0.27703485944381634	-0.21286137162457747	-0.15375664782332119	-0.39984788760189544	-0.6395514955327232	0.09785495273824049	-1.203876231130854	0.09346562425706795	9.0	nogo	hat	L	PMd
-0.22881474464550594	0.19174365490727338	-0.11283383809334244	0.7437531876405338	-0.1820421422200979	-0.48812767866358625	-0.23544617396974807	-0.004701988668120983	-0.11925427466184993	0.4406554088317554	0.24763952283195081	0.5345964646865686	0.029760207433850827	0.5175221775009403	10.0	nogo	hat	L	PMd
-0.27599277171958003	0.6836096939313254	0.47422541609426766	2.2693552488754354	1.2165782582109923	0.08587305547152728	0.05993010220864061	0.3513993253714898	0.007515600488295931	1.0458629885839918	1.0927044764752945	1.0724573727207318	1.3533265874994462	0.9100197380188542	11.0	nogo	hat	L	PMd
-0.14641041171910182	0.9299719653248789	0.9021489287694479	2.9680235692419465	2.11220020389344	0.798445268726566	0.5263595138198336	0.806811185318259	0.19059452076015915	1.1018306358879821	1.5677961511099479	1.5146794431726869	2.1750115469439653	0.8869906155658742	12.0	nogo	hat	L	PMd
0.28087366471200553	0.8838164987187013	1.0079007095460983	2.5156538838305997	2.1886307126475444	1.1508581059481027	0.8655730320101123	1.0984048417439918	0.3191426556662965	0.746965343456592	1.53816066606634	1.6593702407598894	2.2430213323945205	0.5800213906171878	13.0	nogo	hat	L	PMd
0.8556732967009565	0.627226051320574	0.8009451313905477	1.3771616559081885	1.5759892891849276	1.0033910409365603	0.9194859097524254	1.0718298984962311	0.3386838916260502	0.251430482397827	1.0986310281787737	1.4823962354338016	1.6788061458097996	0.23933095308070404	14.0	nogo	hat	L	PMd
1.3058813222941363	0.28191672785814303	0.41506653694031964	0.12100053822573272	0.6382175343737154	0.5264953428266936	0.7388449539227533	0.7925783032459852	0.2715353634218059	-0.19611503152560014	0.4727969704184413	1.1081397569104265	0.8090240992646999	-0.02130655443525566	15.0	nogo	hat	L	PMd
1.4659581764961984	-0.05753345862280412	-0.014904546658720525	-0.9757926761999617	-0.3268998790476576	-0.03995315651757952	0.4563851899970988	0.4152503624288039	0.16751195827146853	-0.5308249566579565	-0.15093395129404577	0.6819112679416541	-0.08990474204677101	-0.2101926532500725	16.0	nogo	hat	L	PMd
1.3497371561792473	-0.5602821075232265	-0.08423024562988969	-0.5685053291263377	-0.5849789787345616	0.01792871851983656	0.318096619300237	0.36833874767247743	0.19234062621373663	-0.6971727690887303	-0.23834008565911996	1.1859641324240595	-0.496314995058196	-0.2760576862101597	-3.0	nogo	adj	L	PMd
0.7563638199642173	-0.7293592521249485	-0.44704704685994184	0.1138594612114521	-1.1295220100027161	-0.8195656096587903	-0.10645520886693849	-0.29005833118166235	0.11330473730478745	-0.5106110913459292	-0.9803174169031725	0.4727419161781929	-1.128608219073347	0.13410267657851047	-2.0	nogo	adj	L	PMd
1.0152463650641201	-0.7607379480003377	-0.428997288293135	-0.32142477009012177	-1.5447562651734623	-1.2614485830593751	-0.5823793102225743	-0.31661174894534483	-0.032755220884195135	-0.6577770270827489	-1.0508954967435393	-0.30609608692385204	-1.3401041857964737	0.6159991666419015	-1.0	nogo	adj	L	PMd
0.18617493619987405	-0.4043996136111632	0.05690932533358702	-0.7515874619727696	-1.6914067440097067	-1.3415076173422593	-0.8393041241531332	-0.5097588989698091	-0.1167459003065772	-0.42429869048099006	-0.9037831356648613	-0.6443161651677497	-0.12093622096823704	1.0203069727203642	0.0	nogo	adj	L	PMd
-0.5098162336271891	0.004839145267013023	0.49551085447119386	-0.5864589242067989	-0.9775286473397486	-1.0662948446160978	-0.9027421838491361	-0.8645130468107499	-0.27532873564812926	0.09274047240997199	-0.1337168979887446	-0.6643148338622721	1.4564459358437707	1.2635053593347698	1.0	nogo	adj	L	PMd
-0.7728451248928196	0.13516514635197527	0.455218065213007	0.26847285035631047	0.06747652056564875	-0.3046029767108835	-0.7526516822560274	-0.9863938749034799	-0.44134605433560115	0.09759653557835991	0.27026642776157817	-0.47887235552191276	2.1369570608124455	1.072756113639309	2.0	nogo	adj	L	PMd
-0.7484447999187915	0.26225866198173037	0.15335901575916758	1.0670495259403434	1.0083488107781422	0.09709617682698543	-0.40459513491208393	-0.45071063876009065	-0.4852277300087088	-0.42426188126467823	0.7599026966697199	0.46193332042307	1.6556991828731786	0.9192997744644164	3.0	nogo	adj	L	PMd
-1.0273596132609484	0.19879127585050355	-0.3146791388773198	1.2550734255502256	1.2543130090779187	0.9489086908366867	0.01606254127647048	0.8689921808583995	-0.3415527065700558	-0.3694394263393524	1.0383582910321667	2.010584007572835	0.6453304230120914	0.4430216129793967	4.0	nogo	adj	L	PMd
-1.8514650728760222	-0.24238126780531444	-0.6541377457263235	0.8992476690428766	0.40533199329210545	1.6593389302143886	0.4254783424398096	1.524189871100954	-0.015688347114418327	-0.5900126130991156	0.9515127261033869	2.753337227015153	-1.0632512509499819	-0.335970585855498	5.0	nogo	adj	L	PMd
-0.8850857327013789	-0.22760270026864896	-0.632160721576754	-0.8361710078905693	-0.4105243345390863	1.5744714318496222	0.8349740210232264	1.701290387993481	0.29803973645475146	-0.22917324004715336	0.8490777771453303	2.0786272096149396	-1.6396051683915085	-0.4006823314219543	6.0	nogo	adj	L	PMd
0.386701271347594	0.17495530856934324	-0.6368187940296439	-1.9231125861219083	-1.3284630785491591	0.9989743295810481	1.1515911552303135	1.5821685444613702	0.4339179608746807	-0.23950574497542165	0.1847285705070111	1.2188841820287282	-1.6189350068111805	-0.3383455017504535	7.0	nogo	adj	L	PMd
0.07708431348444619	0.12011197088546888	-0.5966230497886611	-2.441915262211436	-2.0235908644804153	0.2221890858680024	0.49397837866383265	0.6064750330466971	0.20058679221333653	-0.41820533507833074	-0.5824741884188193	0.4770783399729696	-2.106537266831998	-0.14624423879361628	8.0	nogo	adj	L	PMd
0.4513375019071648	0.13799554444799397	-0.21572215788689764	-2.0414785321858044	-1.789713624051823	-0.05033803378339695	-0.5899002100257925	-0.19208792888785098	-0.004165313587361501	-0.04226868006500669	-0.8683844352113353	0.28814459753386595	-1.3975284265521108	-0.9972142211820503	9.0	nogo	adj	L	PMd
-0.22328786482595997	0.5023773127307919	0.7242902654688138	0.8184913397716953	-0.5130908210393954	0.4701160939721913	0.1823751703904494	-0.768413162590453	-0.022712665187925276	0.4693913580212824	0.23570523559209358	0.2648764343590277	-0.11709852195965202	0.33849220193654234	10.0	nogo	adj	L	PMd
0.4018422914008977	1.06666250985997	1.1254413496690898	2.5351949039180512	1.2679834969680943	1.4967056210489096	0.5804507778851454	-0.6944645147018387	0.10305483258590097	1.5303172626856842	1.2417436865981641	0.5469269433951068	1.36913148691712	0.8435431197833301	11.0	nogo	adj	L	PMd
2.420514140216858	1.3873688145351175	1.2324057741486583	2.821957901751857	2.828202119976371	1.5411474118412234	0.8478766375708718	1.111147050994934	0.3485335416014112	1.3418577277511934	1.657255827492743	1.087512876467823	2.4831031860654083	1.1349184920230397	12.0	nogo	adj	L	PMd
1.6894331112073477	1.0457547996591294	1.1451786702991207	2.2257023453224924	2.6173211866521244	1.7175386222357705	1.8018822370081344	1.9074834313376712	0.27412944765517183	0.8318595949188644	1.7440046753955467	1.55604373095625	3.0316791447093507	0.5139654957698272	13.0	nogo	adj	L	PMd
1.095442337370896	0.3883066677551858	0.45784620899686634	1.8472285405043316	1.7834115026411506	0.6814700594010594	1.2782952648036208	1.6793197920365255	0.2403387110281849	0.4426044021532435	1.1954161539268624	1.3964607336119217	2.0048791300695017	-0.8493005164093952	14.0	nogo	adj	L	PMd
0.7497141790465319	-0.16800563069772317	0.15889525991715361	1.3254703322154855	1.2958786399955389	-0.2879840109092845	0.9556967849187245	1.6006718799445625	0.3580326897199618	-0.06936684869125206	0.7198086131906634	1.361146258796495	0.6924081332266881	-1.0351447753589844	15.0	nogo	adj	L	PMd
1.4933690884932056	-0.40319398053573735	-0.1305599819640157	0.28907568655303684	0.5904607523752767	-0.5327621027971471	0.8132498293390815	0.7330859250303948	0.39022669538090604	-0.0796899343673659	0.13413989660143733	1.2922781722716032	-0.01976814012755762	-0.5308778313986624	16.0	nogo	adj	L	PMd
256.5004980842712	270.9262811483596	269.88947729071737	221.04426542683362	265.2184147071363	271.12661865250294	243.51156342671578	260.6678928627878	250.50941582170438	235.48792263532815	222.36770421915887	290.9052297505395	262.20285142735224	170.78075790504425	-3.0	go	raw	L	PMv
256.5196940404516	270.8189638516065	269.8881714352042	220.5773261122032	264.98093187426923	270.78029851651723	243.35966191107553	260.4939121458567	250.52725935201434	235.5213744887872	222.1778726599688	290.2444025212467	261.96017416714756	171.19229832596542	-2.0	go	raw	L	PMv
256.2550047159832	270.51107322722356	269.6413761569472	220.78867805089675	264.7228971145477	270.3367357921808	243.04217407842896	260.121712215661	250.35025197844558	235.58959325524128	221.7724689741274	289.6129708166896	261.5410686344755	171.21592778683086	-1.0	go	raw	L	PMv
256.13648850547264	270.10423103775236	269.3317020740204	221.5811328697455	264.97160500610806	269.8871878678753	241.60319562305506	260.5051687213231	250.1665991259094	235.49742737583819	221.75241689870327	289.8780417297529	261.59244698585184	170.49252745913626	0.0	go	raw	L	PMv
256.05994147549217	269.98990990756886	269.60814727019294	223.74797669245004	265.49169914023855	270.61386924204936	242.36674349661897	259.9945794302948	250.23255212310445	236.2393617027478	222.9109982373004	290.4527433753988	261.9850492270372	171.36271378704544	1.0	go	raw	L	PMv
256.5612614760196	270.4039867172082	269.84201068876973	224.2373805629022	266.67805680551294	271.1091909506465	242.8301545079636	259.9316540372424	250.42318165944215	237.4292260096436	223.34739119466494	291.11233102232205	262.67013407652445	171.237550228865	2.0	go	raw	L	PMv
256.87714511028787	270.8354365173171	270.12720453346685	224.31133598868362	267.4084378922774	271.6728419842135	243.41079831366088	261.68369436100033	250.75401311999624	237.16987981896915	223.8740876934091	291.90352251005555	263.4230356719851	171.3168086748227	3.0	go	raw	L	PMv
256.78932390227254	270.93285885782507	270.35452246202493	223.6858204554372	266.5733520543073	271.94091963370096	243.6735518770154	262.1323938110074	250.8648156626296	235.9629363225512	223.80676173283015	291.9259487873055	263.940338923312	170.9830421005915	4.0	go	raw	L	PMv
256.9161897068243	270.8510165472847	270.1434323242523	222.80506444865273	265.45436825356893	271.34070062822497	243.17937475472053	261.01512349935615	250.52492113561686	234.9118852162544	222.85270199298665	291.4753369104512	263.14775440717955	170.39356737392148	5.0	go	raw	L	PMv
256.9784995899055	270.8783923895787	270.3019718783265	222.32680180604856	264.97863645653354	270.96495892369103	243.03295130636107	260.7686857718524	250.46476818327204	234.64403770508588	222.2883376153922	291.19830417068374	262.25935525939434	170.47398798993046	6.0	go	raw	L	PMv
256.7028090643308	270.73577425541026	270.37091344739855	221.7165438592953	264.6736934089423	270.823996153795	243.05548396601702	260.37984695963775	250.53883323910122	234.55296863810995	221.70156325195828	290.8498399592736	261.60065198767006	171.04390540856778	7.0	go	raw	L	PMv
256.54226621372186	270.3493683684557	270.17253340800187	221.23709827371226	264.567697712	270.33020933648993	242.82615826168674	259.90726602700533	250.37508283736497	234.8009035534924	221.3812573284806	290.12968206731324	261.27008663602027	171.42586145372334	8.0	go	raw	L	PMv
256.1144235944456	269.9688326575694	269.5915623387668	220.7871209736477	264.36874771019825	269.9675211375383	242.18597904784184	259.83698648002974	250.25664403710715	234.7860086106517	221.21712832226606	289.6082036386109	261.0177652432072	171.42480793687542	9.0	go	raw	L	PMv
255.81890546778956	269.8297686363212	269.43458996844913	221.34700594019532	264.4699755132992	269.8964396407667	241.95133860122317	259.8271679861625	250.14056566700833	235.22010031380927	221.59085669206004	289.7559559070063	261.24428730695445	171.44552093360937	10.0	go	raw	L	PMv
255.6616132876327	269.8961927045938	269.37270362421674	222.0141377120208	264.95163770225923	270.1994765434932	242.08685407716368	259.6100622672798	250.11963644535157	236.17692520378185	222.2903507957725	290.147029516606	261.7241070313933	171.46627314729858	11.0	go	raw	L	PMv
255.7524702659552	269.9887872569327	269.28749664625724	222.23702891057616	265.71582592726315	270.679777822856	242.3682711296349	259.96619710174326	250.25667495736263	236.6079763693803	222.79893174069858	290.59797394646927	262.401514193852	171.16837084621807	12.0	go	raw	L	PMv
255.91342097526035	270.32249634154465	269.4130450502546	222.04929472480566	265.9569845472163	271.00805151555267	242.6777458284808	260.87524350924264	250.3832012776144	236.13408110364978	223.12630659534736	291.0244902846363	262.77512347337796	170.99957571029302	13.0	go	raw	L	PMv
255.93045718962813	270.48007754462867	269.37055098853017	221.45862084010304	265.55792617071114	271.25987295296466	242.66548813849502	260.74842007798384	250.37240212572618	235.59017453537504	222.7988318626416	291.1843189983209	262.57706212880186	170.60928141811496	14.0	go	raw	L	PMv
256.06849125062905	270.60828062544374	269.5831264925529	220.94504491261173	265.11464624991424	270.9435667999913	242.65214424875762	260.6069778983221	250.31007915673544	235.18650166332722	222.40438520074738	291.0797403866083	261.8864425925785	170.42044549584128	15.0	go	raw	L	PMv
256.0230359603381	270.7163005740701	269.82673262261767	220.44172545621808	264.829597775962	270.8994893034893	242.68620641168042	260.4207930749288	250.43847241236176	235.21724222492983	221.94876842963356	290.63048998358283	261.53984597976904	170.6167662981704	16.0	go	raw	L	PMv
0.17897918474835017	0.21825730979345703	0.2945332185641613	-1.1516619771313594	-0.3475475406815176	0.5227093953876587	0.16866001346013276	0.30063752863402615	0.0899981436980752	-0.670631078841322	-0.0950907799633475	0.8960348217304904	0.03771484129900781	-0.12287401931361315	-3.0	go	hat	L	PMv
0.11855036340378265	0.1395115607543503	0.10112300828984161	-1.9985960378673295	-0.8006646734901519	0.001921439148341929	0.009292043577765962	0.015757869585294935	0.023786451862554812	-0.7277283197040829	-0.4685287899755752	0.41470067875007804	-0.37786935656558734	-0.16321204457119878	-2.0	go	hat	L	PMv
0.005138048970089461	0.03126523655404659	-0.0993233883659987	-2.14021216447497	-1.072132295146492	-0.4766885054393512	-0.14248381604328775	-0.21794171943008647	-0.04229841472480047	-0.63847505838024	-0.7010863916813437	0.06218587818970224	-0.6766015929933263	-0.06602897049678617	-1.0	go	hat	L	PMv
-0.12491668159436248	-0.15606876263061606	-0.3097224796986716	-0.7459595999914049	-0.6979412205889785	-0.7751600092649219	-0.2670671128026841	-0.33264420209707396	-0.10376776208158836	-0.02508516298375785	-0.45978583701033005	0.13764001043550728	-0.5614151908135494	0.12085636049084593	0.0	go	hat	L	PMv
-0.20951732608190823	-0.37572619688388	-0.47501632189911364	1.0932054137433493	0.33036334177397647	-0.5996142072781004	-0.3299839595424917	-0.2826311931122333	-0.1380435861017834	1.0348238370009566	0.2582138829974762	0.6835780555839411	-0.006317441315896622	0.2506694515150559	1.0	go	hat	L	PMv
-0.19577449016360268	-0.33786342315599655	-0.2680973123409446	2.903517434023675	1.286208682263525	0.129676604164202	-0.12363449089632596	0.15904720124714228	-0.051958814593222595	1.4835725132551167	0.9746458666899392	1.5018883644474879	0.7250212776778386	0.3292012237337041	2.0	go	hat	L	PMv
-0.03997493231641528	0.017282095456218095	0.3449017045992225	3.718813257318214	1.618739709568794	0.9669613915938728	0.34912044074783344	0.9243066237338573	0.14485919886265017	0.8961680451991121	1.3352255950651475	2.273764069135878	1.3036896931802033	0.2769225256751074	3.0	go	hat	L	PMv
0.238939553656306	0.40270191678519435	0.9064638139683756	3.1397247539249205	1.3330075001435293	1.3776879519861962	0.7501015269243394	1.4890595712596213	0.312932332008362	-0.08045663735959084	1.2474012666756256	2.5991623080083395	1.454143198374342	0.1551220062810299	4.0	go	hat	L	PMv
0.519905235933202	0.5982389523313153	1.1002916165779928	1.7595348169494163	0.7305960140522955	1.2144005151580113	0.8605700122730096	1.5519276933747315	0.3637621965957794	-0.7988443092720989	0.8431950264119403	2.381572035824495	1.1788408644186315	0.037515801157168086	5.0	go	hat	L	PMv
0.674621012715258	0.5838368249410211	0.9472563797467756	0.2718195787945305	0.08927188513856707	0.677935271093709	0.7083045818139945	1.2044437997322068	0.30782124471112043	-1.0781535389385573	0.3270493704483506	1.808224390061382	0.673600701884973	-0.05000786415784242	6.0	go	hat	L	PMv
0.6551319466470372	0.4442356906998804	0.6233984948599242	-0.9923131298041904	-0.46295517156892485	0.0449541576042681	0.4302839451228605	0.6921889002161687	0.20036291415305751	-1.0510074129939564	-0.15513966022190645	1.12494925778163	0.13099699296922637	-0.1192640441649545	7.0	go	hat	L	PMv
0.49420768346718075	0.26446758377055807	0.2824410348598105	-1.8715883436883742	-0.8899355313991609	-0.5092840724400876	0.14564838611915137	0.20948433817358125	0.08872608501323097	-0.8999604668289045	-0.534210734979579	0.5047353406113876	-0.34023576560916663	-0.12413027138849766	8.0	go	hat	L	PMv
0.2632321621079313	0.05681215648532144	-0.011156733986924221	-1.4542905256860899	-0.9508875068242489	-0.9039737071695394	-0.07488844640995011	-0.13823315629864943	-0.009234935961152034	-0.5102952741574265	-0.6217754697160947	0.1808259228579134	-0.5564489162730268	0.06193405349843847	9.0	go	hat	L	PMv
0.05551744245142241	-0.1986288516567877	-0.26113741022302117	0.05942321387881166	-0.31992856084781734	-0.971785711126385	-0.21582249792028813	-0.2950693689048981	-0.08669973263349647	0.33635273128923815	-0.2039508358167321	0.37293476480177784	-0.3098415192941606	0.23721399127491882	10.0	go	hat	L	PMv
-0.04053627176571163	-0.3761957779768245	-0.38088024825568456	1.3773517126920265	0.5900012098851493	-0.5213381863435451	-0.25098885141664945	-0.21342284206524814	-0.10946201305601475	1.1281096960008294	0.42612523310762473	0.8797284995236149	0.18508009359165273	0.28217323720018217	11.0	go	hat	L	PMv
-0.009568530206499332	-0.320958136168956	-0.220553938703785	1.9353538394130065	1.1239189058426464	0.27907934945879487	-0.14821229027647273	0.1336982979317329	-0.048620898964606925	1.213754674473947	0.8466340394776138	1.4164291306725287	0.5951306712795664	0.20983829414896124	12.0	go	hat	L	PMv
0.07914841343921447	-0.10358547802151823	0.10586450534816848	1.604691620288487	1.075728023174242	0.9692951046654525	0.012076360053211027	0.539914501855493	0.04854650599022433	0.6717340898075705	0.897218210457358	1.7316597519653572	0.7426026137404915	0.0938360041010636	13.0	go	hat	L	PMv
0.14076003192400077	0.09600389195105592	0.34526389313438166	0.7048429065382228	0.6417200030819922	1.223512785859822	0.10971804352256032	0.7407952694269451	0.10983887221738267	-0.0010642524756742826	0.6479068109983527	1.6961902819770687	0.622561936492371	-0.007209959522295491	14.0	go	hat	L	PMv
0.13277826957719707	0.18406703541480304	0.38466104847512494	-0.31491148207324193	0.09470647972940081	1.032332376749018	0.10317645675258777	0.6688470647745731	0.10914116621577619	-0.46953626438742785	0.2612245211985208	1.3738311112375339	0.33249171403007965	-0.07681078830144637	15.0	go	hat	L	PMv
0.06064920699266493	0.1694011001235978	0.2695942254632666	-1.1986072103189727	-0.4011926346941013	0.578132922069047	0.024063963524529806	0.42420342118046883	0.0641365970987413	-0.6796242460419334	-0.12698257200847407	0.9206251269611613	-0.017356068485254575	-0.12473059503205272	16.0	go	hat	L	PMv
0.08684340486492204	0.510146430639209	0.4489492914771697	-1.0374861680406815	-0.08305163893111318	0.6013289966304707	0.657571057386782	0.24308579231190455	0.14948801312705998	-0.5968832518203597	-0.1424787427854103	1.5160000285076538	-0.347488157766756	-0.2309114886244645	-3.0	go	adj	L	PMv
0.22061697981423306	0.38555382191331733	0.45701417166565095	-1.9751743331664346	-0.4443102086926901	0.06380114812294163	0.549106360092237	0.06099522779858021	0.18690168232654075	-0.5269473654912756	-0.28744437712989407	0.6910050537933722	-0.5477476506784826	0.4425922854041975	-2.0	go	adj	L	PMv
-0.2644022855370367	-0.01296604094564905	0.04371488107617986	-1.750332604766078	-0.9441619761707498	-0.7008452667538239	0.20206338575105326	-0.5081452086610114	-0.03199017312819675	-0.4614868126705778	-0.9184023982366305	-0.13888900547610084	-1.1416979910041485	0.4619233136824963	-1.0	go	adj	L	PMv
-0.40575365418549125	-0.5652407399673816	-0.4996718914434321	-0.5811798917515774	-0.6637655704302726	-1.5560459506071087	-2.235842007827738	0.25673926235687405	-0.27969335595061307	-0.7990565883861749	-1.0607241663857878	0.20485212893425284	-1.0521774520859357	-0.9313055370984155	0.0	go	adj	L	PMv
-0.5649747506329168	-0.7262076989648295	-0.0611822844367184	3.1337799433056786	0.0924205367941099	-0.17796030921620423	-0.8181122195298939	-0.7444776506521842	-0.21543919104622958	0.48527315441778074	0.5969037220342079	0.8492471336114965	-0.49588634782883645	0.6627045436153517	1.0	go	adj	L	PMv
0.3390348855312558	-0.1392276259099821	0.24847283921507715	3.578072488950965	2.0888727005298056	0.611067559781357	-0.07145079449696708	-1.0265028615159082	0.024158328785193833	2.757365501701161	1.0887378506019199	1.5681470923428438	0.4912527245253505	0.3721687721530027	2.0	go	adj	L	PMv
0.8742385165296833	0.46283663913832856	0.6497855047441421	3.709852517268277	3.3445258206409982	1.5957102205435763	0.8637183384572676	2.0182396799114235	0.44467437120413006	2.360495392922731	1.881057400320791	2.552367380034287	1.645079343076599	0.5953068548895124	3.0	go	adj	L	PMv
0.6707388271376751	0.587876868514446	0.971979595376115	2.6591358485914744	1.9083250431852956	2.0983956793199274	1.2375892527382784	2.761856376974599	0.5892699233335369	0.2874708666105191	1.8800798370262313	2.566508841250393	2.5059736810623097	0.13272514668173763	4.0	go	adj	L	PMv
0.8623865631299518	0.4740340205413219	0.5806516801571487	1.3277455837401009	0.06404691721135533	0.9608028107372516	0.35088498230265924	0.7995605016197683	0.16357902445734443	-1.3912244514802221	0.5756100877533288	2.004143079134816	1.2750657692442098	-0.8460113217142677	5.0	go	adj	L	PMv
1.0065109214914267	0.546198356662454	0.8530711199032258	0.8554487504533028	-0.5409468989811115	0.4489096010237447	0.19277718667645685	0.5741268808135107	0.09859567381329766	-1.601836151229638	-0.030407737421937572	1.7506967359209806	0.055746552564772366	-0.7124475885606926	6.0	go	adj	L	PMv
0.6292023986522604	0.38891361395388035	1.0263270114759946	0.027913874818406292	-0.8290974081623067	0.38607225193309264	0.3771022925413389	0.11846525300850151	0.21421840844643228	-1.6405845204375153	-0.7073426678166602	1.4148080007649477	-0.7453851557016696	0.1902537833070801	7.0	go	adj	L	PMv
0.4794506107616094	-0.1066186719707625	0.783286113019697	-0.6074039418132391	-0.8702737161979064	-0.4193771626439186	0.15798609698865795	-0.5147161682225715	0.03483548690107204	-1.1922591214949498	-1.067004566377833	0.5427866963531963	-1.0503545164038852	0.7192760504314987	8.0	go	adj	L	PMv
-0.17828769547808218	-0.5977550043236061	-0.07699942888717728	-1.415318188043738	-1.1982397098916033	-1.01015865095904	-0.7996203082797542	-0.481804025368478	-0.103815089607083	-1.3541092139955815	-1.3060378874868777	-0.10447333655118705	-1.3667486635488382	0.6075240121091905	9.0	go	adj	L	PMv
-0.5266748844851276	-0.7617661805922072	-0.22636416808914286	-0.25556876653301036	-1.1164132769355002	-1.0744608699816711	-1.1054413287903886	-0.4486895918349719	-0.25482602543623883	-0.7295697852273882	-0.823152962958429	0.10652464462211136	-1.0164616404468243	0.6300057892348425	10.0	go	adj	L	PMv
-0.6979712067540996	-0.6478046057982568	-0.24511911427748984	0.888889619062484	-0.372861383616847	-0.5134813554450189	-0.8388417365670355	-0.9006885652736739	-0.2834568548085878	0.9388939386405817	0.09925088668937078	0.5634695819385339	-0.320415141003714	0.7342406970371227	11.0	go	adj	L	PMv
-0.39300556868302755	-0.5351249509440854	-0.3548189395905962	1.3194983467349835	0.9020753813653881	0.31360529140201504	-0.372652839641859	-0.33957118824562493	-0.10923351784994839	1.68384889944421	0.7538375952687953	1.0763314892780034	0.7085204266942587	0.313912305007602	12.0	go	adj	L	PMv
-0.05623902054242805	-0.06831779358023898	-0.12734857244525002	1.1591779442968289	1.2887982084038518	0.8564586925132126	0.11691168133096316	1.224072460824735	0.05101989570541559	0.7471025974824261	1.2353026601551178	1.6024360976197178	1.2962355411945643	0.19247038373646524	13.0	go	adj	L	PMv
-0.03386071612999366	0.1291867935186578	-0.2288387552495758	0.2580684824847818	0.5931730792635743	1.3169719874164978	0.0477853505527357	0.9336312081461371	0.045065856479627076	-0.2253134919860656	0.7867253881542449	1.8308854701238837	0.9977585207456448	-0.3752474152759172	14.0	go	adj	L	PMv
0.21189591660886323	0.30189606269586416	0.12036633527526226	-0.3816626702729227	-0.11237293323126939	0.704685633973496	-0.0015432777127918178	0.7054254977540506	-0.0294200183267429	-0.8549187146761568	0.3229380839956607	1.7503165603174462	-0.016753855520225895	-0.6555114883794637	15.0	go	adj	L	PMv
0.145177628295649	0.4600260573658002	0.5225709907711846	-1.116969222675601	-0.48987665710651934	0.7640061090356018	0.08558243844524578	0.4777367589564839	0.1454561503562088	-0.6912392474428247	-0.21850090336925845	1.2295451931563832	-0.40397052816964	-0.34158545823716435	16.0	go	adj	L	PMv
257.3918587475683	270.8715275295326	269.35899821484867	220.63425211828957	264.75861857666337	270.8574833283355	243.0178794779086	261.0030452244885	250.54593577026876	235.4881437158547	222.26832600216713	290.3380502824071	261.86527516320433	170.75336433724618	-3.0	nogo	raw	L	PMv
256.8709498887556	270.6439222042649	269.19046220007397	221.01488593062993	264.5155388654471	270.3092993856459	242.83356288657217	260.4504282747542	250.46416792255314	235.65209877428987	222.02293005117494	289.604908134969	261.302070486484	171.04791190132747	-2.0	nogo	raw	L	PMv
256.6528333549954	270.44608323392157	268.7688562022982	220.8744479856959	264.23803128232436	269.9847106333391	242.5211942536633	260.09506066859126	250.21095514889294	235.70112193602392	221.8192872145016	288.97767277817354	261.1544998155623	171.2666916672822	-1.0	nogo	raw	L	PMv
256.26864530731154	270.1819524004094	268.66484959788306	220.8803194347507	264.1346744607212	269.87300260245684	242.25224555729017	260.00958178683743	250.13099894600947	235.79395976884874	221.93550057526207	288.84255181348107	261.5856625154233	171.16196415444196	0.0	nogo	raw	L	PMv
255.71481510652572	269.87690851344814	268.58436998088365	220.93063728518734	264.47430534111277	269.994614062165	242.091146456044	259.91517432969175	250.04177930114255	236.1838907161455	222.38268055105803	289.0808711764997	262.213782614219	170.9968720971917	1.0	nogo	raw	L	PMv
255.83569781109568	269.6869319546427	268.4326710895863	221.34323726655336	265.02374767610104	270.37045736146626	242.3240576389152	259.81604872657664	249.9694272322103	236.38622239433425	222.61056527021694	289.5634197021491	262.4266277283945	170.70052124505654	2.0	nogo	raw	L	PMv
255.48692252760966	269.9444076614313	268.2823153246443	221.5706647808836	265.68984322766664	270.72530197228576	242.70175381716285	260.51213277555945	250.11998277533183	236.24233112220492	222.90582838295333	290.6079728116558	262.2157970167691	170.5147941876185	3.0	nogo	raw	L	PMv
255.48978129003942	270.34456366139005	268.43051705962034	221.3804810126108	266.0518651868358	271.4787068934725	243.04283281443463	261.22588531726143	250.20636165722502	236.6534721585549	223.15158965041854	291.6015471105286	261.8797113360458	170.4930404986055	4.0	nogo	raw	L	PMv
255.66904450947573	270.70282642503196	268.6733393100118	220.81558563945023	265.9312373647998	271.6733732982316	243.33016193904518	261.6148248792658	250.46419814465563	236.63621685876754	223.1685133587779	291.7031748935522	261.3198497717187	170.42321466994952	5.0	nogo	raw	L	PMv
256.2047866734739	271.1367505691169	268.8207175079338	220.07034582643934	265.7733596125498	271.57166470371646	243.4527951495008	261.58390771597414	250.65531228786742	236.76596783342075	223.09773350476223	290.90432194121775	261.3042109562038	170.61888689336678	6.0	nogo	raw	L	PMv
256.67757459293557	271.3737898880233	268.85830324522465	219.72831893525014	265.32899880602616	271.2714028906146	243.46266270196054	261.3712354419983	250.71703759246773	236.8285450612766	222.75864330195938	289.9094589499938	261.2930855550504	170.83011454835622	7.0	nogo	raw	L	PMv
256.65332427382276	271.0689904647176	268.78530794959437	219.6975560456097	264.8780992869215	270.7782667214992	243.0062597125943	260.9014536656261	250.51394447310918	236.6435348701646	222.26660082443786	289.28066368270623	261.0567643399151	170.75150297591262	8.0	nogo	raw	L	PMv
256.74183590546966	270.4920791840926	268.644089971634	220.62277383474648	265.0863338491262	270.40405276096175	242.37903609375942	260.4786422703683	250.28254971077243	236.82054257968133	222.32479042188717	289.3272884170211	261.284346492586	170.350726542754	9.0	nogo	raw	L	PMv
256.4323097208378	270.35447905934694	268.9424367851468	221.83828014282793	265.4183495560476	270.724207121832	242.78742840331492	260.19758079483404	250.27044061881875	237.0398102117138	222.94032502272754	289.64788083817984	261.6566141377012	170.67465670044388	10.0	nogo	raw	L	PMv
256.9031940461121	270.4364007969719	269.1010257627325	222.5140592380368	266.249433316128	271.0684099096071	243.09640064530515	259.95351921044124	250.37048952198805	237.56706252178373	223.16788048563245	290.0679637164256	262.1439800116392	170.6312926829094	11.0	nogo	raw	L	PMv
257.2009049524372	270.6569752139985	269.14396679064976	222.65296010456788	266.78783659807647	271.08237360798114	243.32782342045718	261.1963584432258	250.66034314048983	237.31826535038573	223.43781288424134	290.6644401383184	262.81536950054056	170.57710565564744	12.0	nogo	raw	L	PMv
256.7018645123057	270.721712728521	269.1854183728578	222.1306491270866	266.4031771984765	271.3115932578159	243.68045735493257	261.82078758480975	250.59137239004187	236.7843083056957	223.33465625340736	290.9678491256027	263.2423859427054	170.40763624185348	13.0	nogo	raw	L	PMv
256.3240853114894	270.71594699850414	269.1205509134062	221.74775515774726	265.9435840512547	270.7648592147692	243.4084130357979	261.498349829301	250.56509514966623	236.1332427470801	222.90119296961453	290.8094670809493	262.9044146412037	169.9473038641259	14.0	nogo	raw	L	PMv
256.2005021796171	270.97266082049083	269.1139718204084	221.1905763396085	265.67940233573916	270.3447640764548	243.34587244889505	261.44048733361626	250.58781386919517	235.78085120706348	222.6791590608783	290.8644303764506	262.2381675612444	170.08292795711054	15.0	nogo	raw	L	PMv
256.56145747328503	270.9238160753026	269.1696675276101	220.5811380981322	265.4712534350594	270.20112220362614	243.21168487549153	260.7916095263974	250.65482631601319	235.95579424077798	222.3953709048035	290.5532072659621	261.85512325432	170.53187224784196	16.0	nogo	raw	L	PMv
0.44766625661303155	0.20257642305087392	0.38529008116012503	-1.3328912389932177	-0.6506717770078384	0.059422368026735506	0.23095536646118633	0.5585928903943507	0.08670047401587946	-0.8102403942062599	-0.344885922193609	0.7078017091087324	-0.19157693570026152	-0.12913048070277744	-3.0	nogo	hat	L	PMv
0.2912387309145865	0.14812602860800328	0.20794071558885202	-1.901411154732667	-1.0238784685020648	-0.5046028094627693	0.0671266851904446	0.17225977173736845	0.02886582556711676	-0.9251602757732016	-0.6356845980578053	0.306710910077556	-0.5154866364598094	-0.13249170066500685	-2.0	nogo	hat	L	PMv
0.10833478692315537	0.04632862572548665	0.05450503987584035	-0.8620130632215095	-0.9205552246855288	-0.9458497438450829	-0.04807718281014247	-0.040607721269732104	-0.019557597316083822	-0.6919107272438708	-0.5757990845045151	0.2300772637747778	-0.5572743605584399	0.039053448616985426	-1.0	nogo	hat	L	PMv
-0.022634095440555068	-0.15007655307686726	-0.0863411991117827	1.0665794729981932	-0.019542999530639406	-1.042681118338654	-0.11419017910422254	-0.047593078607548495	-0.0578016935873403	0.17328578032791675	0.0688769438246466	0.6767949015040845	-0.08628065584086184	0.19285534098704354	0.0	nogo	hat	L	PMv
-0.04086855040988173	-0.3518445291557522	-0.19692634250046143	2.012038280536882	1.0422350458127498	-0.5504756903419242	-0.15972575476357354	0.019778021053824747	-0.08652732318987934	1.1485969188856555	0.8304981888776569	1.2700589083523723	0.5415813424991099	0.18823473973889487	1.0	nogo	hat	L	PMv
0.029691875519319566	-0.4596584440258867	-0.2592257106094174	1.677576448136065	1.5506179577000467	0.3821848974563809	-0.19775336787400943	0.044424590302507824	-0.10476639763080038	1.6151953143074753	1.1843570098347114	1.5760889687161428	0.8681217244669813	0.09798827223842972	2.0	nogo	hat	L	PMv
0.11146954604692508	-0.45732717556126645	-0.27686075119289283	0.705057725611879	1.3852928481669282	1.2808444748367473	-0.22779785702490007	0.0026660199885963666	-0.11345345142603358	1.4635265717924335	1.042656344275659	1.497229812809298	0.7865335194036737	0.0021658585875738707	3.0	nogo	hat	L	PMv
0.1436877443662134	-0.38390775429225776	-0.26611006158560085	-0.30349622415054744	0.829217628523009	1.7520455606890983	-0.2467622926103822	-0.07545099184697923	-0.11559876009243797	0.9419230893855121	0.6145724539116406	1.1688712265095518	0.4499180011084279	-0.06721338446181072	4.0	nogo	hat	L	PMv
0.11112916054307898	-0.2851243053449617	-0.24285730972328623	-1.0887101260104963	0.19206398298171376	1.6981196335989426	-0.25314028576767733	-0.1554347012603288	-0.11411022865281502	0.3401236077169949	0.1349528314568764	0.7636721142584143	0.04558397238240297	-0.10985970192654745	5.0	nogo	hat	L	PMv
0.03086403196107635	-0.19084004487904457	-0.21691997951492858	-1.6559948943296925	-0.3656649781719478	1.2530063416766068	-0.2483527278292973	-0.21979060638351366	-0.11110315103284182	-0.16966384935238293	-0.26928849431218227	0.3948626890903096	-0.3147658212747629	-0.13882397198711327	6.0	nogo	hat	L	PMv
-0.07292050547306517	-0.11416712348271536	-0.19472110429589082	-2.127146722122569	-0.8152948841722111	0.6196444548794506	-0.2391393766567491	-0.27037280628568966	-0.10891341791164032	-0.5455175638887032	-0.579498401896514	0.10185655119124798	-0.6084554683435811	-0.16535703456094722	7.0	nogo	hat	L	PMv
-0.18228552460020103	-0.07151113157736971	-0.1869227922873304	-1.9747065758064433	-1.049331476980887	-0.037249559604126965	-0.23489851237535833	-0.2967776020820397	-0.10956226450787093	-0.6955123493192219	-0.7318616000448105	-0.05480624093377318	-0.798323951736903	-0.10664783769319142	8.0	nogo	hat	L	PMv
-0.2643783990208661	-0.12854314179685472	-0.22094384352259683	-0.5262944004347658	-0.653658186046595	-0.527296278040865	-0.25135488032729103	-0.22722429921018295	-0.1143258738468014	-0.21368552449481626	-0.4058567383718465	0.1742975300435973	-0.6353598551391965	0.04025821105128995	9.0	nogo	hat	L	PMv
-0.27124364854544025	-0.2379989285274949	-0.2634530295998289	1.0691999344406213	0.22977984052858202	-0.5438869710482982	-0.2221198190956368	-0.05377176444138285	-0.10348347744168412	0.6954439509160423	0.31034888102080266	0.758140255234177	-0.09224884617351817	0.17525650488401293	10.0	nogo	hat	L	PMv
-0.18397043244330172	-0.19412555572268037	-0.146952906577081	2.21462869797395	0.9764586919752557	-0.018613743490931516	0.029523376659834295	0.26524896092388617	-0.01361935861042101	1.1721313934022102	0.9139856903607982	1.4084225216795405	0.5899645857576872	0.2529172108292879	11.0	nogo	hat	L	PMv
0.02172315087956228	0.025601044214656025	0.14801833921824148	2.486370973335381	1.2115603684734024	0.6707182847149982	0.4214166586009264	0.691140060819614	0.13620623914762814	0.9107344695208491	1.1217248237758075	1.8459504103931232	1.1270045099139492	0.21211412646192074	12.0	nogo	hat	L	PMv
0.33331104362356856	0.25432567753720053	0.41782658562794983	1.876646458944328	0.9654481995584844	1.0783423146998345	0.6996273645399932	0.9779749765628645	0.25258728977981315	0.28954356093139183	0.945155890678835	1.9053543706070146	1.2885509013408212	0.10889019409382994	13.0	nogo	hat	L	PMv
0.6421800015565016	0.3726674397644923	0.5177315103162513	0.8373725513239791	0.4685097703170655	1.0432296633352474	0.7384075000971243	0.9719304241405622	0.282373790569694	-0.27339977770046936	0.5511968525807225	1.6288484123986562	1.0659245902624652	0.008595848852737365	14.0	nogo	hat	L	PMv
0.8195957289020822	0.3729193792781971	0.45413628243792276	-0.20920019472587081	-0.0659161473643589	0.6752796288116991	0.5853576259648798	0.7264389807728836	0.23814902216108377	-0.612492008149725	0.11249742528742167	1.1780959201060783	0.6232427270862673	-0.0649140604536789	15.0	nogo	hat	L	PMv
0.8103041453016613	0.303103771811206	0.30501547362130227	-1.09743200166101	-0.538239358762268	0.17038842638219942	0.35159862778924206	0.3834199842900297	0.15948954807610705	-0.7587027908371484	-0.274472316585734	0.7051284348141957	0.1306432477018382	-0.12023485866051774	16.0	nogo	hat	L	PMv
1.689031241712922	0.2651268182506612	0.44481743801636514	-0.966586605423354	-0.6219618004338444	0.2775308147672448	0.20254727118440286	0.5222735222709173	0.21568509191666538	-1.0474064499081257	-0.33064992116190334	1.1729396172392494	-0.2396923322795247	-0.08137766192419384	-3.0	nogo	adj	L	PMv
0.7147221130335369	-0.013729451066390425	0.2691771893826083	-0.03296863951964912	-0.8877359506362082	-0.5362571865344403	-0.007346652060288086	-0.2629723808699457	0.13282289830822225	-0.7215909971621314	-0.6271019505547736	0.32312278122460353	-0.9979239300671177	0.33860412925730665	-2.0	nogo	adj	L	PMv
0.4969596755635051	-0.2396235954757266	-0.33286404075508585	-0.30147874165936234	-1.3433843842038555	-0.9897018426521653	-0.4504627732819643	-0.7356414412051554	-0.17939932037709796	-0.7126503609027236	-0.9228535033457343	-0.41712356772118114	-1.1845492625266483	0.6819995915430679	-1.0	nogo	adj	L	PMv
-0.006023283360232444	-0.5708651972617979	-0.3824536133577926	-0.3245583059717324	-1.6291194902784076	-1.1039857147355774	-0.8373316499232626	-0.7913193732429505	-0.2727881927090444	-0.6655150536693121	-0.7986106625166665	-0.5622428416970519	-0.49787035352937603	0.5139390360740118	0.0	nogo	adj	L	PMv
-0.8450022716635649	-0.9698061385705345	-0.41929233202514593	-0.3058093439404949	-1.176922485915941	-0.933300584506377	-1.1210377937116727	-0.9677253908468452	-0.3860649946400266	-0.0683042275872438	-0.21037111256972063	-0.3028587040935842	0.4900188618506765	0.3208827546500252	1.0	nogo	adj	L	PMv
-0.4844737853600002	-1.2464493024106367	-0.6267153709258817	0.5221917392368686	-0.35450833604945975	-0.36772753886185194	-0.7639668031941511	-1.2515114022527651	-0.48542132774116065	0.17693908237523703	0.014611663914040856	0.18959403974617237	0.8085316857371577	-0.08187362357175165	2.0	nogo	adj	L	PMv
-1.1004029528315846	-0.891473357412271	-0.8481449838749553	1.0451199840053575	0.6912787976394528	0.09008835483288856	-0.2028094997668446	-0.15429906336689414	-0.3005893746658136	-0.24321767176149517	0.38912497553133474	1.457861923574119	0.5078577035981499	-0.3000605483010585	3.0	nogo	adj	L	PMv
-1.0588098971539452	-0.35622098660491536	-0.5902564186649132	0.8379210761248316	1.2565178163918431	1.3857883576465018	0.27501646882589514	0.940474131098263	-0.19646149587838546	0.4651268825749275	0.7398836694319404	2.7278636351033945	0.06167713475440086	-0.2731730347626161	4.0	nogo	adj	L	PMv
-0.8535273885210279	0.1020364890120874	-0.19907995152514377	-0.05081433029365205	1.0258091088458083	1.6213233904174995	0.6919319568135206	1.499935011794764	0.12937245254642446	0.3381869983880588	0.7670908675278926	2.85594277248098	-0.7321264138142625	-0.40320245289721424	5.0	nogo	adj	L	PMv
0.13655142629960915	0.6813846239597903	0.02391096677448453	-1.3175573342476687	0.7556247778575641	1.4127652535290232	0.8807246736830404	1.4085414207705287	0.37215206747985013	0.5332486978007651	0.7433290117830268	1.8334607337836373	-0.6226566438421264	-0.08277955631984812	6.0	nogo	adj	L	PMv
0.8244308657053218	1.0121776989102893	0.0732531523197332	-1.8776914602863362	0.019345412729983042	0.9428065486268327	0.9532256782123784	1.1086157505134255	0.4489235008450817	0.624631294875154	0.28757016145261344	0.620127735034125	-0.5613065163220587	0.2810493020488533	7.0	nogo	adj	L	PMv
0.657576290283681	0.5896104082582952	-0.0902113854140252	-2.0656222482158455	-0.771796991216722	0.17594131408565003	0.2253815979253899	0.4028539579767741	0.17988148407857835	0.18910562233829817	-0.4522368168172227	-0.10787946302650228	-0.9733408259614008	0.16049140143479887	8.0	nogo	adj	L	PMv
0.837994205995322	-0.2204531373790079	-0.3749816982435511	-0.48340535737194334	-0.486005122359362	-0.41135051262382355	-0.8092567591883391	-0.19584566847628937	-0.12705218711629512	0.4298347106204613	-0.3818175190612942	0.020461041474547276	-0.673059557536066	-0.5541985827586693	9.0	nogo	adj	L	PMv
0.24532879551754325	-0.38447627831578746	0.0958497575633941	1.413686717662427	-0.03552237089334661	0.30463869510822067	-0.07236998868137051	-0.6323029768982997	-0.14355583653417986	0.7809286686724195	0.5099441181876087	0.3946134215067492	-0.167712680800282	0.0936807208618839	10.0	nogo	adj	L	PMv
1.0732383385281503	-0.25803909187866325	0.31811120195916137	2.4064220950112096	1.3093545224811485	0.9448978991339196	0.43080259865414944	-1.1745949184354085	-0.0172270329368566	1.783108368088486	0.767187720119044	0.8497738410069885	0.4830528996139242	0.03637339351086651	11.0	nogo	adj	L	PMv
1.7030619418167248	0.06714812851701488	0.34989571087038246	2.598025124657092	2.1700336492489094	0.9231971379470096	0.7687303365723839	0.9102671237562294	0.36111567725035987	1.4553493844333578	1.158640666702515	1.5755755739240078	1.4493710412535554	0.016144854111497083	12.0	nogo	adj	L	PMv
0.7542478659431304	0.15655012081475816	0.40703303491915	1.6596967065842712	1.475110456438975	1.441074378872338	1.2872863684306248	1.8959741076992558	0.26946780214562843	0.6143019555844133	1.051683702910398	1.9417827070240337	2.088179288530061	-0.1780819729659143	13.0	nogo	adj	L	PMv
0.21461321048850607	0.13924285223809457	0.2974158638548715	1.2388888607839608	0.7401032077432236	0.459222185663525	0.8070166896357099	1.2922056907674937	0.24306184987643356	-0.38677209415264713	0.47639725414480266	1.7116571537734355	1.5533746483898216	-0.9749521925115584	14.0	nogo	adj	L	PMv
-0.022657136644904395	0.5274784771284242	0.293823801435069	0.48994958017899176	0.4268592585313703	-0.14705432871864127	0.7799640614089945	1.3088896981334641	0.27716727039885397	-0.8968693664198787	0.3101978270350325	1.8635868561847146	0.5875221490391577	-0.7610880351445234	15.0	nogo	adj	L	PMv
0.9183678599701577	0.4759839036903901	0.40252385471691304	-0.41559133165797346	0.23932551623168546	-0.2417582493994697	0.6657852877565716	0.34438381795997786	0.3785924167716915	-0.4376287463515105	0.018464242538042408	1.5441247936079585	0.13493802606553007	-0.06813562628562134	16.0	nogo	adj	L	PMv
311.70622816754576	233.77787669727917	304.34721581796	247.97214583353397	289.02105046310135	242.5267111689518	227.7983344887707	282.82972011489505	216.70346953915848	198.22423913187652	245.63522814002573	254.1875463743204	311.9213032772668	178.49646443212205	-3.0	go	raw	L	M1
312.3849871968592	233.5707775721638	304.2896779351455	247.41545447422035	288.6658109216995	242.21717817206732	227.7507926686109	282.37244522848954	216.42306872317923	197.87591896282575	244.83221044499456	253.64721242893503	311.03697477795697	178.44634239161203	-2.0	go	raw	L	M1
311.98498406445356	233.0588134473101	304.0708033208463	246.39593413113997	288.0966522695853	241.66338192621805	227.460245509319	281.3861233557793	216.0002703097234	197.95517117586851	244.04999746394242	252.97497946607155	310.14759883435335	178.17580442267158	-1.0	go	raw	L	M1
311.78913156773183	232.51243235636534	303.5915895932398	247.23074067915866	288.5504219310573	241.21989978249113	225.93550535034268	280.740500713813	215.8678846985196	198.79317292164203	244.04695624848006	253.24584182277582	310.54923826126776	176.80212823253407	0.0	go	raw	L	M1
311.1377993924717	232.60488897114828	304.14982765827455	248.9299878686231	289.5815215486224	241.41961141975725	226.6348998312015	280.72210847000423	216.1618079164938	199.70593541524224	246.12190425155143	253.6509093597872	311.62042374980234	177.98905279924173	1.0	go	raw	L	M1
311.7470432769216	233.5981525117626	304.9524514139181	250.9227557565799	291.6232545012479	242.02503865558336	227.20847256405253	282.0611453868226	216.96563322121187	200.76544129169417	247.7286916316032	254.5073014120376	313.10261014838443	179.0805983588055	2.0	go	raw	L	M1
312.33882510164545	234.12172030818954	305.1064087263036	251.6071619649698	292.9881114610955	242.68565612101125	227.90723250326195	283.41060389117905	217.5580341845538	200.71463997733653	247.91257230712506	255.31869236041916	314.17388236353435	179.9448828405901	3.0	go	raw	L	M1
312.6003256746733	234.07216783403047	305.2875090798777	250.67004867914278	292.2665124204182	242.8605768110065	228.2897315332273	283.7062582583862	217.58461322229147	199.95887352543426	247.16491810384701	255.31679042735092	313.9516556307565	180.380313012475	4.0	go	raw	L	M1
312.55030787167635	234.04698091765056	305.33578122680836	249.80046023396187	290.6099179958326	242.793340580665	227.95063432281367	283.284136996434	217.43021880375412	199.0244361806305	247.21313789019325	255.0042257992143	313.7710474304988	179.7419651394978	5.0	go	raw	L	M1
313.57316136113144	234.14751440342275	305.54524424001863	249.49182443273463	289.82041471527066	242.90063177236237	227.92328711323506	283.28962890636643	217.42289651668645	198.2144947688157	246.3380322972592	254.74835197299646	313.5344035790542	179.56470527846483	6.0	go	raw	L	M1
313.8916480390199	233.87373196232716	305.4497658962104	248.85861265185676	289.2267569953556	242.65373836212177	227.77380115048246	282.7072500948865	217.03055276161143	197.713092010139	245.11247461518354	254.2550310173557	312.18783422695196	179.4281962733111	7.0	go	raw	L	M1
313.5133207889837	233.06408298883952	305.0856234851594	247.7464839775197	288.79919930496203	242.09470647648038	227.44072277286725	281.52974785245135	216.3642444536931	197.45965803288226	243.74204663916396	253.26920726517045	310.4834411996304	179.00003023178203	8.0	go	raw	L	M1
312.8166918295038	232.30165749832705	304.3542494452522	246.5560679683745	288.09235668450293	241.36269327710787	226.68207544043432	280.6962092581333	215.92707767789236	197.68395222868853	242.7619297438901	252.5341536410238	309.74763130200415	178.3534638998399	9.0	go	raw	L	M1
311.8769605062795	231.91599989585285	303.88631650138825	246.60412049036498	288.1356589415948	240.73407607907026	226.22606240598327	280.15319307737116	215.77335077097578	198.30227333574234	243.1283606580589	252.65206667116303	310.2267936313679	177.88674334400142	10.0	go	raw	L	M1
310.848314033903	232.2500383151746	303.91723349448665	247.33778233525894	288.5219081607013	240.77589159880057	226.29867406153116	280.3945807164735	215.97944197080528	199.151630389565	244.30733932230595	252.91434741885288	311.3536927783764	178.37784763789608	11.0	go	raw	L	M1
310.8009466861237	232.78536424378748	303.73510963186214	248.05792160343998	289.467252094095	241.23131046426258	226.59352808522365	281.1705662483496	216.30706290798796	199.3910752652088	245.21123441217537	253.47394714055804	312.1768947856545	178.71737908274022	12.0	go	raw	L	M1
310.4264448193826	232.9623732892044	303.55764479633615	247.77500788864404	289.56222974405455	241.49101225372476	226.79411093967138	281.90160967678037	216.38808087981272	198.97377451774187	245.24478880611258	253.85116072577753	312.08420626539356	178.9823350887598	13.0	go	raw	L	M1
310.17211083515775	232.98879208459664	303.5171977313037	247.24230781861792	288.765618325587	241.8036084748923	226.71419135473357	281.91326606476406	216.32213820990418	198.4075863030947	245.31288245527335	254.10704080619544	311.5746264057224	178.67566937357867	14.0	go	raw	L	M1
310.41909452118483	233.14007625932578	303.77714138812223	246.92524025656584	288.0116113198419	242.02354426647918	226.7868387077467	282.2902207321807	216.39358686814742	197.83353123077097	245.13618362415977	254.10059676589006	311.2384602377806	178.28458962030774	15.0	go	raw	L	M1
310.5456138308738	233.28188513141154	304.2256283190562	246.7228402015555	287.6277746920031	242.20800631332187	226.80872801822522	282.29086373526223	216.33320355518794	197.63601755531823	244.55085789468774	253.75475506398618	310.9586447372843	178.1207419410791	16.0	go	raw	L	M1
0.9391782707181194	0.34563526182457427	0.4420290676087932	-0.7504238880748724	-0.26072232925440086	0.9784552434340097	0.2559601770891223	0.6824980097684037	0.3243763691660692	-0.5539004224011346	0.19730137410920723	0.9223273364213811	0.2670338326307759	0.07985103024900943	-3.0	go	hat	L	M1
1.1818816606959142	0.029434390427067202	0.11375649473606314	-1.7447433673053647	-1.34049659873276	0.39978289105593806	0.04202070207478443	0.11133482709497373	-0.012744153659853623	-0.9773760118433045	-0.6888899034901266	0.3978907163210574	-0.6680302456229248	-0.0798984371884289	-2.0	go	hat	L	M1
1.0589351299746113	-0.2686560011301984	-0.23096183586938995	-2.239244412529305	-2.1145567225948816	-0.2712949761564813	-0.18141170760161582	-0.38114987178694015	-0.31095475591876476	-1.1818525709242602	-1.3264260450094716	-0.014420858608508431	-1.3820632446426562	-0.5551468403954806	-1.0	go	hat	L	M1
0.6360183375712438	-0.47829488614730864	-0.6134350175716654	-1.865682786162443	-1.8431669415728913	-0.8228186314143674	-0.44033226315032026	-0.7327910419181178	-0.48203757870045044	-0.638944740313494	-1.1852402662970956	-0.052741721475626085	-1.347622445820076	-1.4094528964453503	0.0	go	hat	L	M1
-0.09884855140083428	-0.5175096582674853	-0.9333388462598624	-0.6977835286940904	-0.41455534309502595	-0.8891280769757386	-0.6603966636417807	-0.8454450454121719	-0.4525283442316636	0.6275136466649377	-0.20445666366910806	0.33563552169214245	-0.48618331168005	-0.588723442115729	1.0	go	hat	L	M1
-0.9376814823187766	-0.08786736659986832	-0.5620649242736693	2.2184455719139153	1.5823264873469973	-0.3028356575490285	-0.3535008112289165	-0.10203480997222407	0.04192107842987422	1.6649114243512042	1.2618250466164578	1.1625750618641404	1.041359289137348	1.7181878070462389	2.0	go	hat	L	M1
-1.119151711720339	0.7374441389098702	0.5665841343030678	4.717811160342879	3.2985353079540514	0.6573731190757535	0.5226433665811845	1.4415298696896823	0.9024762103671901	1.8533972461670363	2.660026232545684	2.1799842188592566	2.686140554285237	2.6675951272397804	3.0	go	hat	L	M1
-0.1672682742289943	1.3993128148374603	1.606341006157567	5.010932805652552	3.8854546443336657	1.5080362225048074	1.3193220214764831	2.6767524605114885	1.5599855618708314	1.3350667937953102	3.229380039316796	2.7857806721519034	3.5027936557741937	2.2555436174202326	4.0	go	hat	L	M1
1.4326320071467387	1.5664661294593036	1.9729327212684515	3.5914438626844607	3.2434346442226305	1.8935841177867307	1.593553321577751	2.9230619592855094	1.6843690322573928	0.5448860826364446	2.7770893641098615	2.715440465985306	3.1864980427441174	1.4110132771906994	5.0	go	hat	L	M1
2.8002904680795044	1.2949661076893741	1.703104054094937	1.628923803631701	1.8797127537015832	1.736179722402066	1.3723260719206263	2.3225790310287477	1.353901321468786	-0.1868308067692982	1.6812830075014162	2.1351534338236964	2.1186377541769237	0.6945851867096505	6.0	go	hat	L	M1
3.395726022795982	0.8048125999518995	1.119883056388219	-0.13048322370625928	0.352233646184009	1.1729077352708468	0.9013114720914468	1.3603422577429105	0.8182188337611372	-0.7349596452996979	0.43030820638164224	1.3502283780806152	0.8203405092416257	0.25346397233454027	7.0	go	hat	L	M1
3.2001188598971515	0.28743559017026765	0.5041941885777032	-1.410470873271599	-0.9838173974909935	0.40990991090172463	0.3994571826746113	0.4336957574809458	0.2861766491401821	-1.0975267771834014	-0.6512217914255045	0.599028845357702	-0.36250095364035634	-0.07686817894405716	8.0	go	hat	L	M1
2.483504306240507	-0.142182879541138	-0.03911313005158557	-1.7423951781918383	-1.6181986772908499	-0.3531278383305427	-0.04049992635407883	-0.27881328706723807	-0.11481780103416196	-1.0234926746966724	-1.1717376617617985	0.13043867111412497	-1.0373703358314752	-0.7260105723272916	9.0	go	hat	L	M1
1.487286515610612	-0.4268065340371852	-0.5196670489502896	-1.2063180706689483	-1.0126341500801914	-0.8199103868608912	-0.4055839145419386	-0.7351178905549562	-0.31460315279488227	-0.18543024489104573	-0.7802380434700684	0.141978940736787	-0.8262741621735172	-1.014643676169139	10.0	go	hat	L	M1
0.3838325258140115	-0.4682366175303665	-0.7521275939198513	-0.014928460760314692	0.2915074846530846	-0.6960809111227176	-0.5630693137907153	-0.7590236754019115	-0.2557561142848468	0.8652764674921857	0.16711062338298094	0.5088539309345889	-0.0022219251641473034	-0.06614859092085038	11.0	go	hat	L	M1
-0.4870431285431819	-0.1765764969093624	-0.47518163483690534	1.3671034381892384	1.3882450632923606	-0.05079020942416177	-0.38517206007057053	-0.12854308605369041	0.07619071491865999	1.37088913824516	1.1343444907393925	1.0651351972338605	0.9331752904796121	0.9659257296183009	12.0	go	hat	L	M1
-0.7582736143803447	0.2409247849275839	0.09399801105455535	1.873633207292392	1.753430708162312	0.7236380760658646	-0.03652591479159725	0.7707734204005751	0.4595277000824148	1.1893203905901113	1.6650937510336352	1.5232565930594255	1.5006398519669364	1.1502287307192025	13.0	go	hat	L	M1
-0.43717242369539	0.49037194533427736	0.5132851644716319	1.3240095087951622	1.346471341636942	1.2347836987423726	0.21379188813152752	1.3158202433425137	0.6312849404185206	0.6168500100965058	1.5488229801786046	1.6302986034520615	1.4562116929502897	0.7972878133817766	14.0	go	hat	L	M1
0.12447336723982155	0.4746175952723262	0.588749976162667	0.25952209348091687	0.46253271160303966	1.3042055590619501	0.2583982202877219	1.2902038778193183	0.5286603327677	-0.01845491453869733	0.9330264656553695	1.380609833055183	0.9061723359474072	0.3568798813321569	15.0	go	hat	L	M1
0.5672384032413966	0.2685445221782027	0.399880906598086	-0.8087727541544618	-0.5500450757034966	0.9765258825083544	0.14791102082403007	0.8691881552613335	0.25261485991080673	-0.538904276505612	0.1202131713994883	0.9308351249490331	0.1211613499114992	0.04143152894314679	16.0	go	hat	L	M1
0.17632006195234276	0.827770036810293	0.3703534969964787	0.01769878044758813	-0.1755020664957097	1.216431396779186	0.5746967666531072	1.4251956350805488	0.5155322832053698	-0.70024378805226	0.6995213786680852	1.4784628402032163	0.26754660359665383	0.2600754992394596	-3.0	go	adj	L	M1
1.4367333601604515	0.5671055478612825	0.2657400095933472	-0.9007460164221132	-0.7273594463972548	0.736347195374135	0.6365756810190663	0.8766675489328111	0.18090938983509483	-1.3937840044327128	-0.3409270657556259	0.818735811935544	-0.9587386525970018	0.33543323395444324	-2.0	go	adj	L	M1
0.6188991183137386	-0.1190292770976586	-0.13004019513797158	-3.085449092523574	-1.83582933827309	-0.22903631549524975	0.35881363055445914	-0.6349101348326107	-0.36466239834997416	-1.4067450518874587	-1.5598349866283365	-0.07604083042354712	-2.353517132192162	0.07976576112467543	-1.0	go	adj	L	M1
0.34264489864377495	-0.8839079193660845	-1.0403324198598392	-1.5372442611582857	-1.3123178332238568	-0.9976136218484912	-2.2528608373502754	-1.6785275424186312	-0.5701715071221093	-0.07179217576379819	-1.7799653873772667	0.29416315948598776	-1.748467285630322	-2.4411518262976877	0.0	go	adj	L	M1
-0.9402896293358676	-0.777476114242868	-0.20497745956458133	1.1027336423375833	0.19484253339338822	-0.599919444896275	-0.9592230854754296	-1.8218305625777835	-0.24196619475384581	1.374686245076484	1.1640997547578695	0.7118870982609791	-0.23773925890075442	-0.46409373582225133	1.0	go	adj	L	M1
0.19357573626949087	0.6276206904071104	0.9827420279774101	4.4088957663983726	3.576891049131706	0.4403144297426542	-0.04090234833678067	0.328148255904309	0.7504766901681806	3.257652852805077	3.374313923386598	1.71862217648701	1.9133946852829344	1.0340372040653603	2.0	go	adj	L	M1
1.1451020312467755	1.3296324621013282	1.075421095571696	5.492528042663019	5.865239672588239	1.5683299065672502	1.05269715629433	2.4575457128092655	1.4789446913601318	3.1338854230395605	3.4872178643986707	2.7156259428414122	3.449178925677271	2.1665142778455233	3.0	go	adj	L	M1
1.4900213530918884	1.2374055420751402	1.2766779695686261	3.5976663304892647	4.561105900424073	1.7298303590746484	1.6104680518479826	2.7750923751027257	1.5111619638032054	1.8636465176388621	2.3572101866040196	2.6793282752236696	2.939386886425667	2.76424153032296	4.0	go	adj	L	M1
1.206843834490038	1.2179876158743632	1.2997529127223573	2.2401776155903423	1.7859808024213257	1.5055936957750675	0.9634894687671163	2.000981484989021	1.3293669615260035	0.4443501069932699	2.8120014857468405	2.3178067700279423	2.7583080993708866	1.5971231330894198	5.0	go	adj	L	M1
2.970732556815639	1.4222595924402341	1.6882646948819977	2.1731714058136347	0.7511885284506934	1.8412533294325308	1.0124586355937364	2.2490076619132116	1.3664756769606923	-0.6965914814582679	1.9204715823546004	2.1161016982083183	2.7729465776158815	1.4604642829814494	6.0	go	adj	L	M1
3.6497688709968394	1.1226306178872376	1.6589247887235896	1.5460839300574967	0.14173201128304005	1.5679403683982824	0.9352347388728949	1.588217514211452	0.9284797106805432	-1.3710115533025373	0.5360493834445712	1.6329776834231142	0.9791996042271486	1.4596502432224383	7.0	go	adj	L	M1
3.0728907623694734	0.06351320272456296	1.196604192317027	-0.10873078093991405	-0.29485110848213814	0.7756868433673273	0.6001185323577044	-0.0909437229672262	0.1425009718799708	-1.740023294221221	-1.2061181553433102	0.4497512923249781	-1.4451182945305867	0.9678373712972548	8.0	go	adj	L	M1
2.065423326294623	-0.9225989078185368	0.1671722545312911	-2.0707713265197545	-1.3763748637300877	-0.3607902270184229	-0.5015634602134996	-1.2038401811091095	-0.37342342620197194	-1.3274566784828574	-2.541290646400674	-0.43675534256797693	-2.3982165092253096	0.06454101428919162	9.0	go	adj	L	M1
0.7211094133031998	-1.4180058951181473	-0.4398090697508215	-1.6931933324788273	-1.2528903789685555	-1.32819242952465	-1.1327966625677992	-1.9803301099041848	-0.5499478246418558	-0.2552360602484542	-1.9784955343970563	-0.21678273547265714	-1.5426585047977075	-0.6536157585479858	10.0	go	adj	L	M1
-0.7254998275565346	-0.9118337796636792	-0.23228553857176468	-0.30244256015118404	-0.5472109268461028	-1.1389261278976675	-0.9255753828871696	-1.5485236735838308	-0.2748003793727162	1.2702272637004572	-0.2903430060751564	0.08975877208468708	0.24025521703213318	0.23893245834649743	11.0	go	adj	L	M1
-0.32641774006429247	-0.1493091809100944	-0.43945979651647377	1.1657435004781054	1.1827978637859122	-0.2791600023729131	-0.3958453847608112	-0.2857191960252061	0.1474723691898807	1.7072751162677882	0.94223166110783	0.7798173732275535	1.510895034539509	0.7436310508714807	12.0	go	adj	L	M1
-0.6964538755231079	0.08035044676575463	-0.679110536475852	0.7038731119425444	1.433327107722395	0.09087501781616915	-0.06642863704219422	0.8326481599308831	0.256462354288623	0.9666488979605526	0.8968500467580762	1.2300169706817539	1.3240042291096035	1.1976598061965873	13.0	go	adj	L	M1
-0.9793663526182733	0.10159460962220665	-0.7239996660698793	-0.17163303155770304	0.14303938175907252	0.5679781813679969	-0.23767492844044733	0.6876086171524025	0.19015340231390726	0.06713039142941037	1.0983551103772407	1.580892052742616	0.5571023077547288	0.7080050865526074	14.0	go	adj	L	M1
-0.4423074427027968	0.3195303640281279	-0.28522182512969946	-0.46951337601747817	-1.005431373744403	0.9288079797448991	-0.12351515150310649	1.331667429567263	0.3154779895336286	-0.7924489369797748	1.068354620931692	1.6235230222973376	0.2666829426306478	0.16647663298584497	15.0	go	adj	L	M1
-0.11502680777225195	0.5363821997054415	0.4789726755006156	-0.5897393465897022	-1.4570332459657005	1.3450730804316235	-0.03339771883454994	1.432406407966541	0.2805044430407215	-0.9728357303245018	0.4556431185648676	1.2355879980272908	0.11693095180906535	0.07896373306168847	16.0	go	adj	L	M1
313.1490230727505	233.44780819125788	304.194562797178	247.49504518601864	288.27373250053085	242.14518584498873	227.58264384089117	282.58842761371363	216.60362665379466	197.95322665985438	245.29628196641343	253.49718370423665	311.19556496065735	178.49023053212835	-3.0	nogo	raw	L	M1
312.5382751580751	233.16127881254323	304.0281585308216	246.81481166525592	287.79335652274517	241.51021910025017	227.29223424573198	281.9879274952471	216.2581462560646	197.96151290256321	244.71253615611863	252.79018686185876	309.9497435089113	178.17000986874712	-2.0	nogo	raw	L	M1
312.4262528953661	232.72818897452566	303.7647715332309	245.82779874467283	287.386070169399	240.93375244188354	226.83433551000923	281.47835705224446	215.92920154908106	198.06043900200683	244.1702050563337	252.08772819602385	309.67811968432034	177.84596124279042	-1.0	nogo	raw	L	M1
311.79208465176526	232.41604136892306	303.323131580315	245.34102099394494	287.3297179678523	240.4319700206963	226.35019622635735	280.9982442829526	215.72041905433366	198.33395435726447	244.230632852882	251.71676142719969	310.70616955509746	177.73952424304485	0.0	nogo	raw	L	M1
310.6948758172779	232.47624938701142	302.9825096925358	245.05289721910623	287.55168884422	240.4378589256239	226.2234611048618	280.7469624977181	215.57297185762698	198.4804174744345	244.582878415769	251.91648974650442	311.7053224750897	177.65946960810103	1.0	nogo	raw	L	M1
310.1006860313541	232.4636189277774	302.46461608437846	245.03574888530787	287.85386639766466	240.82081275571207	226.29592793623414	280.8426629693796	215.41254390269577	198.39006444703693	244.9323703925809	252.233986521072	311.7062154301152	177.56350053657653	2.0	nogo	raw	L	M1
309.42215955939565	232.51258899303662	301.7792161049336	245.16629976091846	288.4160303481189	241.19483585139858	226.4864404982415	281.38776595705343	215.37699335048393	198.10360450248209	245.19772730570156	253.0311892219418	310.8577242663918	177.74866720719504	3.0	nogo	raw	L	M1
309.05691919444456	232.58241299460659	301.7972378615883	245.40576195482464	288.46691346000904	241.81911069754113	226.6710261452294	282.10372360753456	215.43815639320988	198.2180958656263	245.23819544763433	253.80338447947983	309.6810832987017	177.50860930169773	4.0	nogo	raw	L	M1
307.7351426260446	232.75191035033282	302.0002587701099	245.91253606020058	288.06751994441004	242.32357738765825	227.08617301360658	282.83949748310306	215.72901221242824	198.22595541745113	245.3685465430567	254.2659577910771	308.95360746821046	177.28534217881295	5.0	nogo	raw	L	M1
309.1269317262372	233.3069341620937	302.607807693409	245.9364647407247	287.81099952410017	242.3753931919652	227.32653103626387	283.19749589136296	216.08454616648282	198.36488061219686	245.25702148467994	253.82993068393355	309.07471529718396	177.35556201719504	6.0	nogo	raw	L	M1
310.196880608138	233.80362325609508	303.0444960170523	245.65022989298828	287.4836206315432	242.1949101048397	227.68562660633546	282.9232031432515	216.17412782512477	198.43833671156946	245.2455056958795	253.47740791470295	309.21427041592784	177.25604384237332	7.0	nogo	raw	L	M1
310.62670807301447	233.64690826302237	303.0411141993485	244.87446503230305	287.140367954165	241.71888943323182	227.28802427178175	282.1145413162618	216.09293561114742	198.5897495726982	245.05764719672368	253.10004739249334	309.09530224060626	177.10762044306165	8.0	nogo	raw	L	M1
310.96260945501734	233.1903312120448	302.98074387227575	245.59116588965455	287.73664277232825	241.34945858493901	226.68967580758527	281.2747509318134	215.95441855248123	199.12547643910477	245.43360891056815	252.98985695369086	309.9127355176399	176.54439233845983	9.0	nogo	raw	L	M1
310.62986122572363	233.25657495507653	303.41079983986464	246.73324952823873	289.0581160501439	241.44192706146575	227.01813455950688	281.26526469550896	216.14974115620964	199.58210074139728	246.65004997410895	252.9792233733966	310.94749293463724	177.2632705143612	10.0	nogo	raw	L	M1
311.43119868019585	233.60011280839345	303.81441982810776	247.9385751625959	290.449368100777	241.83247093181626	227.35031000190753	281.8364275572025	216.48872989847032	200.1929974925268	247.580231075393	253.40125394237424	311.9383518522848	177.81821628906565	11.0	nogo	raw	L	M1
313.1375334966408	233.81716159149065	303.76820157302194	248.62070224313587	291.65649756506457	242.12746034626682	227.77249082394536	282.7354651016748	216.92064347452995	200.28570641885779	247.2388970500613	253.74276438567207	312.6421395573281	178.43469971685957	12.0	nogo	raw	L	M1
313.06232110787283	233.63780402830832	303.6469598633117	248.1554163390116	291.58899478284366	242.22087998680698	227.99719299600366	283.517460699131	216.8785782427288	199.76831444034903	246.61588657042472	254.2287758825262	312.61403629042695	178.47449553216413	13.0	nogo	raw	L	M1
312.822615250735	233.7224029136861	303.663288149914	248.2301126002537	290.8299740509205	242.08948859756566	227.95015264775978	283.50772620617664	216.9875544446634	199.42326756487353	246.4883407753331	254.0291387639508	312.5857188222354	177.9457102342758	14.0	nogo	raw	L	M1
312.8410377875465	233.8192770963308	303.74028831247733	248.35490542018968	290.4133404120099	241.93207027501577	227.800288838698	283.7181004501749	217.1184372436868	198.79355754792599	246.16838571172167	254.1123599848116	312.3174176655103	178.00382511487058	15.0	nogo	raw	L	M1
313.7451225169179	233.69068796994827	303.74806596094425	247.88032820607057	289.80247893522676	241.73547466575863	227.70530830899952	283.0230708530586	216.91112386114352	198.62084450144957	245.5539139978311	253.83201109925713	311.76984401673656	178.03705226716562	16.0	nogo	raw	L	M1
2.0474666960288066	0.2339576289192836	0.7677078476475567	-0.5419515250509769	-0.487298007776582	0.5621153227119083	0.6212311770992889	0.9822511777965913	0.3013559184298379	-0.7926080200316465	-0.2445165908417704	0.7083088113872753	-0.0008366339781753979	0.3058426189783426	-3.0	nogo	hat	L	M1
1.9489474147384511	-0.005972217469290062	0.412742271845138	-1.280623389583673	-1.4932015108437067	-0.09182395652563576	0.28903548893583964	0.34034008520212583	0.0073519952854178795	-1.2115161397635446	-0.917883895717258	0.2692796281918058	-0.7544478563265589	0.06371604130492942	-2.0	nogo	hat	L	M1
1.5927885514210078	-0.1625780627626323	0.10386787151974096	-0.9269608008390864	-1.6338646671745605	-0.7095367154414466	-0.0032309956106153026	-0.07183702360165696	-0.16518870208461645	-1.0988386353872295	-0.9919224811807861	0.1036023741098931	-0.9910721523293776	-0.5800564236056258	-1.0	nogo	hat	L	M1
1.0391484846150518	-0.21266137583094388	-0.19404800198315333	0.00010880931973693947	-0.41632205291629804	-0.9951364502848047	-0.27250270821223715	-0.2222755464009661	-0.17400308633210596	-0.0607107956162416	-0.09286224911764958	0.3976450075105919	-0.281742278332239	-0.9834757457146918	0.0	nogo	hat	L	M1
0.30085529043767756	-0.21539130387730265	-0.44488540789402836	0.41689218030667935	1.1196328921107177	-0.6378153066394276	-0.4887576380634701	-0.253345237001661	-0.11556205558358346	1.198336117107238	1.0307311111995603	0.8570220833627201	0.7587892657462132	-0.9448381348139757	1.0	nogo	hat	L	M1
-0.47759511783251724	-0.22814184675189597	-0.594239876599461	0.15551178038257513	1.8247683789389324	0.23029744591513404	-0.6105018695941486	-0.27914949804099104	-0.09903340247967143	1.822078386996721	1.5464196269271215	1.1086977501322832	1.3049891325627379	-0.7118569255446171	2.0	nogo	hat	L	M1
-1.0796879146899043	-0.26583298467918404	-0.638679801239286	-0.43054518045632406	1.4987308521640932	1.1062518222477924	-0.6379714805398767	-0.3282142148940553	-0.15431747340102045	1.6353016260543138	1.3112149771755135	1.0522415371071527	1.1523680028624803	-0.48338300745374935	3.0	nogo	hat	L	M1
-1.3783180948519989	-0.3166901554115192	-0.6127538066151437	-1.013807487702491	0.5778134901371172	1.5616591768635295	-0.6017212906513135	-0.38687363259536633	-0.2538891885253698	0.9528201288456114	0.6459423628644234	0.7886035029200696	0.5574344321317591	-0.32445942254394244	4.0	nogo	hat	L	M1
-1.3842193136131224	-0.3659540485329792	-0.5550346820085379	-1.455946866345534	-0.4547516151790796	1.4817231378497662	-0.5343165570768933	-0.4382632203815417	-0.3582928826761281	0.15461522299350372	-0.09000282333696988	0.45742136006291184	-0.15970615400219887	-0.22246826664782118	5.0	nogo	hat	L	M1
-1.1949513696477807	-0.4068118270405609	-0.49102391152629404	-1.767569864290892	-1.3495438099469772	1.000810381224922	-0.45811015133205524	-0.47679831462651684	-0.4451328786971446	-0.5318693127668228	-0.7063973974000637	0.15308225252238944	-0.803899276849484	-0.14076364392435514	6.0	nogo	hat	L	M1
-0.9250333409404328	-0.4402013928820501	-0.43691702964936596	-2.0320715129698557	-2.0729723047648947	0.3287528772917154	-0.3900318559465873	-0.5113648778002848	-0.5128474798429182	-1.053450982925875	-1.1842542327326804	-0.09048292298123914	-1.3325964679913684	-0.07501680755834583	7.0	nogo	hat	L	M1
-0.6661738834124026	-0.4543116968341339	-0.41781283787022333	-1.9780238793559954	-2.475658707076485	-0.36520051977609463	-0.35934103751516683	-0.532713557954054	-0.5533849617216546	-1.2952758657204748	-1.4300236235254855	-0.2243349532439352	-1.6797287091710296	-0.4482397557479466	8.0	nogo	hat	L	M1
-0.5134131164671172	-0.4005847055160523	-0.4911294588320028	-1.2452147867455934	-1.8961666375146702	-0.8859306026294204	-0.4246835974254813	-0.4686909125070909	-0.5142634486296557	-0.7139767335056607	-0.9395467464208211	-0.0435172703877466	-1.4091720116143962	-0.9820545833541588	9.0	nogo	hat	L	M1
-0.5925415392806545	-0.2482936343869019	-0.5857820120288825	-0.07362934869964215	-0.381836843598096	-0.9174698008035745	-0.4471843947839306	-0.28119278949434934	-0.3347986633707383	0.5205866816633637	0.19381796250423852	0.46187641241885175	-0.4481470809988648	-0.4232426991910048	10.0	nogo	hat	L	M1
-0.7760662571252309	0.1109112064634829	-0.34698128345889384	1.7209981919393078	1.410705066149733	-0.3619243610558804	-0.06724057054913028	0.23001662678155452	0.12015755073041706	1.5047098965559629	1.3740623032964248	1.152099902956718	0.8942107765492487	0.896836406513096	11.0	nogo	hat	L	M1
-0.5420102128135745	0.6001104123498071	0.2768401513788863	3.0018589168265386	2.7108592541523424	0.46980932267495135	0.6148427870317975	1.0104915453915158	0.7099483439207375	1.732904744995415	2.161259412032947	1.772558269280645	2.147813458433789	1.5043683232750917	12.0	nogo	hat	L	M1
0.3959335929762417	0.9383745214493143	0.8583912648328413	2.97217799999195	2.984502969520505	1.1454224673810756	1.146539823496592	1.5730772142334464	1.0935808707796626	1.3066485507930934	2.258765112561317	2.0192210311630037	2.7242644422572604	1.3465731258309799	13.0	nogo	hat	L	M1
1.678352779148993	0.9790167911332509	1.082623989775669	1.9943390204272595	2.3033350673915645	1.402456289632784	1.2725582173628949	1.612977784296803	1.1180734997479083	0.5820158392042737	1.7183817061360558	1.83053117104306	2.4471678334789466	0.9205692505616451	14.0	nogo	hat	L	M1
2.6923866667037952	0.7752854705541996	0.9562844281995986	0.7396331443507246	1.1252426458034321	1.2208408735225522	1.051294710881368	1.2157894531852076	0.8681880173156951	-0.13933652911256045	0.8469838380209845	1.3621840747599643	1.6023435585937345	0.5472002638340117	15.0	nogo	hat	L	M1
3.074296280407952	0.4576371895223936	0.6442586362330135	-0.38939052085919584	-0.13053581105227535	0.7351154327628556	0.670749322789039	0.6357966180348731	0.5071649122465112	-0.7184795634257557	-0.05858567068796359	0.8104501331483361	0.571771042205888	0.32229371066204326	16.0	nogo	hat	L	M1
3.010801970710473	0.30331703644312646	0.9184659864950625	1.4332984350130575	-0.6498838059002062	0.995042459184906	0.682695552939798	0.9375518632655655	0.5757041556711099	-1.1425377675856496	0.0031707969857252584	1.0905683640671378	0.3395694125198579	0.6216661318238229	-3.0	nogo	adj	L	M1
1.9004432061472183	-0.03190890148952605	0.7791565801400718	0.5479154854732935	-1.2127946056375338	0.06865005564028466	0.3251797007172661	0.1447356578170882	0.1823170227029841	-1.0618113473117152	-0.6841548483766552	0.28519250892547315	-1.5054889787941494	0.2710516297451525	-2.0	nogo	adj	L	M1
1.9974655787863107	-0.5842807843316119	0.5031192578721163	-1.020665026439734	-1.7749833350673148	-0.7601084578026215	-0.30941957870656983	-0.504387679953132	-0.19606473370485705	-0.8723525536577255	-1.4354964046986665	-0.5310456662932681	-1.8632121717141947	-0.11288786149132461	-1.0	nogo	adj	L	M1
1.2317194652404708	-0.9862821080735744	-0.030536655835693406	-1.609030277648949	-1.8750174927388747	-1.5275768061606068	-1.0170471542949424	-1.1808302556130341	-0.4376727217187359	-0.3821651872430372	-1.359405142340128	-0.9651145857109583	-0.16519654277947307	-0.15046334767639152	0.0	nogo	adj	L	M1
-0.36531604157940806	-0.8567495674009282	-0.37227833894474505	-1.9264646132352765	-1.5503886320641111	-1.4753318594905658	-1.1665576533872521	-1.571425487920961	-0.6081677562545283	-0.14655384385913597	-0.912053491080521	-0.6910049778254734	1.437986752896311	-0.20829815294335968	1.0	nogo	adj	L	M1
-0.9940071448811476	-0.8738992337676245	-1.0295574589506395	-1.8426226094664324	-1.053372645199322	-0.8409481212872003	-1.0383919583348902	-1.4730902175420009	-0.8068181371782566	-0.3152445758515921	-0.46630801975837427	-0.37023103420585174	1.475923052196062	-0.34614874140286384	2.0	nogo	adj	L	M1
-1.8998587186063274	-0.8094329271285478	-2.0493900725475434	-1.5772941326931942	-0.09364352476943463	-0.35696297212564854	-0.7763810895986059	-0.6834498426096353	-0.8493221095624537	-0.8598308023467628	-0.09885310425616767	0.5858331402099156	0.26063199543290805	0.051844205726072234	3.0	nogo	adj	L	M1
-2.212605852015818	-0.7311653897749115	-1.9112523349543225	-1.2225728307905508	0.018917846236085695	0.646559375122818	-0.5516012863182354	0.3280347358772291	-0.7697940619692031	-0.6459130998523002	-0.047253986487929354	1.5327752333170686	-1.4170344433740616	-0.33476591489402274	4.0	nogo	adj	L	M1
-4.627901941924466	-0.5322290150031798	-1.563352648614999	-0.26966635734828615	-0.6292088690331854	1.451507349030807	0.07384084300810889	1.4354595046440275	-0.393777839121275	-0.6509538757165259	0.19015911171303534	2.112000000965354	-2.3796219215333045	-0.6526410589154621	5.0	nogo	adj	L	M1
-2.0387790846826666	0.21840999451673335	-0.6010651928552935	-0.2648962300887844	-1.0638610198374159	1.4955143266875897	0.43826006327825556	1.9884957939939334	0.05996552212024437	-0.44532605702985495	0.035192252700083256	1.4682796278432402	-2.002200417722335	-0.41651015504074146	6.0	nogo	adj	L	M1
-0.4742226914417442	0.9000023074482248	0.031273442983679615	-0.8588520836192234	-1.6662048261915956	1.1818281065060088	1.084217599842729	1.5741572933750618	0.15936796022269895	-0.4612763173935927	-0.013111416885915972	1.0562480900564237	-1.7692774562205242	-0.49306118653765874	7.0	nogo	adj	L	M1
-0.041442026024414054	0.650609253330488	-0.10451649863135505	-2.598196961411897	-2.419437819457312	0.35651987161601606	0.417470694031762	0.2971095091255079	0.020446082016161358	-0.40337292816097975	-0.44787379441977	0.6084060563408809	-2.140950559908427	-0.639522230269062	8.0	nogo	adj	L	M1
0.298644559273087	-0.028993269195083802	-0.3689003789678016	-1.3425757858823009	-1.6864727659736667	-0.24062362145845329	-0.6039624402513329	-1.0930431207567313	-0.20963427595154865	0.34434673162701046	-0.08194397686832179	0.511062897330807	-1.0379241649792883	-1.6985890659760563	9.0	nogo	adj	L	M1
-0.6390349653710662	0.06060168149499588	0.24108884731704952	0.4162116147531206	0.24276088897477627	0.010634377865228663	-0.010947055104308878	-1.1115209401991775	-0.003859915431738016	0.9524114872578311	1.5711078799350324	0.4692518348888415	0.35799514648108166	-0.5204740376034296	10.0	nogo	adj	L	M1
0.4266152870267102	0.5375708634386669	0.8287565580499426	2.301472592170784	2.320103615295125	0.7376438485820977	0.5091058128445415	-0.2592043256195686	0.397288328957154	1.9738288634639596	2.8433691640088856	0.9780105804236747	1.6713954204988635	0.19666409196386467	11.0	nogo	adj	L	M1
3.1920753930097274	0.8527260522337659	0.676160042495638	3.3144400187198535	4.151513353162876	1.2442567856106042	1.1543726284205535	1.098315314999214	0.9332982782093391	2.102709503947047	2.2364614174649655	1.359457190356475	2.5487659148015718	1.1013094891468815	12.0	nogo	adj	L	M1
2.715299939355949	0.5859710399184038	0.45021217590605933	2.129994001780096	3.870344175223318	1.3710575100941198	1.4437999230534868	2.260661057103171	0.8689289275366527	1.216467563974464	1.3615523703657655	1.982195553907683	2.3550720678710664	1.0964807959331597	13.0	nogo	adj	L	M1
2.1342105978692603	0.7399124272503244	0.491845219913418	2.355215132784904	2.5781989315943283	1.1134544031125815	1.33613503651532	2.1292583476425655	1.0123610785925956	0.7631674755021683	1.4141903353664727	1.688137760268395	2.3187099294444655	0.13564264709551407	14.0	nogo	adj	L	M1
1.9600452104933805	0.915111469095122	0.6355682969316618	2.8043573092314205	2.0521422664651197	0.9498830232120025	1.1474086850604526	2.629454247738925	1.1960335292799371	-0.2601580630065237	1.2185829128141903	1.8763112388259626	2.0220121766183663	0.32484056123481064	15.0	nogo	adj	L	M1
3.7571053253057736	0.7899430943768638	0.6978922885737018	2.231784190317352	1.250929677570699	0.7627187995689596	1.1339482156679046	1.6868779460189967	0.965073517210035	-0.3831658100546921	0.5328713812249889	1.5953055442263688	1.3294049894546822	0.4538379832839859	16.0	nogo	adj	L	M1
316.8961440663168	296.28822152766486	327.0657026561875	284.0840212567592	303.47890901272916	278.4581462103456	290.1059864160788	309.18092915315054	240.39824203173856	247.41856778801744	263.61185261739445	304.3639076819994	322.538569341878	208.30088555762921	-3.0	go	raw	L	S1
317.214796332633	296.2159581361363	327.02010880927884	283.04309397466557	303.29550457834426	278.1802118786147	290.17761595166843	308.6245229957924	240.16756458828732	246.68834566863512	262.8380094489119	303.92164598627477	321.6780605743166	208.44135707158102	-2.0	go	raw	L	S1
316.74822191821244	295.7993825194684	326.61223959640034	281.97801132934507	302.68817464288315	277.55757398558393	289.8378138054013	307.6204157574363	239.79321336774208	246.44816329947145	261.8079600050034	302.95371080459313	320.60300272308314	208.38245652092954	-1.0	go	raw	L	S1
316.489031126345	295.0799006007372	326.10782988238043	280.6195513447695	302.1821833826936	276.7834646984324	287.6707955241878	306.9033337638951	239.45073439343554	246.97720672200526	260.2562397787679	302.2971990889591	320.21324526460523	207.4302521545452	0.0	go	raw	L	S1
316.05633665903594	294.7992676624369	326.4159988254513	282.77223969695694	302.5015286400119	276.04912446632534	288.14369104249863	306.62973910166755	239.45850589311942	248.07212040110082	261.39235686520215	301.96057794480663	320.58798918773454	208.54954886503148	1.0	go	raw	L	S1
316.4605345988657	295.9297835208619	327.36532386191277	284.9008906414209	304.53307636095843	276.75618084491174	288.7033072007655	308.099694561693	240.37489547037407	249.86487879857836	262.89810633205263	302.9352020621873	322.39889547747913	209.3025420645889	2.0	go	raw	L	S1
317.1728014820319	296.9605181418976	328.0607852431184	286.70290580618627	306.42982693919225	277.963327900658	289.7185536095139	310.3328228254764	241.1723604191373	250.53722323049263	264.134815201821	304.5055025526218	324.0392501152142	209.8164426853238	3.0	go	raw	L	S1
317.6970002107469	297.19728171925215	328.453649333329	286.76596376313785	306.23955646386554	278.76040915557513	290.4448837561616	310.6748653949154	241.33086394299372	250.0713461172629	264.73394513088505	305.14464764842506	324.47885775135876	209.785444792827	4.0	go	raw	L	S1
317.93828765902526	297.1208856429333	328.2264758436326	286.53179295867193	305.3466310892864	278.9386703205495	290.2335512411993	310.26337409138506	241.25206992596415	249.2531500185403	264.9336237607681	305.37264212956717	324.6220768977497	209.12661251948813	5.0	go	raw	L	S1
319.02228705445816	297.23634230614294	328.1860794254492	286.5540052390336	305.0348573409731	279.35843155272454	290.2766959956155	310.4066720437839	241.24768457072412	248.0957185429262	264.55289520683715	305.39779594770977	324.30942243831834	208.93902953515035	6.0	go	raw	L	S1
319.00673171319517	296.9657485159841	328.1086388012597	285.88893733494905	304.55762524032366	279.2684398898451	290.37685914539105	309.83163137471337	240.88501549502354	247.0062374262219	263.39567795049476	304.9089631589599	323.18393386868183	209.02380128621147	7.0	go	raw	L	S1
318.3416422289	296.15116336604774	327.6249644173146	284.4109135719222	304.005694135337	278.6004203554476	290.1320602900771	308.58662976267067	240.3141919288986	246.00331532760416	261.9760766937304	303.76930748218956	321.43629886462884	209.0315561164317	8.0	go	raw	L	S1
317.75009430973205	295.17650628559	326.84497098328944	282.4767507117732	303.0141776303782	277.56828287611626	289.17241017301984	307.496156938754	239.79788239394378	245.77763796606237	260.39026200433614	302.4001638932746	320.02428341104815	208.81859301240058	9.0	go	raw	L	S1
316.6992049927457	294.4469549264032	326.26877727368054	281.40399675642175	302.09010349823916	276.21939660515517	288.42144750866987	306.5758499187609	239.32158013313403	246.31007177173746	259.7783337896331	301.3966530060925	319.7792133589057	208.65481290435454	10.0	go	raw	L	S1
315.74713841503535	294.508129643204	326.2072505125	281.9568551201567	302.0184626837787	275.4719547885347	288.0971264678196	306.5847592854649	239.39364229375096	247.4879633729912	260.53090055225323	301.1791168358522	320.52658597515295	208.96802163853047	11.0	go	raw	L	S1
315.39086796487237	295.03703343849156	326.2154299733276	282.96565273132484	302.91762325341557	275.91412965702915	288.1704081811056	307.5277202959828	239.80707885132963	248.29351950403168	261.7491485052118	301.8298391985998	321.5548756322748	209.08325164008144	12.0	go	raw	L	S1
315.20326169509946	295.4581729015068	326.3304288338603	283.37972651294416	303.1938048781826	276.46674292684975	288.4322011263707	308.2912953185702	239.94043603255787	248.21608060828567	262.5294381463003	302.7733657491716	321.9825195204923	209.12038223361023	13.0	go	raw	L	S1
315.1453708950019	295.5623965203797	326.3630506194744	283.10188917128124	302.75239059003485	277.0203039904927	288.5628478438475	308.38656901616554	239.99425635290586	247.78150122802194	262.9248932473368	303.56284250107007	322.1213889321737	208.61853085170935	14.0	go	raw	L	S1
315.45933291717137	295.66359395181144	326.44209838684816	282.998912721817	302.3925934336274	277.3864630186984	288.7276408463372	308.72144643418693	240.06058378812912	247.1158253755804	263.0170347752538	304.01000855415055	321.8415156549717	208.2390632274991	15.0	go	raw	L	S1
315.8184278467494	295.91315284270644	326.89076827957933	282.83877996028104	302.1903950697062	277.8615103332152	289.0054226533713	308.78816950169653	240.02963926145847	246.68299810589218	262.5175886069239	303.89335993259374	321.71421507609284	208.1451001501782	16.0	go	raw	L	S1
1.322394021362819	0.6499449188052207	0.5520084243621532	0.01445361496348741	0.39307596350296103	1.6961306082902994	0.5420834075243292	1.099578057238079	0.46125835145941657	-0.28217308338924696	0.7442156874442214	1.3796232578903667	0.7546260048471495	-0.08068693130767836	-3.0	go	hat	L	S1
1.4010644970367159	0.24108572100676892	0.17638931307043712	-1.012325926098935	-0.6447827128448198	1.1344179210468694	0.4478127156805723	0.32939558397267144	0.13078507199063805	-1.247903969167619	-0.08454714403189612	0.8439723866701825	-0.22218518012563115	-0.22631275217003707	-2.0	go	hat	L	S1
1.0598986501868686	-0.1916091294333631	-0.22904650825985157	-1.8925714887628446	-1.5239904042112602	0.23555715057548587	0.24017999603789658	-0.3701003457763531	-0.1960125592287496	-1.894923945095457	-0.7930300072878664	0.297899726125857	-1.0617632514932385	-0.38640221700953487	-1.0	go	hat	L	S1
0.43213047343255784	-0.6460181390395079	-0.7201666197388638	-2.9669709390277736	-1.9100965102608285	-0.6954534743104592	-0.3815408321877147	-0.987980772301444	-0.5006829990158936	-1.5413645012097321	-1.2241817671300725	-0.27898792879912027	-1.5000454025476677	-0.6304646661741445	0.0	go	hat	L	S1
-0.3917324549117441	-0.9864976932587458	-1.1774788691299642	-2.912892251881127	-1.6001199554932646	-1.233714788730177	-1.2939041858502593	-1.3801616130442378	-0.6812628898097726	-0.146769921302428	-1.255593403191405	-0.7686977492428207	-1.3965500943632496	0.027565201216814123	1.0	go	hat	L	S1
-1.1330035656324717	-0.5007627884774777	-0.7860911771534529	0.9175832732997897	-9.007325940701166e-05	-1.0685770823819887	-1.3326541801085456	-0.4661784953028561	-0.2540793910164745	1.620683580085271	-0.2042908562661193	-0.20528890833463617	-0.07249762123755217	1.4580983387527593	2.0	go	hat	L	S1
-1.0475754546333105	0.8354591112849639	0.5705039337598155	5.108955771674791	2.5323101789892317	-0.089289596178723	-0.14844089634526833	1.7983121795364734	0.761191055964569	2.98780617380659	1.818723265432633	1.5348203240382243	2.237045710273999	1.9318504553934104	3.0	go	hat	L	S1
0.2229927146557497	2.0548570698421167	1.8574323722182569	6.442496056327892	4.334816403291403	1.4225385106005133	1.2428819100224988	3.738199127786926	1.6461724720318367	3.2938927627092687	3.3895658307500875	3.160050106146872	3.945896806478648	1.5323811657011555	4.0	go	hat	L	S1
2.0414441924772753	2.5066957218725405	2.342255778163176	5.226894286938643	4.506295085856768	2.7852266085844426	1.9982371623973052	4.252464039485416	1.927888900631017	2.543172465201194	3.644393771063531	3.7688432225023063	4.178854323669066	0.8909924062847743	5.0	go	hat	L	S1
3.4419953088774764	2.215443096506351	2.0528041717739494	3.030682244337642	3.37769628356153	3.398450893175894	2.014290968575817	3.489101908299246	1.6495351282922224	1.2278759982020866	2.7880965045268318	3.3804803572782554	3.2223155661431737	0.36382104564319484	6.0	go	hat	L	S1
3.8959084726719078	1.5223202613829454	1.3751845836912315	0.9839146811417903	1.7290276510776732	3.0970593975599443	1.5971210093239625	2.1493705080946395	1.095306847446984	-0.14493384737300585	1.4686706405694063	2.4508564673710027	1.7698352479101216	0.023641691098482406	7.0	go	hat	L	S1
3.4518774074548504	0.7429755572787085	0.6506357157712701	-0.5539960074624303	0.15708006064844898	2.099328216921751	1.0606256008011905	0.8304391489476272	0.514364782382103	-1.2706697165709873	0.20945313584573466	1.4165691567922156	0.35410315933910896	-0.17172981501378254	8.0	go	hat	L	S1
2.4602677740899948	0.015238677382281596	-0.0026583998420412133	-1.784177170238628	-0.9317332456491267	0.7895913086353666	0.406919568937637	-0.2239571685852692	0.015616676517264833	-1.6936601086768546	-0.6991419868956026	0.4927128987135943	-0.6819505080183658	-0.33665999365765853	9.0	go	hat	L	S1
1.2659620128802287	-0.6243046550170974	-0.6175740697281361	-2.633558760115902	-1.257128752550973	-0.3512283489841959	-0.502833054158751	-1.0060468241653286	-0.3691198167434064	-0.9693016785480499	-1.1273727522557286	-0.29315702970348684	-1.1221541796024121	-0.3292459726912132	10.0	go	hat	L	S1
0.13817899365930172	-0.9030040603321972	-0.9476837477844913	-1.8638229750124278	-0.8550750847911485	-0.8857187920932409	-1.2237671036871982	-1.209443319182991	-0.47483947193393683	0.3572341483656698	-0.9476599115741011	-0.6464516614442323	-0.8626469921870404	0.28463503027049947	11.0	go	hat	L	S1
-0.5829495378365653	-0.5313147021545519	-0.6453276281114797	0.3268007766611997	0.08879334216300283	-0.6697102113337414	-1.2294620536215646	-0.40645260245911663	-0.15625424931978227	1.4852993229755813	-0.06063230603918559	-0.14302273340987093	0.09208624688274956	0.8391094592562091	12.0	go	hat	L	S1
-0.6197222364281533	0.17872851575500945	0.030733542962634645	1.8518142150572763	1.0004046920278047	0.11367351244886906	-0.6821139726870645	0.8820874797497362	0.3406186179550123	1.9159325934861444	0.9841752126136374	0.8332249537173929	1.1495063042443554	0.8290989658733373	13.0	go	hat	L	S1
-0.0971627880850431	0.6916631110192625	0.5425321499516202	1.8902521653446855	1.284942725275398	1.0169815333486008	-0.08774863975273359	1.7300529284996051	0.6456422295805756	1.5708289923845138	1.4906869002705856	1.5501355654775821	1.6159691184808147	0.5028384830283388	14.0	go	hat	L	S1
0.5482938441036992	0.7879760502729791	0.6517330553993007	0.9906711947791171	0.8591051824891719	1.5722765629722673	0.26008411073951887	1.782735061167266	0.6285259951947725	0.7310405884582504	1.2931497510799177	1.6996734345184603	1.34126521243514	0.15492501921428994	15.0	go	hat	L	S1
0.9384545060202354	0.5568784538465451	0.44848907814380323	-0.10135018490212017	0.031936975590532914	1.5539359746332189	0.35485720262185794	1.2621328349018242	0.3842090367647742	-0.24040514276244207	0.6581267753026275	1.3990062261378742	0.6027025644574396	-0.09342886222484452	16.0	go	hat	L	S1
0.8994594942326681	0.7943034737973831	0.37846268558514856	1.3710586976356334	0.5526584486667293	2.0517628502811225	0.8610445731361065	1.646908277299126	0.5594248930094422	-0.32963700582129934	1.5354335179034315	2.136232612670983	0.9658819867755998	-0.1761467383487231	-3.0	go	adj	L	S1
1.492503851639104	0.7264280713788978	0.3440819611625877	-0.39458655497406164	0.3321024718642879	1.6632485831169783	1.1423706631242143	0.9199786835635307	0.292010841030297	-1.6299465835553977	0.653885122038992	1.6200225964532051	-0.1876594886583831	0.1342370149826574	-2.0	go	adj	L	S1
0.5604600548327509	0.17510812703927084	-0.33350806531370564	-2.2023769797411683	-0.7691479362814542	0.6781122442822768	0.8215215867535947	-0.5920591765826231	-0.188360668465759	-2.1432482547595915	-0.683592600046087	0.4186972445702599	-1.7649516518217907	0.10149920729951135	-1.0	go	adj	L	S1
0.13226815964738198	-0.8292218120844176	-1.250865382101814	-4.910753847998791	-1.8663110923650763	-0.613135184760493	-2.8318008874688307	-1.7452227276153156	-0.6554246150111579	-1.4112308396781232	-3.073040781172511	-0.3456293425296915	-2.381562823227615	-1.7422620023950512	0.0	go	adj	L	S1
-0.7594782906687205	-1.2731586940033184	-0.8554436832854977	-1.1046418316560709	-1.5580271081790946	-2.0729529398058455	-1.85548277308039	-2.407480014514629	-0.6870869171063476	0.25209603037591505	-1.3923754452459174	-0.8368413677703812	-1.9694229357421176	0.11827951799334224	1.0	go	adj	L	S1
-0.1006191348358556	0.31614738007000304	0.557322936815306	2.233227634998513	1.8205490215629754	-0.8482696979544264	-0.9556337836633906	-0.13467900595407734	0.4523736088676807	3.380582963633626	0.6590386215181265	0.34934527618674655	0.7346361016072591	1.147087593888756	2.0	go	adj	L	S1
1.0424103607829767	1.721575971798739	1.5199589225017358	5.0837801463358225	4.9648206186739765	1.2434739936712926	0.6662786373087587	3.4575600575316234	1.4376995321588406	4.456980129294486	2.257178560119038	2.3010372165662316	3.1172140977033136	1.8511411402508489	3.0	go	adj	L	S1
1.7863845530361633	2.00431058593622	2.0393507163754605	4.670901186797968	4.436052277324453	2.4551042067590534	1.7108402368710196	3.708352802984776	1.623263510692816	3.617977254210906	2.9613602654267503	2.971424511887609	3.558974233510992	1.7678679456288016	4.0	go	adj	L	S1
1.9941004460887382	1.879446300624424	1.5989933782131778	4.0981894466970425	2.8015111249564977	2.484290707506615	1.1819926813659714	2.8454703012119715	1.518227558407478	2.408424130645534	3.289801856668731	3.1979843793666713	3.727118878145523	0.6565720858698202	5.0	go	adj	L	S1
3.8868395546217673	2.100051605257953	1.581937081847435	4.528445150967737	2.4297283828710623	3.3103066316421947	1.2582750123907676	3.2943602746509995	1.5408538095027309	0.7266020409261755	2.972771246147684	3.2925897477859816	3.5006369898260066	0.45336841299549824	6.0	go	adj	L	S1
3.9692887516430195	1.8057054264055552	1.63397099306311	3.79199034617098	1.9547738969618507	3.3540996112961734	1.5754523911735445	2.6518230394957656	1.1408553375859758	-0.8528799267316428	1.6204702225737524	2.7967152520132372	2.072822142709066	0.6996614681788119	7.0	go	adj	L	S1
2.934934347926195	0.7649417994596207	1.0326903722489902	1.6479509451263812	1.3430343090679857	2.4916294975691695	1.4075249455312517	0.9255323305703822	0.48185809253325373	-2.388918287813751	-0.0819567446996685	1.4935526548121012	-0.3276477573209538	0.7726625495032696	8.0	go	adj	L	S1
2.2111586525221627	-0.49348608859560134	-0.027322376431810454	-1.4832815206714858	-0.12617524908369798	0.9890827468620328	0.014285974615220715	-0.5404939452080592	-0.12591143940576993	-2.6566886177915587	-2.1765920340606972	-0.09952171360647703	-2.264019475192967	0.43720607509516796	9.0	go	adj	L	S1
0.6966813510299662	-1.4433660958132184	-0.7963052567974369	-2.9642112410195796	-1.5707411859787186	-1.1912736745846635	-1.0262345726437734	-1.8984438676949107	-0.7000009257719216	-1.6975398811700992	-2.9584394602399366	-1.2483796332044295	-2.4678717424761665	0.14935233577965562	10.0	go	adj	L	S1
-0.5621171410120971	-1.295987370109408	-0.7562269395173136	-1.7037545357648702	-1.5349828058395676	-2.3949432669573762	-1.4176307798783367	-1.8097583939037085	-0.5838829703113121	0.4201489872511284	-1.833035042960739	-1.449260224086508	-1.2102348345691278	0.714641698086319	11.0	go	adj	L	S1
-0.7194738239360647	-0.5280322126928452	-0.6738014337885068	0.2710200406713711	0.1943353193895248	-1.4532746778525731	-1.2099122800472883	-0.20337787680416453	-0.04134458999094149	1.8603894557177019	-0.1266650066170802	-0.6018396007393327	0.4013579242450096	0.9127764750880385	12.0	go	adj	L	S1
-0.792882044308814	0.05731241901544101	-0.4527486812897151	1.0372366075591941	0.7700092172009226	-0.4824497936714989	-0.7645818780535347	0.9750378010879126	0.13727585701508807	1.6771424174547342	0.8697796010261946	0.5528474314693524	1.0007736640724747	1.0711658900793273	13.0	go	adj	L	S1
-0.7004966424888769	0.17997865461319215	-0.41126045526544985	0.45524532063175605	0.050040336032476485	0.39391521962469156	-0.6092754061391085	0.9643844895296875	0.21635298026461153	0.9557331588610745	1.3752810987595705	1.505355360931459	1.1670919687133945	0.3044858544211417	14.0	go	adj	L	S1
-0.060639499647125644	0.3122773394826434	-0.2832829548460119	0.4703502906925662	-0.48713054740925077	0.9587994611207223	-0.4163317894274781	1.5221668451400039	0.31847127500661	-0.07356992059130686	1.5899529280987528	2.0513054575662775	0.8246570941090805	-0.20996912197509016	15.0	go	adj	L	S1
0.707407508283793	0.6846847306864909	0.49252017994607566	0.5120931286624704	-0.662082159344756	1.9046444807620635	0.04941517300991741	1.7657764636092368	0.3135393976394608	-0.6468563365288115	1.0216262957875868	1.9113961616076527	0.8405879052113301	-0.2537421770098722	16.0	go	adj	L	S1
317.8780763993265	296.0314243005704	326.87442631558065	283.24672086019575	303.039330042877	277.9865922523739	290.0947645564359	309.09579787923917	240.32562717815088	247.12377277734575	263.1941663982791	303.7558210157202	321.8055127008424	208.3331654880422	-3.0	nogo	raw	L	S1
317.1192621790897	295.633191234772	326.58815428064435	282.3078407502907	302.4598659548474	277.3314819171094	289.8891467680014	308.2951461613067	240.08029148630618	246.5230424355047	262.2916496492311	302.84898242099416	320.6892537204066	208.34517335627737	-2.0	nogo	raw	L	S1
316.83251085471886	295.13226833296017	326.1493180787761	281.3011333658987	301.7557455850111	276.6062191832572	289.32668618211824	307.5942425341715	239.67857992530233	246.4753641291181	261.48161416179977	301.650667804261	319.863545719906	208.41092990413492	-1.0	nogo	raw	L	S1
316.0855927993414	294.61500865771023	325.53675316305356	280.2188124842314	301.10612318161424	275.75810239769123	288.5318985747205	306.8912203311774	239.2693977667967	246.78877414058655	261.1097017196372	300.3408881111375	320.0649052727988	208.39416440577156	0.0	nogo	raw	L	S1
315.34593709900605	294.3772992503613	324.9919105703675	279.72565243108886	300.8836359626146	275.1583528086493	287.81620122675616	306.4181494805337	238.94296794898665	247.14787258314354	261.25506815635777	299.84361379530253	320.50547069144	208.3427860879471	1.0	nogo	raw	L	S1
314.342189042459	294.31530958727836	324.39116934197347	279.85279175288633	300.9415056397815	275.1654015730864	287.409958039687	306.31373530512246	238.74559697471724	247.18702332980334	261.58370337054663	299.8770849434478	320.513487555469	208.19935009574004	2.0	nogo	raw	L	S1
314.1583710972957	294.362898065506	324.0612762843007	280.2117109325653	301.3574413190471	275.2705086583623	287.55970592081235	306.7924556858982	238.66407188946053	246.8771511449084	261.94702270938086	300.8693696943588	320.1099611966589	208.08833833487654	3.0	nogo	raw	L	S1
313.91109093045253	294.4055282735635	324.2703644953641	280.6248531813293	301.53573621135115	275.83159490626645	288.05131262424965	307.59536842476894	238.8053403949115	246.84919410580676	262.37354240680924	302.3626306864134	319.78231736613503	207.87316800582914	4.0	nogo	raw	L	S1
313.0453860367476	294.59553525629724	324.5633036750109	281.0716088742224	301.3840988377474	276.6426653795037	288.7869691553673	308.34967280001763	239.11642336259132	246.80064407165233	262.6492351202927	303.4342326125069	319.3173597116628	207.56839000129622	5.0	nogo	raw	L	S1
314.04421197634434	295.19017286985246	325.22308979442533	280.85900607539173	301.41273054245744	276.97113573648403	289.53973329321445	308.49066108140954	239.4819024946863	247.02613420228047	262.857425391366	303.6039183868161	319.4686036594585	207.528829044438	6.0	nogo	raw	L	S1
315.0708986758245	295.8548525843086	325.5104344269787	280.2006053078219	301.1554409886116	277.04273017339324	290.0157256291793	308.20474449559055	239.68433503437447	247.10763810852612	262.59496498059775	303.3599113607506	319.51891076139356	207.5250910559735	7.0	nogo	raw	L	S1
315.2447244501463	295.9452883813321	325.5616416033833	279.5241338290941	300.8391718925371	276.70133448807564	289.7744251903873	307.4630148720618	239.6290784130022	247.19158825255371	262.08750774161416	302.8079146400877	319.4225463697291	207.49279283339163	8.0	nogo	raw	L	S1
315.5130811413795	295.45831785450594	325.44458172181055	279.2892291571427	300.9528933524776	276.2729142628257	288.6188906402879	306.89292815212485	239.45632095468503	247.87202159294358	261.6318507443421	302.0623784652997	319.7843860029886	207.103387911237	9.0	nogo	raw	L	S1
315.71896713017816	295.33825937348604	325.7504059674214	280.7630887874981	301.7561684791043	276.1062016960636	288.79718002847017	306.7010417678954	239.521127526658	248.54179257016284	262.30198115039593	301.47360921372825	320.25250893151315	207.8249421565164	10.0	nogo	raw	L	S1
316.1061532698328	296.0209709955191	326.31207753362725	282.39703485531857	303.34930062881756	276.55277903402566	289.1645227939891	307.4552579698238	240.01810314166977	249.5278990055198	263.1868518859915	301.78787179746035	321.41118724648044	208.27506534556534	11.0	nogo	raw	L	S1
317.71359711919865	296.51388154126084	326.5754256254935	283.46094836555903	305.04009548623185	277.06377145578523	289.6725441168319	309.1011799873611	240.46217499458746	250.00254794701848	263.7197756663074	302.66645827347526	322.4991477312371	208.5561211713328	12.0	nogo	raw	L	S1
318.10997050216776	296.57662076416904	326.7171542125884	283.8701345267335	305.27968460738117	277.46252442773994	290.3171215357501	309.8085376196872	240.57976454253603	249.60056444644508	264.1507870838082	303.4924710964307	322.96204169893144	208.34689119064248	13.0	nogo	raw	L	S1
317.8933263750518	296.48311728923693	326.63938051034	284.3031392592212	305.190711467649	277.56546121032653	290.2039062087413	309.90734689590204	240.7203500917271	249.21918667200504	264.334402455525	304.07164364809523	323.1911970881816	207.84890323269516	14.0	nogo	raw	L	S1
317.93229238386886	296.5517617422342	326.67176097336466	284.5297425974236	305.17833912637883	277.739221641533	290.4650187353934	310.1171693379274	240.84586725830212	248.34843680609234	264.29125099150116	304.52134217144214	322.9614201404073	207.7810138146766	15.0	nogo	raw	L	S1
318.4722367705076	296.35484317475715	326.66800294471653	284.0682597595581	304.6898301868472	277.6737341410843	290.48638041369713	309.39866440319895	240.65924711659196	247.74108731662287	263.7541853917305	304.3654129985507	322.40661345186294	207.84284097642802	16.0	nogo	raw	L	S1
2.2090047699860254	0.6239568206724797	0.9711732718918688	0.5342727237418825	0.5611006619468137	1.489616771416661	1.2493416416020167	1.5782192882246955	0.4909228813494661	-0.6138735969931969	0.5541553430640889	1.3559629254065435	0.672349213184815	0.04921847829963055	-3.0	nogo	hat	L	S1
1.9258883924373034	0.2786619099515161	0.5561057775692845	-0.2446914498734585	-0.46492880883004706	0.7690579900833618	0.9616358093022296	0.6970646318260028	0.19107142473903102	-1.4603286228557852	-0.0889398554789775	0.8690801580490495	-0.10619550509759013	-0.0837531866329787	-2.0	nogo	hat	L	S1
1.3941457720493529	-0.055487417906025766	0.1638625586937762	-0.8829964285814845	-0.9683345994768533	-0.08092132059909332	0.45974118513408546	0.03583957284791945	-0.0586404318107267	-1.5449030535211146	-0.45158135517958853	0.3889929672701852	-0.5559828458756286	-0.20389890656897575	-1.0	nogo	hat	L	S1
0.7671717011332776	-0.4084204280423032	-0.26505779307213906	-1.463276468723836	-0.7415252622065477	-0.6784142869968172	-0.44885304227937367	-0.3989130145209339	-0.26080968960167833	-0.3669600087525301	-0.4328310411800668	-0.10058220673189046	-0.45761627118282755	-0.25884236361521806	0.0	nogo	hat	L	S1
0.1345789401586042	-0.7102076582552274	-0.6419412083985857	-1.8085644996944508	-0.27478731939894524	-0.6600952225005049	-1.3602191422160126	-0.6613972051245817	-0.40809042512075655	1.1524837784672677	-0.26674784969984006	-0.4858344273862947	-0.11552794592525774	-0.2651140188866274	1.0	nogo	hat	L	S1
-0.41199573043985277	-0.8821714084501567	-0.8573107169709527	-1.9001355903481976	-0.1006320913609672	-0.10884802478100755	-1.8291257250082364	-0.7852563146847967	-0.4962682211478697	1.9133658522387484	-0.1984535782394552	-0.6714839541408206	0.05362169723862027	-0.25565007587702154	2.0	nogo	hat	L	S1
-0.7928894475490975	-0.919012358659342	-0.9021552523625402	-1.841262126396184	-0.32525442648720587	0.5254503533242667	-1.7911263386214895	-0.8064701457392246	-0.535404914138729	1.6804734677549464	-0.2832511714064586	-0.6716346053628226	-0.0622859691676867	-0.24676287188667695	3.0	nogo	hat	L	S1
-0.985753663867292	-0.8653203680965852	-0.8367646865367546	-1.7316648543765274	-0.7771648005762506	0.8458312212799532	-1.4360357211989816	-0.7696101722465183	-0.5447390247281324	0.8365898916608322	-0.45252595168877197	-0.5617003114142269	-0.36192091574225044	-0.24096277325489623	4.0	nogo	hat	L	S1
-1.022153683871339	-0.7719605437125155	-0.7266914954143685	-1.621259263691006	-1.2560358426174445	0.7341149039058168	-0.9762205337448925	-0.7131692999232171	-0.53797713677931	-0.15179343029681044	-0.6254168324054465	-0.416050994602575	-0.7159017448536208	-0.23431759592539875	5.0	nogo	hat	L	S1
-0.962353072399694	-0.6755216469327769	-0.6131724714065991	-1.5284273995429223	-1.6571772463227703	0.29628120623477416	-0.538818898095055	-0.6609681428168246	-0.523956685387428	-1.0081174705943545	-0.7637805633930242	-0.2811446837303052	-1.0395836932213482	-0.22336255367307092	6.0	nogo	hat	L	S1
-0.8686636928163997	-0.5971172325010627	-0.5184655696716901	-1.4702917230553427	-1.9800219530220535	-0.2941693103548053	-0.17425880102673277	-0.6287639153129402	-0.5125118016901792	-1.6730898951752464	-0.8772926427648025	-0.17612149259370546	-1.3130933281832138	-0.2220579473507313	7.0	nogo	hat	L	S1
-0.7929124270055101	-0.5559510368430679	-0.4815850545381066	-1.5767145741326802	-2.189623128610007	-0.9022504860356839	-0.0004991869779834119	-0.6250356426670469	-0.5172556074206658	-2.003323299712433	-0.9590311243774285	-0.12648932658270692	-1.508954249416206	-0.3527299787564458	8.0	nogo	hat	L	S1
-0.7885397145702203	-0.5995304335106234	-0.6050006684786494	-2.0155461205308174	-2.0325964320523373	-1.3702993697053114	-0.3687324022629894	-0.6569189252137093	-0.5505925577805871	-1.3213936083473927	-0.8919034175726728	-0.23275947374957343	-1.4337014793532918	-0.4506642763450882	9.0	nogo	hat	L	S1
-0.9159733946903481	-0.6161206599918362	-0.7852063750134698	-1.6883390507213714	-1.3216631752138661	-1.422053563854696	-0.954329475180196	-0.6119057517335905	-0.5044813464603787	0.20076225041506893	-0.5693640475287236	-0.35026503187593877	-0.9682520818619352	0.028621382054554726	10.0	nogo	hat	L	S1
-1.0014359723531283	-0.19102318053762518	-0.5160683841466652	0.6367762177268688	0.2051568411192514	-0.9141199107985586	-0.7992692718378278	0.045666712501515105	-0.0895743713132796	1.710166701719357	0.2600569824882406	0.10927484556792412	0.10614735723722181	0.8360803510340179	11.0	nogo	hat	L	S1
-0.5282439810938434	0.6402780399240235	0.29279070003234436	3.060748555205894	2.071916803855361	0.03705478060207743	0.14441039118794552	1.2885875369012745	0.5946138437713158	2.5939445554051623	1.4470180770804537	1.1405412683951808	1.608409495068134	1.1095197540736623	12.0	nogo	hat	L	S1
0.6925417002506568	1.3420741512400263	1.0761015111355245	3.8464072195065784	3.205959291900157	1.1077716313238395	1.134373514448597	2.2782528717334967	1.120792199335565	2.5525765560406355	2.246739114744444	2.032160073261008	2.6972544050612934	0.896092644419005	13.0	nogo	hat	L	S1
2.164836451706126	1.5761078557371606	1.4031906773510383	3.154220806298124	3.148978430214601	1.886740042529846	1.6340669286886451	2.467264729882554	1.2544919343761967	1.7487135469558432	2.2501613536273073	2.3257920013868527	2.8482026710698505	0.5435869720164532	14.0	nogo	hat	L	S1
3.2032895026089263	1.3781362906232522	1.2696945250674285	1.8643943713742392	2.2272970188434518	2.1043173590125743	1.6129649438593694	1.9553497404011366	1.0575895328195428	0.6027947141161605	1.6255318915605228	2.0619953596267613	2.215268602964181	0.2527933873143803	15.0	nogo	hat	L	S1
3.461200793689495	0.9515738535392476	0.8874660708685093	0.6247659241676555	0.9878982127787412	1.7496576368576844	1.30254028132279	1.1326257739091916	0.7081566092926823	-0.5234815577089521	0.7580241591174115	1.5060339172299388	1.225473001584884	0.06488606425737686	16.0	nogo	hat	L	S1
2.957805997922325	0.541502299166262	1.123744382804269	2.060971680385959	0.6061053455601717	2.03332666360174	1.2867589633752947	1.7627248867417968	0.6977399726244873	-0.6781508453817696	0.9232922300339736	2.037090887402528	1.1738200786349122	0.1723965247916927	-3.0	nogo	adj	L	S1
1.7156393746119896	0.05998724297608732	0.8425136655175919	0.7767155572660317	-0.08235889991837005	1.1555481431767942	1.073091522370394	0.6882485072544812	0.4369314163180468	-1.591064176369161	-0.20036321978128857	1.0083900565977204	-0.36404696526746494	0.24580506278406508	-2.0	nogo	adj	L	S1
1.497688744219467	-0.555541664388075	0.3590423051654559	-0.5691305449292064	-1.0492699898538673	0.14898395546372728	0.3340830606138774	-0.19139083599166576	-0.022437342910805833	-1.5867347745665892	-1.2249638905444118	-0.3399453873512884	-1.4935897443804005	0.4053122200149034	-1.0	nogo	adj	L	S1
0.5169626469020155	-1.2128543219268586	-0.40247331427377253	-2.1536568628796102	-2.0268136298836525	-1.0775686776782953	-0.7905636453768589	-1.1430197978300056	-0.49538357072813843	-0.9697732436401443	-1.666580764251716	-1.8646808167019475	-0.9973193352493048	0.4130905773101967	0.0	nogo	adj	L	S1
-0.35921967262390014	-1.479168661808222	-1.0637544648257484	-2.735427402143821	-2.3031954110191424	-1.9837174653658534	-1.8186856994438787	-1.8049625063533457	-0.8783921533208712	-0.3187992408325477	-1.4306262224851092	-2.36303158335881	-0.18266403306011497	0.3854647450723385	1.0	nogo	adj	L	S1
-1.7972480169892595	-1.535507022170972	-1.8779760162592114	-2.308680725962044	-2.118794654497726	-1.912324193903611	-2.430999541844212	-1.9749878751798942	-1.1101988549754236	-0.2504332512227422	-1.0024967174058006	-2.3461060872031636	-0.11918770923229384	0.21399296928761682	2.0	nogo	adj	L	S1
-1.8190204256212497	-1.4618253955739346	-2.3349374773715077	-1.625528949488777	-1.3736596884912222	-1.8325394290676569	-2.227464375139604	-1.2597026237638038	-1.2065034248614668	-0.849133639106168	-0.5652288721332105	-1.1784756860872432	-0.6925787753915865	0.14046740437144947	3.0	nogo	adj	L	S1
-1.9868141543220734	-1.4194526903344293	-1.9435626901986156	-0.9462650712351104	-1.0463304692356616	-0.93222482923944	-1.5222147013117475	-0.06297143501428992	-1.026893222851875	-0.9159327735129587	-0.014442190383256595	0.6371578632921644	-1.10816037876424	-0.11592266452252038	4.0	nogo	adj	L	S1
-3.571378227879291	-1.1957777618968188	-1.505969008775204	-0.1307675444581022	-1.3061108755838027	0.46121695688597164	-0.4748461364880989	1.087845615385184	-0.6368042655573657	-1.035780026616671	0.33670470361558524	1.8722085350156876	-1.7831502093046723	-0.5410513580378796	5.0	nogo	adj	L	S1
-1.7384921270561164	-0.40596866685764343	-0.4879149680688897	-0.5190720938099451	-1.2780697519621356	0.9377069699159355	0.667670549864261	1.2652317242131634	-0.17877210060760115	-0.6869127946328503	0.6838078991262475	1.935246419003526	-1.4644808168401666	-0.500395112741033	6.0	nogo	adj	L	S1
-0.22582976367825963	0.48909137444323686	-0.130662202608667	-1.7487404250606022	-1.757153909762985	1.036293910609067	1.4238177650656685	0.8383540488037987	0.05416746762100168	-0.7196612033276979	0.3236383530477005	1.600019002403204	-1.3804032597575429	-0.4382926151944029	7.0	nogo	adj	L	S1
-0.3054398547667562	0.5717009479775294	-0.18103410341139453	-3.043745516587094	-2.4639442286642783	0.43359026655650357	1.022838343840491	-0.3559034629004836	-0.06204225809596338	-0.8579589187882255	-0.4269532271703346	0.946455875432215	-1.6401232391561082	-0.4456978688552672	8.0	nogo	adj	L	S1
-0.18299360557179592	-0.17616973522241108	-0.5508106476542367	-3.6250348823925638	-2.5754062286789416	-0.32037457855350954	-0.964560420256165	-1.3055772940529118	-0.3350729065814636	0.060535737904419434	-1.1836407178221309	0.07305639469786192	-1.2359313424114011	-1.2370139198642573	9.0	nogo	adj	L	S1
-0.15817344393759641	-0.40344521670037964	-0.18624970895049234	-1.243682001721368	-1.5419539326961944	-0.6498784013935277	-0.5846911419867831	-1.758434610931503	-0.3016664652408288	0.9130279509442876	-0.2659421778337651	-0.668010490102995	-0.7716298347152641	-0.04756931167346152	10.0	nogo	adj	L	S1
0.12267404053248344	0.5445437293671248	0.6179779470871897	1.3061267441727398	0.8657296025206587	0.09497326404647166	0.022614457584306576	-0.7037576121133372	0.2997424398682396	2.485487894134561	0.8997095303283578	-0.26365323082303815	0.8117559580453244	0.5766820634137454	11.0	nogo	adj	L	S1
2.704457291546779	1.2084211688551674	0.9112869161353513	2.73328440378645	3.451167500069968	0.9206089748017117	0.7843842682679967	1.8734250562301789	0.8347073562168937	3.245402145580327	1.4818249072874345	0.8028394863926535	2.2755891373438186	0.9978249468664758	12.0	nogo	adj	L	S1
3.0943960922907117	1.2782810303997465	1.064898907891644	2.931494024403874	3.5334805625568793	1.5018511151386202	1.7091362417329212	2.769040450387321	0.9587380767343193	2.519600382020479	1.9957928067700754	1.7260627048783008	2.7748341967252936	0.6598580068641302	13.0	nogo	adj	L	S1
2.5057798839189176	1.148375182804915	0.8837383844694822	3.549129852267103	3.196904562615901	1.5282825545337049	1.3746863743316056	2.7417597672996177	1.1192323770952928	2.0290025150405078	2.250666487018428	2.3532709028254675	3.0290172784906564	-0.15432351424603957	14.0	nogo	adj	L	S1
2.464530191997087	1.2933938481513991	0.9503807302485711	4.061028634604083	3.1890132070435815	1.8877509740447296	1.8072335558305623	3.1857448556814854	1.2844996267563453	0.6226545041775969	2.3427275575672066	2.9002191769088888	2.72597429878799	-0.17572971884320726	15.0	nogo	adj	L	S1
3.6311769705586587	1.0751944554340098	0.9968155944978334	3.479253733839556	2.501786857797037	1.876657464631864	1.922302497160366	2.1975440039351097	1.0686076384803644	-0.15835660972409862	1.7884269972124	2.7365961201843327	2.017261780934755	-0.03361738013070921	16.0	nogo	adj	L	S1
351.91607856805894	291.709464800811	328.85809493338485	306.55904460929264	328.9342882933091	288.38793604757717	308.023009093161	321.555619619752	226.76129359736336	252.14809306503062	274.18086715282584	302.7425043000191	300.2410699234323	234.42140738151872	-3.0	go	raw	L	SPLa
352.52030404083115	291.60086883267724	328.7478905397697	305.96460364948035	328.6584648451408	288.0979649016312	307.9001981798951	321.3619579821535	226.73152280629714	252.04029127146865	273.6201247517643	302.43286914435845	299.8784801462981	234.82045878575215	-2.0	go	raw	L	SPLa
351.9404781419766	291.2746245476743	328.527994542162	305.2745982597621	328.18828649730926	287.71067247989174	307.3525798268509	320.66372007736356	226.51564407740406	251.92580106043238	272.87810267278127	301.7718527806955	299.62077191545075	235.3380234136616	-1.0	go	raw	L	SPLa
351.8704913777515	290.9506293691032	328.4742290769669	304.731259395997	327.9661564854618	287.2376458866462	305.33354293101513	320.29917257210417	226.39537106844188	252.5992927982006	272.1752408147746	301.1285364774284	299.4631867328015	235.8369912955876	0.0	go	raw	L	SPLa
351.5315893126092	291.12659509917955	329.1090293657393	307.244198628734	328.3436497435364	287.0248062336986	306.7160602449698	320.206188650758	226.48512068122625	253.54214070822064	273.59518439112577	301.25640145242244	299.6384143430438	237.94876188683978	1.0	go	raw	L	SPLa
351.9225070337641	291.6282227239372	329.61930281497695	309.0076916857265	329.81099133650633	287.3125680448708	307.1547715601233	320.9076966433167	226.84831826760825	254.3495601222241	274.6353145899133	301.86543811531516	300.3730242489237	238.74628697739809	2.0	go	raw	L	SPLa
352.42142173958774	292.05615940893335	329.9805819747077	309.54910972599924	331.6182420061432	287.9937859329942	307.7563818234289	322.47097766038314	227.17385345326318	254.35621591085487	275.37150430733476	302.8132701068145	301.07300290046027	238.39554495311327	3.0	go	raw	L	SPLa
352.44066337594535	292.0599210338219	330.3194687759572	308.73985975190885	331.6026939166924	288.4585968286946	308.3050785015643	322.81928471518313	227.05531490108876	253.48493266917842	275.55970583642363	303.3114112330002	301.7126571445926	237.0711641248311	4.0	go	raw	L	SPLa
352.4567885771831	291.7585614447136	329.8989647479361	307.8837837593224	330.3690225330585	288.4701035864102	307.92221629174026	321.885066043691	226.83447706728964	252.88382816424158	275.1297724720565	303.369065339921	301.4226558421265	235.48138192731142	5.0	go	raw	L	SPLa
353.01941883230876	291.8663402666631	329.44232506613537	307.642006978162	329.84793484122963	288.62434992642187	307.7290704515237	321.7075180854837	226.85758416615204	252.35100625802374	274.44919303275674	303.3656999866567	300.8376046381199	234.7464711767836	6.0	go	raw	L	SPLa
352.81906537251774	291.78093576133824	329.332756621793	307.38477377744056	329.49159592499274	288.4083591774147	307.4910752496306	321.4377106670372	226.8644947602397	251.93856133747937	273.5265208116335	303.0980852917776	300.46706950624207	234.9011106058275	7.0	go	raw	L	SPLa
352.49981398317794	291.3849487555036	329.09599927663646	306.81037784175965	329.14318046218193	287.9027290788767	307.155765482054	320.8348031884321	226.63547005768396	251.68696664162673	272.82622455043327	302.45114314950433	300.061339508281	235.52763276906325	8.0	go	raw	L	SPLa
352.29310697064653	290.82245988149987	328.6076508351926	305.7608941462856	328.51348457896086	287.43241723970306	306.37577641715467	320.28419892058633	226.46420888294946	251.69911718971719	272.253710980477	301.6282873454557	299.6951897894304	236.23481530042162	9.0	go	raw	L	SPLa
351.65549815094624	290.6460118460842	328.64488841133175	305.72117687131345	328.12365253902414	286.80233512611755	306.2260411494628	320.02106977631803	226.31313282811197	252.29201599946285	272.45200390806576	301.1782398922698	299.6024069425224	237.38947354063717	10.0	go	raw	L	SPLa
351.10436005764336	290.85333565594266	328.8200164896158	306.6608881012712	328.1691020000242	286.5350006458587	306.5862415490483	319.9429290043167	226.3755856829857	252.95172367252542	273.2779021856423	301.20837823605024	299.89312271546436	238.4567855631961	11.0	go	raw	L	SPLa
350.9766622545089	291.10173805013176	328.800854109024	307.23807509366566	329.0431027716587	286.84829039827054	306.8622222976673	320.55795458478394	226.48329267019076	253.18717203575005	274.0085910097978	301.64343101754946	300.2542533594445	238.4838636017321	12.0	go	raw	L	SPLa
350.9043363492767	291.2894834111739	328.9917082372507	307.11877428620477	329.5515606461771	287.2010978204951	307.13223513013475	321.1499449431874	226.47652360830355	252.73938263346747	274.40894062216364	302.18139829050654	300.49864935104324	237.604020435454	13.0	go	raw	L	SPLa
350.761550507486	291.31470519387767	328.9523405955411	306.5476655625305	329.1809712582881	287.62237367891055	307.25043432514883	321.037949016041	226.40105070099193	252.3581769731672	274.4103661798432	302.6055846698152	300.429947998147	236.23611947266832	14.0	go	raw	L	SPLa
351.08244234028365	291.37007912987565	328.7447721943934	306.07329484719213	328.5899081558597	287.78451908836246	307.1215384666945	321.03552236529345	226.46249831471889	252.09887867400622	274.07694634180825	302.87400366988044	299.9757244074931	235.06471724947988	15.0	go	raw	L	SPLa
350.80205686773877	291.55881508142505	328.8123803847839	305.8363472091814	328.16708114067865	288.05309851266907	307.1276435877208	321.14985362946504	226.54691857599485	251.90533105737754	273.442716209061	302.85750322143963	299.8019433485231	234.71374427820984	16.0	go	raw	L	SPLa
0.5594454203943925	0.16319578981642327	0.1792107876234976	-0.7127225671697555	0.10850944376112603	0.916018665454711	0.188837219325051	0.5794209608321608	0.1114672643134225	-0.48424252933938905	0.1909213207615289	0.8784008144179211	0.2408041625901321	-0.8831401943195698	-3.0	go	hat	L	SPLa
0.5988514797804222	-0.06753008814994951	-0.1587692162427326	-1.5711355781267047	-0.8363859216221062	0.49353285554862464	0.014078530224145293	0.15445018796023627	0.0010647754960970088	-0.851099238536155	-0.3772320054369651	0.48583897798810466	-0.2271060227286868	-1.2760649079585733	-2.0	go	hat	L	SPLa
0.4535418488884657	-0.26469343672448015	-0.45021569483023915	-1.9307897409867543	-1.5777131771613533	-0.05406283223001417	-0.1575466305595237	-0.20663995798203938	-0.10171189782939662	-1.0238573531474484	-0.800455162231805	0.1254924946559598	-0.6095117712703998	-0.5763768871678455	-1.0	go	hat	L	SPLa
0.1768306374888848	-0.3297066893771676	-0.5444176121816737	-1.3597987249743038	-1.6443188466267629	-0.5502439766575695	-0.32253085174912083	-0.42744119213123466	-0.17433068956756156	-0.5448939300601294	-0.7767232133965101	-0.12656395169916854	-0.7099793030341865	0.9384343426751985	0.0	go	hat	L	SPLa
-0.1877765314686244	-0.21534302754482446	-0.37424181648414534	-0.16411360103555644	-0.9063232889264068	-0.7119776638025599	-0.43519028307046853	-0.432687420257889	-0.1822436558954543	0.5619169556585357	-0.2571948511779227	-0.20212572048918737	-0.4675973612084531	2.210465046419878	1.0	go	hat	L	SPLa
-0.505408086853913	0.14094887465416828	0.16149083808443554	2.1254791395742885	0.6490599284102532	-0.3821935535278161	-0.19596589228900801	0.17427405688192185	-0.013000611604968878	1.4542615302856945	0.6455141049526926	0.29417463663638327	0.23788771025434774	3.1845999815537307	2.0	go	hat	L	SPLa
-0.4483696369215819	0.6308232314142049	0.9083064625378517	3.8938026087470483	2.511342275418413	0.3195538254495785	0.41580522350574395	1.3185919884623656	0.29974369751704744	1.5933486089695605	1.6295219690515552	1.330913255697281	1.2123970135072057	2.839874914293627	3.0	go	hat	L	SPLa
0.12742638218162458	0.9530433046190758	1.394680606249856	3.92461566998048	3.5729040559869683	1.0813365707288767	0.9566345068385992	2.1974710452415858	0.5456248735918221	1.1202101080978029	2.1229937461064163	2.1877464862087126	1.8349571455213367	1.7256775030507159	4.0	go	hat	L	SPLa
0.9312801055025681	0.9647812774845796	1.3961604178062843	2.6826745381228063	3.3799575848256276	1.57179526662848	1.1264282759827453	2.3362237633090013	0.6007590846292362	0.42588335069812827	1.9166334757962946	2.412532145507712	1.8149884968290408	0.6006210171545302	5.0	go	hat	L	SPLa
1.5396230046585937	0.7308812732578093	1.0262226418774851	1.0772345961549992	2.2928731286005477	1.6212485736322004	0.9504668642587909	1.8562267167242503	0.49088219831485236	-0.20245340925427574	1.2329317786686027	2.0669302932991225	1.315925355122089	-0.2417586341372049	6.0	go	hat	L	SPLa
1.7271152239115708	0.38940928399758223	0.509147851526329	-0.34223133355175683	0.8988053130350337	1.2646764357393794	0.6035945657286012	1.1187085547142432	0.3054018182806419	-0.6629716911843747	0.40866144769130724	1.4349651938806878	0.6368773968556094	-0.8654825094901145	7.0	go	hat	L	SPLa
1.5210906056896334	0.05197029919585607	0.01335487601011013	-1.362527652959429	-0.3829930166537211	0.6550355520984492	0.2401921059025909	0.41731663339807673	0.11919888752293051	-0.959323045717525	-0.3192497073192916	0.7710730713927995	-0.006191643307124099	-0.9933123608420732	8.0	go	hat	L	SPLa
1.0770326960776937	-0.19112068043611186	-0.3170321717215026	-1.4647060667606673	-1.142404323972953	-0.022304463324477653	-0.06134016043942338	-0.09459366302378738	-0.027886810544042517	-0.8778484863731109	-0.705174662491758	0.2500842365521596	-0.43118082581869677	0.25805191594177784	9.0	go	hat	L	SPLa
0.5491565802445778	-0.26986137391472864	-0.36177258339196167	-0.7537097368626058	-1.0021363779033265	-0.5086833383102146	-0.2836246454502382	-0.3659252391146157	-0.11530130194742329	-0.13980928681013866	-0.5430611306340815	-0.04918861530222171	-0.48287140353063435	1.4250864162905335	10.0	go	hat	L	SPLa
0.06968588430594759	-0.1793971641737003	-0.15759682449469214	0.3110038123274061	-0.20583230642419556	-0.5526384926145019	-0.35408388344662317	-0.31316004807231296	-0.11429142649605897	0.7727666684815988	-0.006485485741084722	-0.04959261113011521	-0.19997301366533024	2.076160119721015	11.0	go	hat	L	SPLa
-0.21745821837747484	0.05542844035374391	0.1953015928871819	1.326077798667881	0.7516665935926204	-0.15527570644245398	-0.21065391037402262	0.1586911674037471	-0.007618270656155647	1.203965198126937	0.6217959333810813	0.3605403243217051	0.2881988811823487	2.0163435483654193	12.0	go	hat	L	SPLa
-0.23232971178244174	0.29450597079816426	0.4947038501746244	1.5841451944512739	1.3555191417822006	0.4396235901562944	0.022699307322995126	0.7665794483600262	0.13029800241280423	1.0331393050872353	1.02774295609413	0.9211891113006537	0.7027330836178943	1.281411665672903	13.0	go	hat	L	SPLa
-0.05394572333036217	0.3902456899235977	0.5690087043081394	1.0306555698998858	1.3090262932858137	0.9252686120053532	0.1711682026967962	1.099723138443111	0.20121252868728223	0.5248766972323883	1.019341631110343	1.2474842297421862	0.8073901127445892	0.3965255562245355	14.0	go	hat	L	SPLa
0.14916121861137047	0.31631829987286975	0.41246840888646896	0.11285012587560035	0.7108147887185248	1.0990965364324055	0.1750135908948818	1.0340114638755302	0.17647936248852517	-0.030365725633447093	0.6600145953537966	1.214910148907519	0.5960627272469526	-0.31365674296973695	15.0	go	hat	L	SPLa
0.25065756900999203	0.1356205290505202	0.12932098272332257	-0.7800758683849731	-0.13372963027193532	0.9301237858474327	0.07709247058258642	0.7046232698613218	0.08836794340326659	-0.4783550257753344	0.14517703379140645	0.9286464004824887	0.20874397697177507	-0.8184976887023772	16.0	go	hat	L	SPLa
0.07832458907254039	0.46948956820480464	-0.13728760275200502	-0.07004386003799379	0.3268805533976005	1.2626481241904897	0.7217021587226528	0.9287491264473238	0.2287061183713807	-0.8186740072757823	0.4605739765930895	1.4871688081976708	-0.0681500345124725	-1.700439758380342	-3.0	go	adj	L	SPLa
1.2581646605419199	0.34925321219895156	-0.26722374062670856	-1.0100892233833818	-0.06164947373090326	0.807825341992868	0.7279122643387705	0.785049802105971	0.20706812773435543	-1.032342184664021	-0.15686623561304114	1.1275773328746685	-0.5106601605943356	-1.1050088319244369	-2.0	go	adj	L	SPLa
0.12493242461078073	-0.08153150251688121	-0.6418440820123641	-2.32439724618402	-0.8977952684769999	0.2130813824921419	0.054867813553071736	-0.2855719799752048	-0.07040505541910773	-1.3861471170764057	-1.1915407273131815	0.3086223106125296	-0.830956641549158	-0.603544193851821	-1.0	go	adj	L	SPLa
0.12686583348850597	-0.5467011509702951	-0.8311031396234804	-3.6053560208423923	-1.4723576201221475	-0.5517494321596514	-3.4115550890966846	-0.8517388006391515	-0.24219293952686105	-0.3102699320731045	-2.367915913419091	-0.5307668996083172	-1.0873467970658024	-0.4128514346057818	0.0	go	adj	L	SPLa
-0.5614640358983778	-0.31685426081565743	0.10915121388689897	0.8090969748820648	-1.0579394989049742	-0.9417367961171099	-0.8742981969126088	-1.1312120129912988	-0.1464868225670483	1.241878624603765	-0.3016995400833952	-0.3833600842733896	-0.8864600462263458	2.8113976962609986	1.0	go	adj	L	SPLa
0.1532967713773751	0.36304808206245237	0.7979972608110716	3.6797119138913237	1.3252944768291919	-0.466169271113841	-0.2483308022195244	-0.09784724799075858	0.31028194656894587	2.6379132103558267	1.064958178722282	0.3181103512071156	0.1862486744347433	3.879830495357612	2.0	go	adj	L	SPLa
0.9997557842646113	0.9546648763571131	1.2728029002207981	4.447325695085382	4.368403107231344	0.7254570817599021	0.663076991516211	2.509559164918286	0.7234366167439242	2.6355770226076483	2.0383176840165027	1.467124180180161	1.199728167322944	3.393843346762192	3.0	go	adj	L	SPLa
0.9580943371181914	0.9651062495840937	1.8103367747036745	2.821665872270135	4.218958138060335	1.4866367539089043	1.5085481842948003	3.008423049952288	0.5769119201451973	1.1209407025924762	2.3120332763638887	2.0251551014773135	2.1741554046564575	1.5577135918081417	4.0	go	adj	L	SPLa
0.868349001490826	0.54731231209243	1.1420472226429323	1.3771974360481294	2.023378467075219	1.3576235875466922	0.7857263693771203	1.3496235758823414	0.30825912523891597	0.26910452178631994	1.8000385525291949	2.0420589366550854	1.678704418100796	-0.6657568686510418	5.0	go	adj	L	SPLa
1.8715089460083505	0.769136110140133	0.48643434515139133	1.311670703152322	1.2766010032952193	1.7279128783342919	0.570281537374914	1.2419241534508467	0.3596477044370502	-0.41183249122799204	1.034906967096077	2.0766263266750715	0.8469556111546445	-1.5495913415059952	6.0	go	adj	L	SPLa
1.6595339857057672	0.7093112625715373	0.4873430979820455	1.1985735358230267	0.9613243165079418	1.4669942452719658	0.35612682514241556	1.0503315622125458	0.40464806743561527	-0.9728950874289684	-0.08021913658133298	1.8035868403672026	0.428095095874707	-1.2070795990498533	7.0	go	adj	L	SPLa
1.1761678382628993	0.2223694892140283	0.24031462205831733	0.43037676328393737	0.6276416637109405	0.7452230777495019	0.019851734124992013	0.2701525202034573	0.14642861197085735	-1.3433157142090384	-0.9066337733700383	1.0503085382898245	-0.04579516266393909	-0.3719869099988333	8.0	go	adj	L	SPLa
1.057543278436972	-0.5257652823293961	-0.4656938713839143	-1.4352876114618445	-0.3128987801582058	0.124816990384972	-1.1614603455474313	-0.4673157075686312	-0.054642571662577626	-1.3256537846212466	-1.6814428207238925	0.05014907380894373	-0.5262871891737696	0.34783367401152165	9.0	go	adj	L	SPLa
0.13014903723717172	-0.7441594493638144	-0.3338085332462995	-1.402319239694287	-0.9480810928497624	-0.8620694564445209	-1.3195359721412152	-0.8086193876896617	-0.2420956832025169	-0.26930038213437957	-1.4097049265836816	-0.47576792924055983	-0.6306863884700116	1.8589992553423178	10.0	go	adj	L	SPLa
-0.6237712976827686	-0.4387593484222209	-0.02473950064260861	0.38596325743619536	-0.849408326168185	-1.2871547566788115	-0.6797580380457836	-0.9626472516579829	-0.15538564553439546	0.9164745720057514	-0.26781529678220406	-0.4171587582064608	-0.13802048638793396	3.4219221718497383	11.0	go	adj	L	SPLa
-0.5705553057638215	-0.09712882316370863	-0.06741986494769597	1.4969265356707766	0.7298358415388619	-0.6990426383374903	-0.26973026389104915	0.06893463786578569	-0.012219583489919281	1.3349768447722405	0.6966386728244855	0.1271080153655423	0.4418657337073793	3.4774507970971626	12.0	go	adj	L	SPLa
-0.5206839458445706	0.16595472793438448	0.26795261260813774	1.3546071759183282	1.6788134877651821	-0.1281375873108191	0.12622608594236742	1.0366700162342808	-0.012364258226327543	0.5017957809336735	1.2352928830326686	0.7766972223177419	0.8503421550268242	2.3087537893457672	13.0	go	adj	L	SPLa
-0.7011868207671036	0.19936674572585142	0.23533210268388527	0.4311645893032781	1.0914561606073376	0.5697017066964055	0.27688669931318716	0.751482238771684	-0.09786213277868591	-0.10920118599524418	1.2809446566220564	1.283700680736068	0.7696271094957315	0.47606819666680017	14.0	go	adj	L	SPLa
-0.030014595711495486	0.2861918421239126	-0.06263328798277103	-0.19420726278507458	0.16940519719417754	0.7834504738736647	0.036983346997877094	0.7439703334562261	-0.002958341532298934	-0.41880787384509016	0.9283378952952658	1.6185084140941557	0.13666901667634293	-1.0626263850293165	15.0	go	adj	L	SPLa
-0.546867047692415	0.5859717592527133	0.13575421503197863	-0.35842632348400016	-0.3708569484883304	1.357992148274332	0.13289703538185987	1.0512456267876822	0.12679397474469495	-0.651371752083473	0.16360012867793727	1.6329155968002411	-0.00764411119825584	-1.3787216930970296	16.0	go	adj	L	SPLa
352.98968332788985	291.59021938147765	328.6730565425033	306.08115335590355	328.66231997433624	288.03136252880887	307.823616058294	321.42560046179403	226.74099983468756	251.99821520609657	274.1428234256785	302.51623717613364	300.010272720042	234.89836107825187	-3.0	nogo	raw	L	SPLa
352.31147451309465	291.33379556171104	328.483130403454	305.7091923293074	328.0758389775959	287.4741131494439	307.5312479773504	320.812656342436	226.66863219286614	251.8205907228732	273.67204034846367	301.76028876551385	299.6048293536087	235.2930787037075	-2.0	nogo	raw	L	SPLa
352.2669903311838	290.9808890700956	328.21394734112323	305.2918334779236	327.41808501518517	287.04596725810575	307.1624148281008	320.48058274648554	226.49280799573944	251.97128867301143	273.41538226292204	300.88466429852645	299.52634695950434	235.78844915698622	-1.0	nogo	raw	L	SPLa
351.73387589276473	291.0261994563682	328.1633856062328	305.20163524896816	327.0591000978122	286.63529051935467	306.89832764614107	320.2652658614604	226.41352957702782	252.2977412613178	273.4711533128209	300.3351250136821	299.8584182382383	236.44440649129788	0.0	nogo	raw	L	SPLa
351.2505914858214	291.12910164200616	328.07984628536883	305.4314258469988	327.0924525367623	286.5263190680387	306.7810253268177	320.11357487501465	226.22695101834307	252.55352861993842	273.6963162296321	300.32491141078816	300.149152013357	236.8843393950453	1.0	nogo	raw	L	SPLa
350.68213392489594	291.1023392935479	327.746785130486	305.90307737903396	327.53338505292504	286.698026220261	306.90342928148567	320.0677072408012	226.09146356621548	252.5417080081889	273.9069773740996	300.5401420551958	300.1267653254648	236.90948233669022	2.0	nogo	raw	L	SPLa
350.6114209358314	291.17442488623146	327.7178504359035	306.41860116145665	328.37578536670486	286.9853886016353	307.15060845401365	320.3443865453375	226.0194461410225	252.24616498752425	274.1390841161293	301.2226516001659	299.9176307254882	236.43833422034953	3.0	nogo	raw	L	SPLa
350.532078114402	291.39258379652665	327.8781521432234	306.6114693275594	328.8299184181604	287.33477161997575	307.59119229177713	321.1896617663176	226.14804530855125	252.10236299920433	274.40997051100584	302.34057851150123	299.57239020143254	235.8081994669558	4.0	nogo	raw	L	SPLa
350.2313839333469	291.5738127905949	327.9193108442998	306.57114797971184	328.6170294672313	287.85711719225736	307.94885870164643	321.84775834821636	226.44668019868737	252.1985939985018	274.5328376952412	302.927696500807	299.1236091236032	234.9273913950369	5.0	nogo	raw	L	SPLa
351.22868535445224	291.9018505531559	328.0678949229995	305.791378108192	328.2826887590911	288.0115814265923	308.2914930165931	322.21986384668634	226.72938749446772	252.18942384080168	274.58491978435825	303.0710841301727	298.9245810080514	234.4679427705792	6.0	nogo	raw	L	SPLa
352.24521062765706	292.0329751671739	328.10560461145764	304.891752713291	327.6537078184612	288.01313340955465	308.45239381449124	321.92452069833644	226.85519681624493	252.18232854442988	274.2370087515065	302.6519600065546	298.80756072645	234.58985643046645	7.0	nogo	raw	L	SPLa
352.23174719972667	291.60609591633823	327.99743085741557	304.05535806889236	326.9497455791939	287.71088290500245	307.77465276568887	321.15330545572766	226.70929803769258	252.287971721773	273.494388856397	301.78389902410873	298.7288082313532	234.8489259161501	8.0	nogo	raw	L	SPLa
352.29298243502205	291.25229965949325	328.08267794102153	303.9028015535616	326.7973784936397	287.3923494083659	306.9679308060258	320.56928361439395	226.4869217846007	252.91890157922066	273.195131548184	300.95143458130667	298.88065054017494	235.3182742473338	9.0	nogo	raw	L	SPLa
352.05028914143753	291.3438637511945	328.50314819808204	305.62285228148255	327.3719139119276	287.3240951070612	307.4613901879613	320.20012667425675	226.49810955292108	253.5071760852658	273.83390093627696	300.69713404488346	299.1250909928944	236.49762850301502	10.0	nogo	raw	L	SPLa
352.1857688348613	291.5903304476134	328.71712157992005	307.0548265718658	328.56019266839155	287.49825349432695	307.6885719888828	320.429745837342	226.6225398279998	254.0934198684716	274.4699984108341	300.93344461816343	299.64119605866324	236.8641690025722	11.0	nogo	raw	L	SPLa
353.43902328495506	291.74277113187	328.8069203873071	307.598220642791	330.00108555574815	287.63139779801025	308.1545969947507	321.565471674756	226.76839280743673	254.14307238189807	274.8526416652294	301.4507253234565	300.2612304454848	236.57074744243488	12.0	nogo	raw	L	SPLa
352.9090397219973	291.6362288760641	328.9386440895913	307.34194385252994	330.33611001398555	287.81612730709224	308.31729277714436	322.14069821442104	226.659978470951	253.7558594218564	274.992873610079	301.85030852280084	300.66642497585144	235.54204671089295	13.0	nogo	raw	L	SPLa
352.7413642602418	291.4829320263219	328.64356509030887	307.0193893338936	329.9724194423298	287.60158518003476	308.22851558826284	322.20586388765634	226.63555889570492	253.05642281668975	274.87809894991364	302.2112678606429	300.73343713574815	234.42568726181716	14.0	nogo	raw	L	SPLa
352.9074931490908	291.55458666772614	328.3977554151736	306.78395681050927	329.7983880493994	287.471341484321	308.0969155937461	322.1593647407734	226.76571172283576	252.63781693046525	274.6198397022168	302.447003646842	300.32631954876786	233.92524130490753	15.0	nogo	raw	L	SPLa
353.3775583371106	291.5046165977594	328.29607242585365	306.1654395713297	329.46873917876144	287.3248580988094	307.9350705935708	321.6749343751134	226.81861584234835	252.31120565871544	274.2493033105679	302.4571181025768	299.96745975379207	234.03327455072855	16.0	nogo	raw	L	SPLa
1.0208315060163033	0.02219253859474194	0.24988869783803272	-0.7298448995628107	-0.05358690402458754	0.6017529533046535	0.4112200127604646	0.9021976648992663	0.117731091659748	-0.7026474820789885	-0.06455149435630299	0.8194528951136577	0.1705064162072633	-0.8830044198382935	-3.0	nogo	hat	L	SPLa
0.863071973716779	-0.14590713889677828	-0.07753417857251409	-1.2984466396185184	-0.8999090102516172	0.11154738635534812	0.17357625601926333	0.36092658614295203	0.017350868184050693	-1.0538256551877816	-0.5009538202192536	0.48186228496973943	-0.21185224315670934	-0.8485361954465178	-2.0	nogo	hat	L	SPLa
0.6050944153461649	-0.20104028335616775	-0.22882218341080218	-0.7954187429855335	-1.164627792837252	-0.3852338836877819	-0.015975700937482143	0.02071531229538372	-0.04675906981508324	-0.938544227345496	-0.5798793551353048	0.23169148645520035	-0.3691469563519797	0.7401036532169537	-1.0	nogo	hat	L	SPLa
0.32072201181936083	-0.09628465027843258	-0.09915491056976498	0.28542768862751944	-0.5337578894465995	-0.656019452608361	-0.15681719786916581	-0.06201637766019819	-0.06605452918291103	-0.018113255465287005	-0.09321391756589693	0.1251844399835518	-0.15492067566253329	1.870297480267758	0.0	nogo	hat	L	SPLa
0.054225312903064884	0.047024503933420295	0.12773069485631605	0.7950619979418854	0.3487773413055248	-0.46229812177204305	-0.257950588232679	-0.018640187410361556	-0.06670655195719347	1.0786868190344945	0.5285676021414415	0.11712071895009223	0.18630929388509065	1.690596401492888	1.0	nogo	hat	L	SPLa
-0.16114459319683458	0.1101144893371532	0.2341408638394054	0.5538390298590922	0.7517909471035472	0.1114524284805185	-0.32041876320282076	0.007807618619377277	-0.07378812793083984	1.6108944649758323	0.8123848995182253	0.1246457845341945	0.35190374003030844	0.8996776628525233	2.0	nogo	hat	L	SPLa
-0.30513080172759366	0.07146996221562008	0.17029802571050462	-0.05360918112501978	0.5333979324562593	0.7086850692390718	-0.3479267483716577	-0.02821801884367064	-0.09325526046751602	1.4368486658274813	0.6762407039407131	0.10755678461462562	0.27280529251758506	0.12316309202694156	3.0	nogo	hat	L	SPLa
-0.3784834342231768	-0.029136027272589363	0.004762052503614441	-0.6696160165837882	-0.047929236064090774	1.0210734646463924	-0.34878774292116077	-0.10468654887512695	-0.11913922302127582	0.836197800661772	0.3000408559989371	0.06711135749597813	0.042387609662395236	-0.4184572260637864	4.0	nogo	hat	L	SPLa
-0.3977911899714152	-0.14569168988202943	-0.17996977283509405	-1.142712061627958	-0.6951515254615936	0.9622215187583685	-0.33184897351752113	-0.18680795649529264	-0.14349023913665732	0.14011875803266177	-0.11448027279779961	0.01851334833946456	-0.2271186892816372	-0.749040102126567	5.0	nogo	hat	L	SPLa
-0.38623890531388133	-0.25091908440755606	-0.3387231946384954	-1.4817656149009142	-1.2508799137341315	0.6235955138407691	-0.3050376905868543	-0.2550340525945153	-0.1622419508418046	-0.4553064137235362	-0.4608690522389088	-0.025951818999390978	-0.4674655126204507	-0.9851695732489254	6.0	nogo	hat	L	SPLa
-0.3668693402193005	-0.33585034963300187	-0.46593067615506695	-1.7694271387425669	-1.6963302956529398	0.15105485345946204	-0.2783772866453775	-0.3107231416253989	-0.17641398695500604	-0.9055099811254191	-0.7292455463776248	-0.0627653256348139	-0.6642515676987929	-1.2120176519427002	7.0	nogo	hat	L	SPLa
-0.35936038986051533	-0.3760540354168209	-0.5500238413071983	-1.7023937385248726	-1.9620909381714176	-0.3383221118203346	-0.26172087739558114	-0.33888162959023777	-0.185734293966033	-1.106055422702153	-0.8679293020667853	-0.08253998134264795	-0.7914450002213251	-0.5246714160908267	8.0	nogo	hat	L	SPLa
-0.3804714656138576	-0.2798764010542133	-0.49454183097735366	-0.901752705779811	-1.6915358862012735	-0.7095998540983245	-0.2747765864550244	-0.27796488363430316	-0.1828957034008151	-0.5797536691002825	-0.5997261321834017	-0.059477183879254256	-0.6960798244285883	0.8237543743128608	9.0	nogo	hat	L	SPLa
-0.44636415034045684	-0.06085731524184542	-0.28113561993899583	0.2198751752877185	-0.8204826052060821	-0.7385469024899071	-0.2441981827314414	-0.10236833702685467	-0.14274315152230377	0.4952021136929331	0.030791656179963777	0.03596297721308136	-0.3570061121280754	1.6749363225030602	10.0	nogo	hat	L	SPLa
-0.4758056719840447	0.22448334727988084	0.09891287720138517	1.6156870973395419	0.5311307157806957	-0.3458069574808604	0.041925929377767505	0.33570631391614547	0.007177865451652909	1.3215843607512383	0.741163464482462	0.36927015380317774	0.19649395045146284	1.9358480110374612	11.0	nogo	hat	L	SPLa
-0.2157974579471086	0.48963927509389443	0.5536532036712019	2.4615104907054417	1.8628163597007943	0.2697023427661598	0.4993684427652216	0.9655004409151006	0.2253839372443767	1.4820057133333324	1.294408921298929	0.8980141520103389	0.8395182037959359	1.4761654947155514	12.0	nogo	hat	L	SPLa
0.4354001186510046	0.6118354285842037	0.8346336942409947	2.277191976922456	2.4833619004856238	0.8100981445082089	0.8329001675300427	1.3952020527291713	0.3800736094632351	1.0879737988027767	1.4470830820709093	1.2904951079387301	1.2435287395394912	0.7160633193275713	13.0	nogo	hat	L	SPLa
1.2220708592884677	0.554084153478538	0.8218687267810799	1.4076028090317279	2.2064031228694643	1.0667522063833463	0.8877046887022416	1.400148862098013	0.40511650871979765	0.4563889503635314	1.1709747381802027	1.3538402843496553	1.2280912950039808	0.03817253570494139	14.0	nogo	hat	L	SPLa
1.7804761212632945	0.37123735250806733	0.583129670709278	0.3705143820631653	1.3502347370315348	0.991401942517522	0.7138061527782404	1.0628318315533787	0.32626518054264325	-0.15639285077054393	0.6427056901948047	1.1365077290599237	0.8855706289119067	-0.448776164740484	15.0	nogo	hat	L	SPLa
1.9236637850373426	0.14296856499938396	0.24906030711989252	-0.550394724301586	0.31870365108439747	0.6602443512265601	0.4409785205744697	0.5883935316750161	0.20278520641833558	-0.6392690673817473	0.06363190960153449	0.7856407065318635	0.40483300836730157	-0.8301622210498569	16.0	nogo	hat	L	SPLa
2.2247047198497025	0.15594124738208212	0.36366590521531245	0.22999699517545327	0.328198257952771	1.065820213204882	0.5493653338638639	0.9351609795488306	0.25498576315572963	-0.8222269025948492	0.14858001705784304	1.5966596935241872	0.16268955294153098	-0.8542454044589496	-3.0	nogo	adj	L	SPLa
0.999267027986815	-0.14221369031131392	0.17770152880071943	-0.24858976181079376	-0.40597139746785965	0.24197419104637047	0.1724143411650281	0.0338786955415601	0.18947044676329644	-1.1048728325890864	-0.45600524000004616	0.697215906317619	-0.4029130429227459	-0.24698014034734642	-2.0	nogo	adj	L	SPLa
1.0999866463940482	-0.6142932980155825	-0.16033429733593363	-0.9399590202945379	-1.3818266626555489	-0.3684806376788978	-0.34333203564694925	-0.3903919939236348	-0.014178155111101457	-0.8324529282217464	-0.7798032093804326	-0.3466467957977982	-0.48021312026274965	0.34378056434713256	-1.0	nogo	adj	L	SPLa
0.3447239015682916	-0.5275560611157195	-0.14825486434234977	-1.0869414448675792	-1.977790069495294	-0.9669507155274584	-0.715461782785464	-0.6638049237773039	-0.09447039868803617	-0.26524825698998095	-0.69486338831875	-0.9711547828148065	0.09173168484658287	1.2218493262001475	0.0	nogo	adj	L	SPLa
-0.3161002431661897	-0.38339185385109226	-0.21466149452631733	-0.6998503413594507	-1.9477850330296238	-1.1178199555089399	-0.9206634744675888	-0.9021869332139815	-0.3262984559034788	0.153837303578794	-0.4047617759595983	-0.9443103201631262	0.5853452947374457	1.8401310883411603	1.0	nogo	adj	L	SPLa
-1.2294430149387474	-0.44103084074528176	-0.7252391522802984	0.11079915584900096	-1.2284277580891647	-0.8584680818881966	-0.7604073330745628	-1.0572106539285298	-0.4973863603338839	0.12003131378401272	-0.1662374975565403	-0.7275282414622398	0.5731484420851344	1.9346604447460403	2.0	nogo	adj	L	SPLa
-1.2649792254154157	-0.35171404108354437	-0.7432268273756191	1.0417040175949952	0.18330594889094765	-0.4340654331473396	-0.44785543366467634	-0.7332898269384193	-0.5894321172063536	-0.417655107791969	0.12092795058633324	0.04010291232713549	0.32434886928660556	1.3493924142379223	3.0	nogo	adj	L	SPLa
-1.3499405685329342	-0.041395099663910175	-0.4373917435492966	1.4321420743786049	0.9749166143486845	0.09006197102706501	0.18571230844622894	0.5654948197390492	-0.42633939715300107	-0.6913733779250302	0.5200907301580626	1.4237846088096167	-0.11073777947284988	0.6348384591825776	4.0	nogo	adj	L	SPLa
-2.027671336590717	0.20127889199085494	-0.3568700714074798	1.5366130059529162	0.6364251791550002	0.9850453138653877	0.6907023658539547	1.5406759117626005	-0.04165922968630218	-0.47784017681849145	0.7313463935891131	2.0879329036572387	-0.7099120083001541	-0.5514198604189909	5.0	nogo	adj	L	SPLa
-0.28678378291329537	0.6702126083437322	-0.11592481662361312	0.2651613289892475	0.11131607538838945	1.2185228796450256	1.270152482204196	2.132033371320442	0.3215809103863508	-0.5413975744802488	0.9026993054399071	2.2476195667808097	-0.9116929645712364	-1.1117817873889975	6.0	nogo	adj	L	SPLa
1.3079020477533942	0.8770209376094288	-0.07573478417865669	-1.1976645539294841	-0.8864502507141723	1.2290309629240985	1.6027354785576677	1.6812241265455734	0.476604795561747	-0.6924096979122728	0.46347949856235227	1.7468194643618797	-1.0065259766929908	-0.8346850721564105	7.0	nogo	adj	L	SPLa
1.0140130789898902	0.27752059011644037	-0.298903873600446	-2.7026049058282755	-2.0917935883342653	0.7193698975882078	0.4918873132646922	0.46367148485114834	0.2769533664172659	-0.7146354225803018	-0.6350380951156592	0.6998529869497515	-1.1220588242099745	-0.5864854994093592	8.0	nogo	adj	L	SPLa
1.0076268528046033	-0.21849757976745823	-0.24271157646573632	-3.020352801490072	-2.4907599592626117	0.20898290532281405	-0.8483442110947463	-0.42576651750517974	-0.019323247593344427	0.23192022334680432	-1.1111311633752936	-0.29536737522798323	-0.9244531448975056	-0.14090047333047945	9.0	nogo	adj	L	SPLa
0.395777063170103	-0.08038824310038814	0.3842226925240205	-0.07345812444077339	-1.723846056770607	0.13833741524255944	0.06617639640616428	-1.0571166459883101	-0.008358691042837771	1.0677234936871176	-0.19471706348153706	-0.5644132726876812	-0.6396909582893447	1.682002742373603	10.0	nogo	adj	L	SPLa
0.48807892938912434	0.27173957314156133	0.6643546929185536	2.2546249700329555	0.10343706176793561	0.47879313420072156	0.4002184053862146	-0.7643057744218136	0.15701456107085682	2.021465612772472	0.6626110602599091	-0.254292582890184	0.0556714263915191	2.2176202562330385	11.0	nogo	adj	L	SPLa
2.679324619298561	0.5006672449722448	0.7602863544084018	2.971658666793826	2.370887605607716	0.7366265412031989	1.147459432065377	1.0809565432050647	0.3521243830336821	2.0819842021976753	1.138820956153056	0.379181458919649	0.9231301169661182	1.9060308684075276	12.0	nogo	adj	L	SPLa
1.5586897844315732	0.36685883256634505	1.002630377640677	2.339429176285704	2.7459881289750006	1.1269779829066335	1.3437492509302342	1.905462282089199	0.2178857066303003	1.4793033362846533	1.3301448813302763	0.8214451512044999	1.475428604936155	0.49933334520414874	13.0	nogo	adj	L	SPLa
1.2382751486156098	0.17391520074039535	0.5513387318078362	1.8801222203540702	2.008792334233926	0.7154194083956883	1.198756102075731	1.9330777848759384	0.19597309908399413	0.35282626561967145	1.216529171311485	1.2355975305797633	1.5428911439689097	-1.027904959128339	14.0	nogo	adj	L	SPLa
1.4757130119574318	0.32535266208670394	0.21803712310364598	1.7657731185246597	1.751640893734183	0.5942530323132194	1.0713031257704007	1.942297374669233	0.3752982427546967	-0.2600093849375984	0.9908711346807448	1.5122883946954098	0.9286615312199019	-1.6081645956337591	15.0	nogo	adj	L	SPLa
2.623860229332308	0.3015444990596365	0.13515344186950035	0.9714765806540896	1.3427970450812563	0.4503643531939632	0.9542713647560604	1.325416738665198	0.466630931371955	-0.696429044971776	0.6110430653108236	1.5497303126932862	0.4453791596887558	-1.379536512833235	16.0	nogo	adj	L	SPLa
394.320133719144	272.4972481351597	309.6079908234288	300.5340728365895	305.06668720445424	231.19192828155659	290.90118951098316	313.0262006182559	209.40169882239906	258.11352544152044	274.42188935106304	265.7650627600073	254.45503770999966	218.0086760012059	-3.0	go	raw	L	SPLp
394.6520858006807	272.25670431680965	309.26631168522783	299.84998569658205	304.6534866157459	231.12096140835337	290.8165618577929	312.90856290693114	209.4054115329833	257.97444443078814	273.97315992904265	265.8163302174707	254.0327415357317	218.26433335355912	-2.0	go	raw	L	SPLp
394.7530824870536	271.8203246887885	308.7927471296087	299.189301147668	304.09423178313244	230.85386507388944	290.6499192900549	312.5131956913558	209.2075868632092	257.9372102390092	273.4913681210142	265.42746920530215	253.66116540179067	218.76225020059357	-1.0	go	raw	L	SPLp
394.53584827403415	271.5714750040728	308.96524087938565	298.49743504250256	303.69671789105274	230.64723357336513	289.3983984683517	312.3135618114335	209.11355106010078	259.0476497433978	272.69884817956085	265.15738648228813	253.75178416161526	219.4710509420378	0.0	go	raw	L	SPLp
394.4527659779999	271.7669686393599	309.70787986195444	300.6991880348388	304.0478478198636	230.4059486097815	290.6474599662156	312.03173416154135	209.13534899576325	259.57582483361534	273.78269102554475	265.26692333609367	254.2007277719105	220.49674467849997	1.0	go	raw	L	SPLp
394.74307789598805	272.26043645664026	310.0190574163958	301.98666802113684	305.186978399543	230.5623946471007	290.85346014561924	312.2713676905251	209.21079053592203	260.2503154784405	274.5130135430606	265.1382837197166	254.79438256978378	221.35756737111635	2.0	go	raw	L	SPLp
394.98593020713434	272.65451562103465	310.36971710544844	302.64952798929573	306.5357337363364	230.8659898619466	291.28383192622385	313.53770008375113	209.3417107550731	260.13591835646486	274.91378965898383	265.47422772568495	255.06848872878294	221.0293220730754	3.0	go	raw	L	SPLp
394.4775681077323	272.75392427246425	310.82840658398175	302.35025216596955	306.7629738389127	231.0187251872478	291.53285067867876	313.9404973839886	209.35813043448186	259.3470184669867	275.24457179314186	265.6135598902721	255.24273417786753	220.21535796400502	4.0	go	raw	L	SPLp
394.7030534509381	272.793597239887	310.83569886466535	302.05665339581043	306.2481230122072	231.2088354491947	291.0944808255218	313.3387953608201	209.33279868040927	258.41164493596	275.0865200769399	265.71554723498116	255.1124703241097	219.06299536580113	5.0	go	raw	L	SPLp
395.3655525406899	272.8715949053821	310.5263849487852	301.6049627474024	305.72900028447805	231.30360466111625	290.9247208428979	312.88721161213147	209.40950168066203	258.1134904645785	274.64644456511337	266.0130202449643	254.7881067202618	218.12273266996593	6.0	go	raw	L	SPLp
394.64466422325336	272.61808899051096	310.06289701384827	301.07116074192885	305.1033667953839	231.2542996993567	290.7210482005391	312.4844314855864	209.39305868611052	258.04537350192805	273.92638069347777	266.0402194177015	254.29551620792236	217.92334768456215	7.0	go	raw	L	SPLp
394.7034808985411	271.9158337840952	309.3672810179451	300.19650484361955	304.40097244014237	230.9381858721775	290.43524274050986	312.0563654310275	209.2210353951752	257.65150711305307	273.17159215825956	265.83913913202645	253.79026832438032	218.4314419226267	8.0	go	raw	L	SPLp
394.42255129097964	271.3279553946143	308.8616019125192	298.9225470077614	303.6758049300029	230.47603024554093	290.0125459053935	311.80861292362897	209.06494359668554	257.8462453543194	272.49159877592695	265.25465545100855	253.63581232729086	219.02787025888694	9.0	go	raw	L	SPLp
393.7062876092202	271.1652827334549	309.07309130853764	299.13044212971033	303.36508330056284	229.98103583539142	289.9717542099978	311.6631615988078	208.96603225310196	258.42027696096625	272.45565755809764	264.9091938859384	253.88684515154387	219.98816784271466	10.0	go	raw	L	SPLp
393.3434587724912	271.39529223876144	309.2301162541748	299.78754605920363	303.5243754541055	229.7257755668529	290.24335692774895	311.55657278907955	208.9301632993435	258.8047650763065	273.04788102023866	264.68186084995455	254.37995372023806	220.96232000384117	11.0	go	raw	L	SPLp
392.96829322002327	271.74124316298315	309.273683804297	300.2836853267359	304.2845803308972	229.91686457068587	290.3649389739672	311.9201118012696	208.91026739660944	258.9894678929845	273.62143680849437	264.64989918229816	254.60566053319326	221.41966302691355	12.0	go	raw	L	SPLp
392.63565358983857	272.0263217175205	309.5029716036897	300.33464803701025	304.86489663255196	230.16614755986905	290.32790289892864	312.4492720444035	208.8870627367352	258.65692560838494	274.064014934306	264.84129484218033	254.6601799951435	220.98342647419204	13.0	go	raw	L	SPLp
392.6344715808832	272.185925511301	309.67823296935126	300.1004111694077	305.0024424473528	230.38143798186778	290.33832227362467	312.4485774927483	208.92300269685396	258.2878698482396	274.29376786529895	265.27658695247845	254.62714604377723	220.18149860045727	14.0	go	raw	L	SPLp
392.9041082307154	272.3349136898855	309.6116234996627	299.79837980983643	304.78647181114104	230.6889586221172	290.15547057544825	312.3635237480895	209.0555894165856	257.93371090424375	274.2961572602996	265.6405048432418	254.37149014304472	219.1044880146039	15.0	go	raw	L	SPLp
393.0021639230549	272.37860345884405	309.5348171426727	299.652901517141	304.44632190289144	231.0069237264852	290.1695740036502	312.3885484639448	209.16831921702976	258.0042076316439	273.8723675235147	265.88874128167225	254.1629011381978	218.46674990982808	16.0	go	raw	L	SPLp
0.17069164518605426	0.22285380615750175	0.2669662904237203	-0.43209486902726724	0.11295349375647123	0.507528340209432	0.11829183222456059	0.5146092542048274	0.09574241550826294	-0.4141656312404705	0.2753015135735207	0.37156222429490415	0.020935997138839604	-0.6772838514369566	-3.0	go	hat	L	SPLp
0.36022804951127896	-0.021006948629441954	-0.18736022124950566	-1.1741035198871232	-0.6550291253687954	0.23706337890949888	-0.03343082738029369	0.2762674451550378	0.06730099470475966	-0.680717851817092	-0.16057204107998363	0.2693204474082377	-0.30593429165514263	-0.9462348705028236	-2.0	go	hat	L	SPLp
0.3853065397707485	-0.24029941921164027	-0.5781910417526067	-1.5880808404211884	-1.267389032923685	-0.08940898566204591	-0.17830377681957563	0.053365110806322856	0.020031489500893992	-0.77974526442924	-0.5127929206263871	0.13905138059236147	-0.5473991066099692	-0.37664277233950844	-1.0	go	hat	L	SPLp
0.2510807052935275	-0.351492597378657	-0.7018403749902903	-1.491280739035218	-1.3601608299695425	-0.3662134815206667	-0.2997614671391503	-0.18018899374455075	-0.07809054854120633	-0.3181238932903767	-0.6211804998063175	-0.07695051707775234	-0.4785553498232818	0.7959639519505478	0.0	go	hat	L	SPLp
-0.08447626545237867	-0.2964938368018319	-0.47370565523671926	-0.7473877340137413	-0.8138700980538649	-0.42737796948038315	-0.3524353599361228	-0.3585972405458952	-0.19619660920496074	0.6543648612067674	-0.43161429833025744	-0.34766437838461317	-0.06962762685982599	1.659162392902037	1.0	go	hat	L	SPLp
-0.5345420899166391	0.07001576212780197	0.227010188537969	1.4997397492793045	0.43843491984488225	-0.19199232788776774	-0.10514246198267323	-0.06628081880774446	-0.17633800064009134	1.3266011288133428	0.17920424362070708	-0.2994266189146095	0.5045632059969271	2.2100929636395095	2.0	go	hat	L	SPLp
-0.7278697318635168	0.656171053503661	1.2089456246258703	3.5084289776165076	1.9999122358752088	0.24423660554280383	0.43011670421589987	0.717745654091422	0.009832217194109745	1.2392693051310777	1.069576011564696	0.17947361804549694	1.00691217101986	1.889422757951832	3.0	go	hat	L	SPLp
-0.41015499194924787	1.0825134789182391	1.8538727207456094	3.82647018915129	2.9257110926304817	0.6811695410902628	0.8766521923956113	1.4069140565079885	0.2129545175513047	0.6594721873613213	1.6614711931126969	0.7039965651975391	1.1848550110974636	1.1003850051295188	4.0	go	hat	L	SPLp
0.23839852754427016	1.1466938135481055	1.8589369289329052	2.8042020606538607	2.808849011642707	0.9324292752267599	0.9959165099898416	1.6107692491290042	0.3165996242004407	0.01896117325799407	1.6524433602449398	0.9647573976898903	1.0021355189254877	0.3343185360831421	5.0	go	hat	L	SPLp
0.8445600143827435	0.9085232854524675	1.369417612613651	1.3430485409038797	1.9364804383757526	0.9203221555913745	0.8221808686088372	1.3718954456254697	0.3106914484410614	-0.4486312767219395	1.176407716464958	0.930796691399347	0.605768286727103	-0.23268076019973966	6.0	go	hat	L	SPLp
1.1647704667919427	0.5293195114482176	0.681300187878623	0.02931793058326762	0.7979989434685568	0.6830470204647306	0.5082292489216124	0.9292402617856221	0.24278920841512025	-0.7180772854311468	0.5262172338726241	0.7198496425094578	0.15950592557875104	-0.6570895956523414	7.0	go	hat	L	SPLp
1.1723109823584659	0.14406620898579386	0.01868642275385263	-0.92984995825033	-0.2551956523998979	0.31665723147151437	0.18456584852994493	0.49227602654931196	0.1586873570713152	-0.8489102357505306	-0.07335819970195533	0.45842876703409	-0.2362562482676884	-0.724164196928439	8.0	go	hat	L	SPLp
0.959083843866331	-0.15264913408868752	-0.4244677125095218	-1.2739843184786805	-0.9044427713473234	-0.07190401806646554	-0.07832776199810099	0.12011283157733461	0.058442358921257244	-0.6909517533688546	-0.45541621489836015	0.19134441261219104	-0.43022746887718605	0.216857511797994	9.0	go	hat	L	SPLp
0.582595107150085	-0.2985263934435904	-0.48118897412390044	-1.028307800638549	-0.8681896627580566	-0.3350589365350349	-0.2594914868155001	-0.23214559474448343	-0.07584343863910409	-0.006013884169797439	-0.5100842745223997	-0.10993159735659147	-0.2652357165581197	1.1127051741102274	10.0	go	hat	L	SPLp
0.07287987822853963	-0.25544736837025855	-0.18936080537651312	-0.22050050855690942	-0.2925760034081406	-0.32948163917754386	-0.3009665025441617	-0.40133829782434904	-0.176667467908141	0.7855325414244128	-0.2682478185658941	-0.3122057384837304	0.10935712264037767	1.5921857209606323	11.0	go	hat	L	SPLp
-0.4128301568050987	-0.012500277175522838	0.32538221491672825	0.8386548156568984	0.495950704904942	-0.06322762591255641	-0.16888932187910477	-0.16769114283230385	-0.16365242183618248	1.084656779209262	0.19428951393949803	-0.21262014542091837	0.45864165709207155	1.5159150350168533	12.0	go	hat	L	SPLp
-0.6648202598941442	0.2722670801626473	0.7627735325165294	1.3008251875280863	1.0693681939524926	0.30861781406054023	0.021822250105149363	0.2997587595206445	-0.06633837803174703	0.8270953076004055	0.6242024346455523	0.09227391118181935	0.6219203928253051	0.9552606773553696	13.0	go	hat	L	SPLp
-0.6389931896877246	0.41142444567170045	0.8701089934946059	0.9705135809733613	1.1180714770117954	0.5990321240936985	0.13209971228805872	0.649847279228944	0.029070100940659704	0.3197455879219577	0.7646713445816893	0.3578677220296729	0.5533686717991196	0.30151986376924894	14.0	go	hat	L	SPLp
-0.4551975392153272	0.35817856678041127	0.6440572434563692	0.2308466008225836	0.6781722132945157	0.6916131983523569	0.12235151402750644	0.7272856925203633	0.07473874267500351	-0.1569156761565271	0.5879344179161508	0.4615086488815355	0.3179535716485545	-0.21683886898746707	15.0	go	hat	L	SPLp
-0.25748722518585393	0.17691736978139905	0.23861522855454276	-0.5307606121809041	-0.002279276862471552	0.5754521499481196	0.032386921493530785	0.5927116500505001	0.07363126787901429	-0.4900779435554389	0.23293910414140923	0.42108127877025975	0.01700720091022091	-0.5843392359645335	16.0	go	hat	L	SPLp
-0.04916001405029308	0.617076620924859	0.30156256939298653	0.3148798032890387	0.7024760162634498	0.7431293608717453	0.2869354277372917	0.6783721206712631	0.24583834425530787	-0.8847068180777737	0.5568927072885238	0.7349788914050215	0.04142816292830332	-1.614268623630421	-3.0	go	adj	L	SPLp
0.5117203476095077	0.3196618657028191	-0.2114081186943255	-0.786035124659314	0.11201668953434002	0.610648287855931	0.25228631762411474	0.6031036245509429	0.2605822326551269	-1.1526940580227718	0.052808369500483926	0.7892747075822002	-0.5237781921421953	-1.1988607383943162	-2.0	go	adj	L	SPLp
0.600363648471645	-0.26868757758460043	-0.9958726931116367	-1.9508313968022548	-0.8208359145413349	0.13675437960925224	0.09853488076634938	0.03104935188528853	0.012084493610742954	-1.3923317260270096	-0.5719364810745671	0.2602712576383611	-1.0710807923398045	-0.6311685195202115	-1.0	go	adj	L	SPLp
0.20242679942429542	-0.620814265598363	-0.7736404443495802	-3.31519384732931	-1.6011515170711048	-0.13354070759437506	-2.138434900980515	-0.2319740249778623	-0.11105410641911732	0.5574215712247154	-1.8477815328142226	-0.07601129220288332	-0.9432332103841551	0.13569797512833406	0.0	go	adj	L	SPLp
-0.00032475559648643157	-0.3744238374074628	0.3533277702577011	0.5360239298661682	-1.148265324343032	-0.5215801207259564	0.0752142030097427	-0.7719400771433591	-0.08767192209733143	1.2894403803517394	-0.227898300061955	0.11456412398688069	-0.28146604332320363	1.5090458640434135	1.0	go	adj	L	SPLp
0.5638778462420412	0.28565555672849746	0.6859839565446414	2.512872448995836	0.6951366927884693	-0.1782010002442905	0.2809723232612303	-0.4641573181094772	0.009830180757034896	2.4682796725771183	0.7329878188112465	-0.0967907708705401	0.5973126344884594	2.814999110160389	2.0	go	adj	L	SPLp
1.0398698011048024	0.8124690165984657	1.1254645395922591	3.5065847067494222	2.9280679574535933	0.4102621295021192	0.9427850798521107	1.7055241208273912	0.1759549961490628	2.2871653978541104	1.2211531149364812	0.34270684958913156	0.9488396581143923	2.287522939882836	3.0	go	adj	L	SPLp
0.136754368173296	0.9367304497381043	1.8291743099235493	2.769261210161001	3.235972728832881	0.6391951647885087	1.3470031842319046	2.3576199084077456	0.20428070671221876	0.9731123430464133	1.725334526053237	0.48905058386159794	1.214595186699514	1.2275937076940227	4.0	go	adj	L	SPLp
0.5485310198096738	1.0092737234449638	1.8657643384744025	2.3867214884988677	2.3475376046116154	0.9284963316525193	0.598039343675885	1.3267352989931303	0.18424710619029566	-0.5479184704161882	1.5985722819458466	0.5860240797826757	1.0385135834996015	-0.3135040801799668	5.0	go	adj	L	SPLp
1.8368229580918083	1.1751894459288064	1.4564212918477555	1.8725920061275987	1.6047186112194072	1.0786551834077909	0.43960275856834763	0.7124893546113543	0.29972992588445185	-0.7758863715277949	1.1445712761037228	0.9845481314897702	0.6540528449786761	-1.578180186274081	6.0	go	adj	L	SPLp
0.6755878966261198	0.8908944445875286	0.8682132242298733	1.295267735620264	0.799121336399039	1.013748316960727	0.23416343819760896	0.24514924743758482	0.2990995763346346	-0.7187345803398788	0.29905158028626666	1.0223113041684344	-0.008351753197673825	-1.7834253354213072	7.0	go	adj	L	SPLp
0.9593542491237513	-0.0316819544577734	-0.10810690813186698	0.035389773072616294	-0.14420996675626008	0.5326333009956576	-0.0967312548239087	-0.27598932707207063	0.10209043462143647	-1.399169399949102	-0.6190566637397047	0.8029742173926839	-0.7037040240346875	-1.0291044804547997	8.0	go	adj	L	SPLp
0.6439726873432459	-0.7979837430440853	-0.7959792966455403	-2.135109314888056	-1.2074632242552825	-0.15188323958242905	-0.7224354337795478	-0.5272125675346511	-0.07919123941747189	-1.0143120418132887	-1.5221394412925735	0.06936580062769727	-0.8951480894787961	-0.40276930747985196	9.0	go	adj	L	SPLp
-0.4189206082343319	-0.9978421693467285	-0.3495880546208824	-1.5373824659302846	-1.6614905674437166	-0.8625228986411918	-0.7356270260621836	-0.6938083139331749	-0.19209981254656605	0.03767803367040606	-1.53491313174912	-0.3031466827823431	-0.4958085381544832	0.7945843169595679	10.0	go	adj	L	SPLp
-0.7775832270457655	-0.668927871294957	-0.0709387238084826	-0.30169158593182077	-1.383683788677087	-1.208000047681401	-0.2617611842655896	-0.8941703270196167	-0.22644971809350975	0.6676370471407383	-0.6927116642288842	-0.5422915973967436	0.267057720610048	2.114288562526638	11.0	go	adj	L	SPLp
-1.1760703983657552	-0.19628449998556785	-0.02560833526800552	0.6245116369301033	-0.08297753509265941	-0.7902919344943393	-0.0903806753574329	-0.29559088246678217	-0.24526427836043344	0.9865864708999441	0.05400882829714475	-0.5659355284408956	0.5759092165415954	2.7631247669964534	12.0	go	adj	L	SPLp
-1.5929787811360705	0.1886943848663216	0.3473138102243879	0.7543428380905874	0.8964702759257913	-0.3495164463672051	-0.15483381130409035	0.5907042710314483	-0.2704909868976231	0.36822379729004523	0.6350994220120098	-0.3379114445346162	0.6531542772509188	2.1221043830376205	13.0	go	adj	L	SPLp
-1.4410561033139133	0.40211887222916687	0.6613870008280888	0.3646714081548461	1.1244633723927806	-0.06305302205131953	-0.11340013462268747	0.5352893816861797	-0.21767872345678158	-0.2500905231063603	0.9801930385805081	0.20640365180373624	0.6330421681092122	1.096913158924392	14.0	go	adj	L	SPLp
-0.9219826980455056	0.6227926164332284	0.6042295342504737	0.014274351512048004	0.7840529245935478	0.3882928135667155	-0.4017993905208119	0.3785388103935331	-0.039189699993983064	-0.7924304547468427	1.0900391782351917	0.6437556232847469	0.32428843069100827	-0.3763429674059114	15.0	go	adj	L	SPLp
-0.7441269513790991	0.7105498522128941	0.586276254780668	-0.004314732551588264	0.31584949481782276	0.9013065486839225	-0.3035851715012258	0.485852800649794	0.11580836761340978	-0.5607864953660193	0.5974576581762886	0.9478485393609062	0.10486867476761962	-1.2030464624970716	16.0	go	adj	L	SPLp
394.7898548977419	272.360768137299	309.15295203855743	299.9373011415218	304.85653965205427	231.1836529860187	290.76188192443436	312.4742312093121	209.30036016838852	257.86952610344986	274.50055824363943	265.8382761502794	254.17499209832616	218.38372229938324	-3.0	nogo	raw	L	SPLp
394.2928180716331	271.89004392836193	308.6988444702689	299.3314353997022	304.14935597509486	230.78064848107118	290.74096524798955	312.12962332983466	209.22045128065005	257.6272561751799	274.0843336660943	265.5593665624459	253.73625427248825	218.68218238404347	-2.0	nogo	raw	L	SPLp
394.4443617691308	271.5556103612199	308.3709419741693	298.6069358658301	303.50319740368576	230.37330331489446	290.64370860400936	311.9295041204539	209.12869224041143	257.7003389897726	273.70504669309554	264.881046278968	253.61881198004613	219.17967822224963	-1.0	nogo	raw	L	SPLp
393.84663032544006	271.50323411678664	308.5287456090638	298.4455213484107	303.36646017642914	229.92466480710772	290.46118481812414	311.73165525434894	209.02200947950715	258.0876381362151	273.629824587892	264.3790025672401	254.0266381235392	219.90385071797346	0.0	nogo	raw	L	SPLp
393.3803364577135	271.53787938995555	308.6046322116325	298.64256442931935	303.3225062057803	229.7654159458063	290.27014898876655	311.5859624412383	208.8907921917797	258.22101891091086	273.6990131781185	264.04152423779266	254.5305153246827	220.52917506771942	1.0	nogo	raw	L	SPLp
392.97437222238045	271.6090869056919	308.3224618888069	298.9249682233042	303.7779549325139	229.95273205851365	290.0876160535634	311.3995695378214	208.67455017568457	258.1048836313069	273.85926506405093	263.92662153450874	254.42889810600616	220.72972341570681	2.0	nogo	raw	L	SPLp
392.78707744889556	271.736443319777	308.27668167245525	299.471085097139	304.65029892510614	230.14670224291493	289.838923161712	311.6382671124154	208.57326257899882	257.8774942195427	274.08747985622244	264.2417635495478	254.27136089384945	220.0775519381141	3.0	nogo	raw	L	SPLp
392.9994193490386	271.95722962640883	308.4098380358149	299.72171241229137	305.2496587696772	230.26247776222476	290.10444112614573	312.3438262358672	208.68485354696065	257.8982065251977	274.30596413492515	265.10923696111894	254.0247613601769	219.90002076104633	4.0	nogo	raw	L	SPLp
391.6122593768617	272.2193341590352	308.5224622262165	299.89989629614934	305.27406991419343	230.79379958193138	290.40460673116013	313.1414639313089	209.02707771768993	258.0228217435678	274.6606245106396	265.8801882454524	253.8004654049369	219.19372771900146	5.0	nogo	raw	L	SPLp
393.0970430705907	272.45477628078703	308.73846627373416	299.4796497833509	305.0421504177273	231.18199328179423	290.9853032072105	313.68238346258426	209.37653247566084	258.08682379815775	274.8764792286616	266.21911422046253	253.77375713886252	218.47021098116494	6.0	nogo	raw	L	SPLp
394.69870640921425	272.5359921894098	308.5895264693712	298.7998973743472	304.5399456497542	231.34072261449717	291.3270623166235	313.7025949247404	209.53552651923812	258.0727558381576	274.78671164889533	266.1667306580895	253.4646713998179	218.72015459079444	7.0	nogo	raw	L	SPLp
395.0719087839157	272.28773413147616	308.2989799986112	298.0107223297063	304.0166814185127	231.21971834553278	291.1903500915527	313.24970251494676	209.4020197088468	258.2389761793814	274.3409619649687	265.74906797708445	253.15766125221754	218.94178631823118	8.0	nogo	raw	L	SPLp
395.52183991498697	272.00208100406996	308.5086527597744	297.9071234688992	303.76943482126524	230.95518726219026	290.8642260295334	312.7386780641406	209.2345623801615	258.91878735727516	274.0145336498229	265.3421742842019	253.32361563156212	219.6747118943287	9.0	nogo	raw	L	SPLp
395.5239307546984	272.0301176529009	308.97085017130144	299.0637991231161	304.09876224025686	230.8374629989425	291.21075226974284	312.1506942059055	209.11130436356007	259.3215594615536	274.3566309821617	264.9861605623654	253.6128321646589	220.33387404209992	10.0	nogo	raw	L	SPLp
395.67044673092926	272.3192731941403	308.99520695893483	300.22103801380445	304.8419308041195	230.8742643822236	291.2699632543348	312.00891223394524	209.03890113793315	259.8668300132312	274.5556629940019	264.5035572220175	253.99997156621265	220.62703873943113	11.0	nogo	raw	L	SPLp
396.5258529712281	272.38648495910616	309.07835340679327	300.9256678054676	305.8780183414783	230.8294030595963	291.56343292058546	313.0052528499204	209.08369428264348	259.8741248505376	274.6707459062915	264.43040456334467	254.19369820250822	220.09897114834249	12.0	nogo	raw	L	SPLp
396.31039633095054	272.3690359619949	309.19654481341894	301.1623725172744	306.2205430991951	230.79281023233693	291.42844444469284	313.69570579007114	209.06485704343774	259.19822563810925	274.6674053159042	264.6117973385639	254.36605379279757	219.33832557526011	13.0	nogo	raw	L	SPLp
395.7084849539033	272.3717428876177	309.18714490851465	301.04059211341047	306.05383931279266	230.78860092736682	291.3580772142373	313.80975144940993	209.15629176205397	258.7371186722438	274.5653986055934	264.92265961720665	254.45673109161794	218.65303393328284	14.0	nogo	raw	L	SPLp
395.9965072802939	272.3994807308997	309.01773016256567	300.7886393353097	305.6930107266581	230.72948312082946	291.2657833395461	313.7350156473083	209.38635684767803	258.2472917542486	274.59201159656806	265.36683500444144	254.28934919031735	217.91991257385797	15.0	nogo	raw	L	SPLp
396.37734590239603	272.20789914042285	308.8168150831058	300.153811809949	305.1892274252495	230.5133744155476	291.20164377631505	313.32617722435606	209.43798364350837	258.1286449454877	274.3519905431789	265.6271951455964	254.00679953630956	217.89478908615084	16.0	nogo	raw	L	SPLp
0.5574848955738472	0.12519888038122293	0.2957093140227667	-0.32666258544477184	0.023224722006135096	0.3634556444698836	0.3390163651645726	0.7960624712400777	0.14020212441648014	-0.7321926468707397	0.11229627881841775	0.44395477151836893	-0.06359892671141551	-0.6432239548453035	-3.0	nogo	hat	L	SPLp
0.5793194824071002	-0.07415839791649194	-0.12606558243247531	-0.8388450110877076	-0.6673712454383521	0.05074380517231923	0.11910118580515015	0.445805290815701	0.10482618695801514	-0.938388025914189	-0.19927732970674458	0.3360000992702185	-0.34891935479938224	-0.6190012141054236	-2.0	nogo	hat	L	SPLp
0.5105178976622143	-0.17123099254182944	-0.31751372598925903	-0.6825674085579844	-0.8979200505769548	-0.2581932696754791	-0.04438831838033348	0.1646868370263763	0.04146560715354786	-0.7892640457429955	-0.29101069252868933	0.17453157934145896	-0.4053586499070772	0.5783571772404822	-1.0	nogo	hat	L	SPLp
0.3327106222400584	-0.1321400074798193	-0.12993415680665987	-0.15727414810774512	-0.42811971175982216	-0.418599650617599	-0.13706500589544163	-0.05346777065400777	-0.07231130685204806	0.018483529683984458	-0.07251536447156408	-0.08224807623743799	-0.0603444168092962	1.4477165245632502	0.0	nogo	hat	L	SPLp
0.009417344955116628	-0.053422568436750535	0.19404694840965347	0.0833183119848235	0.2384889987719895	-0.2869053007073332	-0.18821895205522365	-0.19457827638698488	-0.18806316903872158	0.980827806434298	0.2061767531327228	-0.328249178370557	0.4069384993495735	1.3242864888240289	1.0	nogo	hat	L	SPLp
-0.3900183694525809	-0.025588353190197026	0.35454760598721324	-0.07531885887271891	0.5379595414218953	0.08045897476377752	-0.22452716208807807	-0.25082865588494274	-0.24985959037828387	1.4617751332863358	0.3118257864277765	-0.4521001517626369	0.6453543275672893	0.7310176249959482	2.0	nogo	hat	L	SPLp
-0.7246178779695108	-0.06549686697378637	0.27876714114548834	-0.42768964780770363	0.36254493765366785	0.4603646691723528	-0.25373214487176016	-0.24190194688224045	-0.24760147317578615	1.3287848605242227	0.21844227426490773	-0.4405861518474978	0.5725960664710074	0.1434938452345512	3.0	nogo	hat	L	SPLp
-0.8963058725703884	-0.14504076434284066	0.05882443921191328	-0.7784889817197898	-0.08877798719475331	0.6598395721487016	-0.27321599456770906	-0.20009640690913286	-0.2052323260139557	0.8187982962800515	0.021305429719686533	-0.34415127313740834	0.3064863441522116	-0.2686229863260425	4.0	nogo	hat	L	SPLp
-0.8969064560676632	-0.23203300415586622	-0.19140335210670556	-1.0439154967668747	-0.5883515088755162	0.6237123087821451	-0.2800983467282303	-0.15215113543761286	-0.150424764509869	0.21991899141225696	-0.18303400494986438	-0.2200768872163611	-0.007740091470194246	-0.5218481786111424	5.0	nogo	hat	L	SPLp
-0.7798895919502249	-0.3083765793416853	-0.4082834456293629	-1.2303648492086408	-1.0167859003293775	0.4087020241726911	-0.2764506338901238	-0.11331005899434765	-0.09974037031689457	-0.2938237822380636	-0.3491184951127932	-0.10531815463784666	-0.28407837464219443	-0.7036586091599579	6.0	nogo	hat	L	SPLp
-0.6156719646253695	-0.36937425691013764	-0.5823217887871361	-1.3902587286578976	-1.360115213768646	0.10783247773435557	-0.27116425287753876	-0.09101663724792602	-0.06016172789270093	-0.6799328606819368	-0.47937279549105166	-0.013919368508447426	-0.5057011915174835	-0.8785435537764347	7.0	nogo	hat	L	SPLp
-0.46060154010095244	-0.397371440507065	-0.6946999325037022	-1.3788019540793874	-1.561712572743966	-0.20123502656135905	-0.2694189272573499	-0.07019322052667418	-0.04262640847758334	-0.8574313792806101	-0.5480979540023772	0.03442841737998425	-0.6428323495216636	-0.340299301949005	8.0	nogo	hat	L	SPLp
-0.35072126194330105	-0.31368610192729635	-0.6133565796468942	-1.011276249420232	-1.3345579289971545	-0.4307070719266789	-0.25761017463704056	-0.04562349557373409	-0.0830297302357376	-0.4346385832337624	-0.4084090919637042	-0.046315030474977405	-0.5025946749954946	0.7226070944809496	9.0	nogo	hat	L	SPLp
-0.3320599608901415	-0.11002684281040262	-0.31807467725207145	-0.2576509029126491	-0.6288016968642328	-0.4421297554252009	-0.17063604033880875	-0.01638323012548614	-0.14823875611282658	0.46193006979865125	-0.07736282221446215	-0.22853100641546173	-0.0846037400241716	1.2974850236432152	10.0	nogo	hat	L	SPLp
-0.3670683847850569	0.2057811440985159	0.1775860200715012	1.147479914617443	0.43571057922152623	-0.19330549812551448	0.13242884869386118	0.18938102311473795	-0.12002339672643625	1.1375137414025747	0.3669912492200574	-0.2751102936869281	0.39111660012488014	1.2980659217785702	11.0	nogo	hat	L	SPLp
-0.2135735114675156	0.5380100906485175	0.7381115283871862	2.230464268151053	1.45779114447855	0.17855190260526813	0.5503638713862206	0.5810768421342907	0.012469195359791735	1.196321200865785	0.8271143528038565	-0.08942729224102344	0.7402612135755315	0.8538378106944786	12.0	nogo	hat	L	SPLp
0.28831581981496174	0.7169595057578135	1.0635916074777223	2.2975686370839763	1.9156402891659905	0.4812645032870295	0.8266639381012114	0.8936433447713952	0.15155692843559498	0.7833670301371599	1.0610554240163708	0.16528214936511593	0.8352385452782657	0.31096108108277765	13.0	nogo	hat	L	SPLp
0.9659248218041748	0.6808420556832175	1.0226390063336597	1.605170354429107	1.68285695931534	0.5961562251328788	0.8420762542511434	0.9484651396581596	0.22453674491692438	0.22390366484782392	0.9607028864087683	0.33186223167809004	0.674854820893019	-0.12204284812796508	14.0	nogo	hat	L	SPLp
1.5011449217795347	0.48878682371309823	0.7087361254031767	0.6768718890544525	1.0133867420020566	0.5135057381152108	0.654924423543601	0.7765894668123259	0.22657217461588847	-0.2598711615133985	0.6218967140442682	0.3734394821508118	0.36627733418646685	-0.4182150832365773	15.0	nogo	hat	L	SPLp
1.703834620114727	0.2359024225139794	0.2842493506580312	-0.16348071457681143	0.21773189301717807	0.29485167334313095	0.3856815686443462	0.5054827007364319	0.1879366019257839	-0.6006983287305864	0.2038916980457357	0.3282204706903876	0.02175898201840193	-0.6581409312018219	16.0	nogo	hat	L	SPLp
1.421180571412121	0.39945046324903344	0.4740574937254571	0.7862663820255756	0.4833556592591603	0.9587760290678431	0.12660352324051807	0.14816358208858707	0.20728358633015892	-0.49464424105230237	0.3124339086448274	0.9150332104692833	0.09306241123400676	-1.1074306991777296	-3.0	nogo	adj	L	SPLp
0.47418731547571397	-0.21396630098264205	-0.13749862896431342	-0.06527031219913114	-0.5271470450146439	0.32294494161541676	0.15547005840541833	-0.3054000290916177	0.12149797569040975	-0.9271048778946201	-0.2069851882504777	0.6149876679777889	-0.5376876424241934	-0.6652398518361125	-2.0	nogo	adj	L	SPLp
0.919903460647561	-0.6382386155992449	-0.5588683939753111	-1.2764022541239388	-1.4997991746197021	-0.26179641352011057	0.052324786453344076	-0.5323259991267081	0.022636783609265614	-0.8064752133525152	-0.7079155640279142	-0.19382602678319324	-0.7056096348267661	-0.09554955461692465	-1.0	nogo	adj	L	SPLp
-0.0508052965516771	-0.6887421686332099	-0.19665742835883782	-1.4585629325562584	-1.6930559812270536	-0.9114840497074123	-0.22209674758377287	-0.802458187795889	-0.09424680106674685	-0.1169345254035569	-0.7874463500369916	-0.7373754270615612	-0.035029454234367145	0.8336112578314957	0.0	nogo	adj	L	SPLp
-0.8125814408953093	-0.6425790382587667	-0.013410344015672598	-1.0684154223112132	-1.8340665933231208	-1.07128345395375	-0.5244099846367668	-1.0297636935384642	-0.24790155284924184	0.06921258827869796	-0.6963066248449075	-1.0947145654072883	0.778903847208628	1.696839667293298	1.0	nogo	adj	L	SPLp
-1.4433898042440985	-0.5546665735417949	-0.4514599264690898	-0.6184216932074468	-1.1398695197599875	-0.7019630597966507	-0.8280611664738404	-1.4237046769529	-0.5240702140149582	-0.18529536897872714	-0.5041460824772479	-1.247748696368956	0.5805855113428697	2.02583853870782	2.0	nogo	adj	L	SPLp
-1.7951179961652801	-0.3894862882339005	-0.5149015241247881	0.33128587907436496	0.2796150771339364	-0.4369010095245321	-1.2342115254063581	-1.1535702676851147	-0.6562918324640505	-0.6364216255900242	-0.2092923626561719	-0.9087620659222775	0.37230846910351784	0.9880282195968838	3.0	nogo	adj	L	SPLp
-1.3044086932058283	-0.08852866244963979	-0.26464291083971636	0.7234403264922536	1.2586058500786497	-0.4011203111237483	-0.8321538568861644	-0.12099969125538741	-0.5207592526728593	-0.6263540684298563	0.06733381445030295	0.15842411717428648	0.05252249268099915	1.018366439151632	4.0	nogo	adj	L	SPLp
-4.032788501115578	0.2711578546179571	-0.06577093323946948	1.1416103168086762	1.2639095031452634	0.44730709574960414	-0.43994969769708525	1.0517600582007782	-0.08838679479076914	-0.43096922921902747	0.5965209784734069	1.0709107786235896	-0.1965826152180183	0.07051496461461208	5.0	nogo	adj	L	SPLp
-1.5049832381929307	0.5966526005983029	0.29888140448459344	0.45781366130369594	0.8649263771019252	1.0075912888217267	0.4997119351533032	1.840099605657724	0.35436676241605153	-0.3726994526007152	0.9395418493771152	1.4233788703027592	-0.10865109937983354	-1.028680873277388	6.0	nogo	adj	L	SPLp
1.0120878701399503	0.7212355718633204	0.04459130661810196	-0.6566149348857865	0.05717599943502525	1.2219097319441328	1.0324338940524538	1.834059165497117	0.550042906919926	-0.5579725747892978	0.8343907337157085	1.3295344028028107	-0.5170691966920978	-0.5192760647132673	7.0	nogo	adj	L	SPLp
1.195331217544847	0.37382096650705304	-0.45619585757862696	-2.119120151126992	-0.8329226876514704	0.9990530307989035	0.7327438604115023	1.0947077744095517	0.3691821877510183	-0.4836631554370098	0.17835528036153125	0.8117909418996031	-0.9827881698815562	-0.3599279096612287	8.0	nogo	adj	L	SPLp
1.702977552833912	-0.03438451681600927	-0.15679824496677616	-2.2720627785026895	-1.33095221253495	0.5914323736250505	0.10661793345165943	0.3108970246250925	0.1483306257785996	0.5715967206267968	-0.33195605541174683	0.38329827410111833	-0.7101442909437099	0.6253653267854187	9.0	nogo	adj	L	SPLp
1.4322218473161776	-0.0037987169635757927	0.5712632399687971	-0.39944314608598036	-0.9144447425158737	0.49750319490492273	0.7030603038839189	-0.6748568493557563	-0.0047897830740100365	1.0588574041237753	0.2025640441613112	0.02500790719448314	-0.2770920936054876	1.5458895077167318	10.0	nogo	adj	L	SPLp
1.4371301092387938	0.41130685878397366	0.5363132777997058	1.426984487751137	0.2103935510413195	0.6693374612481326	0.7392602010812808	-0.9873299108863715	-0.08675292720413974	1.9916301221905044	0.46816976202750127	-0.5598241192360829	0.2788978601833482	2.053043253990961	11.0	nogo	adj	L	SPLp
2.9164149339245906	0.5026029720064926	0.6443607146306867	2.415603034492776	1.8817546447283104	0.6555368489001453	1.2304638662068106	0.6620270622521494	-0.02265196474258812	2.0076354282056323	0.6372122951965077	-0.6203317392916965	0.5087569868154498	1.3149263212663165	12.0	nogo	adj	L	SPLp
2.3795636850952864	0.4891009845153847	0.8530341085309385	2.6706479287741667	2.3883598016250436	0.6125167595716133	0.9647899818142248	1.7137700866329844	-0.04005995958828618	0.8758244825604375	0.6599345865039391	-0.38638857004403815	0.7319117953601845	0.3484321087664579	13.0	nogo	adj	L	SPLp
1.3191199997517675	0.5184782753659748	0.8865628380639218	2.4750885414635992	2.1006031209775413	0.6403898159073574	0.8904357201880158	1.815986815576698	0.08168848779011843	0.17837568165331175	0.5685743493087235	-0.015123874675827738	0.8841069256107529	-0.4348008700045354	14.0	nogo	adj	L	SPLp
1.8808367110710702	0.5986507697083651	0.6780615722260581	2.2599328092103765	1.5821988632575799	0.5795035286243062	0.7875617064275369	1.7216927605838694	0.3774446710843791	-0.5535292025869097	0.7332339124712639	0.532556745545854	0.6762318495479686	-1.4505247744478935	15.0	nogo	adj	L	SPLp
2.9009655410085733	0.3763856071992852	0.4444856861041449	1.4407919734651393	0.9072219761670797	0.22144839848578315	0.7794740405514898	1.1677328926997894	0.44980631199770854	-0.6602961242937728	0.4786579145689003	0.8433188771189347	0.3054706326858965	-1.3715384098677232	16.0	nogo	adj	L	SPLp
